Physical_Start,Physical_End,Classification,Confidence,Producer,Consumer,Proof_ID,Phase,Notes
000000,000003,PROVED_CODE,SOURCE_PROVED,V03C/V04C admitted source graph,V05C static lowering,BYTE-V04C-CONTROL,V04C,Candidate remains non-authoritative; unresolved is not inferred to be data.
000004,00000B,UNRESOLVED,EXPLICIT_UNKNOWN,none,later proof/data classification,PENDING,OPEN,Candidate remains non-authoritative; unresolved is not inferred to be data.
00000C,000057,PROVED_CODE,SOURCE_PROVED,V03C/V04C admitted source graph,V05C static lowering,BYTE-V04C-CONTROL,V04C,Candidate remains non-authoritative; unresolved is not inferred to be data.
000058,000113,CANDIDATE,CANDIDATE_ONLY,V03C decode/candidate graph retained without promotion,later proof/data classification,BYTE-V03C-CANDIDATE,V03C_CANDIDATE,Candidate remains non-authoritative; unresolved is not inferred to be data.
000114,00012F,PROVED_CODE,SOURCE_PROVED,V03C/V04C admitted source graph,V05C static lowering,BYTE-V04C-CONTROL,V04C,Candidate remains non-authoritative; unresolved is not inferred to be data.
000130,000137,CANDIDATE,CANDIDATE_ONLY,V03C decode/candidate graph retained without promotion,later proof/data classification,BYTE-V03C-CANDIDATE,V03C_CANDIDATE,Candidate remains non-authoritative; unresolved is not inferred to be data.
000138,000183,PROVED_CODE,SOURCE_PROVED,V03C/V04C admitted source graph,V05C static lowering,BYTE-V04C-CONTROL,V04C,Candidate remains non-authoritative; unresolved is not inferred to be data.
000184,000189,CANDIDATE,CANDIDATE_ONLY,V03C decode/candidate graph retained without promotion,later proof/data classification,BYTE-V03C-CANDIDATE,V03C_CANDIDATE,Candidate remains non-authoritative; unresolved is not inferred to be data.
00018A,000196,PROVED_CODE,SOURCE_PROVED,V03C/V04C admitted source graph,V05C static lowering,BYTE-V04C-CONTROL,V04C,Candidate remains non-authoritative; unresolved is not inferred to be data.
000197,0001BA,UNRESOLVED,EXPLICIT_UNKNOWN,none,later proof/data classification,PENDING,OPEN,Candidate remains non-authoritative; unresolved is not inferred to be data.
0001BB,0001BF,PROVED_CODE,SOURCE_PROVED,V03C/V04C admitted source graph,V05C static lowering,BYTE-V04C-CONTROL,V04C,Candidate remains non-authoritative; unresolved is not inferred to be data.
0001C0,0001FC,UNRESOLVED,EXPLICIT_UNKNOWN,none,later proof/data classification,PENDING,OPEN,Candidate remains non-authoritative; unresolved is not inferred to be data.
0001FD,000227,PROVED_CODE,SOURCE_PROVED,V03C/V04C admitted source graph,V05C static lowering,BYTE-V04C-CONTROL,V04C,Candidate remains non-authoritative; unresolved is not inferred to be data.
000228,0002F6,UNRESOLVED,EXPLICIT_UNKNOWN,none,later proof/data classification,PENDING,OPEN,Candidate remains non-authoritative; unresolved is not inferred to be data.
0002F7,000317,PROVED_CODE,SOURCE_PROVED,V03C/V04C admitted source graph,V05C static lowering,BYTE-V04C-CONTROL,V04C,Candidate remains non-authoritative; unresolved is not inferred to be data.
000318,00031F,CANDIDATE,CANDIDATE_ONLY,V03C decode/candidate graph retained without promotion,later proof/data classification,BYTE-V03C-CANDIDATE,V03C_CANDIDATE,Candidate remains non-authoritative; unresolved is not inferred to be data.
000320,00033B,PROVED_CODE,SOURCE_PROVED,V03C/V04C admitted source graph,V05C static lowering,BYTE-V04C-CONTROL,V04C,Candidate remains non-authoritative; unresolved is not inferred to be data.
00033C,00035A,UNRESOLVED,EXPLICIT_UNKNOWN,none,later proof/data classification,PENDING,OPEN,Candidate remains non-authoritative; unresolved is not inferred to be data.
00035B,000379,PROVED_CODE,SOURCE_PROVED,V03C/V04C admitted source graph,V05C static lowering,BYTE-V04C-CONTROL,V04C,Candidate remains non-authoritative; unresolved is not inferred to be data.
00037A,00039A,CANDIDATE,CANDIDATE_ONLY,V03C decode/candidate graph retained without promotion,later proof/data classification,BYTE-V03C-CANDIDATE,V03C_CANDIDATE,Candidate remains non-authoritative; unresolved is not inferred to be data.
00039B,0004F6,PROVED_CODE,SOURCE_PROVED,V03C/V04C admitted source graph,V05C static lowering,BYTE-V04C-CONTROL,V04C,Candidate remains non-authoritative; unresolved is not inferred to be data.
0004F7,00050E,UNRESOLVED,EXPLICIT_UNKNOWN,none,later proof/data classification,PENDING,OPEN,Candidate remains non-authoritative; unresolved is not inferred to be data.
00050F,00052B,CANDIDATE,CANDIDATE_ONLY,V03C decode/candidate graph retained without promotion,later proof/data classification,BYTE-V03C-CANDIDATE,V03C_CANDIDATE,Candidate remains non-authoritative; unresolved is not inferred to be data.
00052C,000638,PROVED_CODE,SOURCE_PROVED,V03C/V04C admitted source graph,V05C static lowering,BYTE-V04C-CONTROL,V04C,Candidate remains non-authoritative; unresolved is not inferred to be data.
000639,00087C,UNRESOLVED,EXPLICIT_UNKNOWN,none,later proof/data classification,PENDING,OPEN,Candidate remains non-authoritative; unresolved is not inferred to be data.
00087D,000BEE,CANDIDATE,CANDIDATE_ONLY,V03C decode/candidate graph retained without promotion,later proof/data classification,BYTE-V03C-CANDIDATE,V03C_CANDIDATE,Candidate remains non-authoritative; unresolved is not inferred to be data.
000BEF,000BF8,UNRESOLVED,EXPLICIT_UNKNOWN,none,later proof/data classification,PENDING,OPEN,Candidate remains non-authoritative; unresolved is not inferred to be data.
000BF9,000FED,CANDIDATE,CANDIDATE_ONLY,V03C decode/candidate graph retained without promotion,later proof/data classification,BYTE-V03C-CANDIDATE,V03C_CANDIDATE,Candidate remains non-authoritative; unresolved is not inferred to be data.
000FEE,00105D,UNRESOLVED,EXPLICIT_UNKNOWN,none,later proof/data classification,PENDING,OPEN,Candidate remains non-authoritative; unresolved is not inferred to be data.
00105E,00169F,CANDIDATE,CANDIDATE_ONLY,V03C decode/candidate graph retained without promotion,later proof/data classification,BYTE-V03C-CANDIDATE,V03C_CANDIDATE,Candidate remains non-authoritative; unresolved is not inferred to be data.
0016A0,0018FA,UNRESOLVED,EXPLICIT_UNKNOWN,none,later proof/data classification,PENDING,OPEN,Candidate remains non-authoritative; unresolved is not inferred to be data.
0018FB,0019C8,CANDIDATE,CANDIDATE_ONLY,V03C decode/candidate graph retained without promotion,later proof/data classification,BYTE-V03C-CANDIDATE,V03C_CANDIDATE,Candidate remains non-authoritative; unresolved is not inferred to be data.
0019C9,0019D1,UNRESOLVED,EXPLICIT_UNKNOWN,none,later proof/data classification,PENDING,OPEN,Candidate remains non-authoritative; unresolved is not inferred to be data.
0019D2,001BC9,CANDIDATE,CANDIDATE_ONLY,V03C decode/candidate graph retained without promotion,later proof/data classification,BYTE-V03C-CANDIDATE,V03C_CANDIDATE,Candidate remains non-authoritative; unresolved is not inferred to be data.
001BCA,001BD1,UNRESOLVED,EXPLICIT_UNKNOWN,none,later proof/data classification,PENDING,OPEN,Candidate remains non-authoritative; unresolved is not inferred to be data.
001BD2,001D7F,CANDIDATE,CANDIDATE_ONLY,V03C decode/candidate graph retained without promotion,later proof/data classification,BYTE-V03C-CANDIDATE,V03C_CANDIDATE,Candidate remains non-authoritative; unresolved is not inferred to be data.
001D80,001D9B,UNRESOLVED,EXPLICIT_UNKNOWN,none,later proof/data classification,PENDING,OPEN,Candidate remains non-authoritative; unresolved is not inferred to be data.
001D9C,001F77,CANDIDATE,CANDIDATE_ONLY,V03C decode/candidate graph retained without promotion,later proof/data classification,BYTE-V03C-CANDIDATE,V03C_CANDIDATE,Candidate remains non-authoritative; unresolved is not inferred to be data.
001F78,001F97,UNRESOLVED,EXPLICIT_UNKNOWN,none,later proof/data classification,PENDING,OPEN,Candidate remains non-authoritative; unresolved is not inferred to be data.
001F98,00201D,CANDIDATE,CANDIDATE_ONLY,V03C decode/candidate graph retained without promotion,later proof/data classification,BYTE-V03C-CANDIDATE,V03C_CANDIDATE,Candidate remains non-authoritative; unresolved is not inferred to be data.
00201E,0021F1,UNRESOLVED,EXPLICIT_UNKNOWN,none,later proof/data classification,PENDING,OPEN,Candidate remains non-authoritative; unresolved is not inferred to be data.
0021F2,00227D,PROVED_CODE,SOURCE_PROVED,V03C/V04C admitted source graph,V05C static lowering,BYTE-V04C-CONTROL,V04C,Candidate remains non-authoritative; unresolved is not inferred to be data.
00227E,0022DA,CANDIDATE,CANDIDATE_ONLY,V03C decode/candidate graph retained without promotion,later proof/data classification,BYTE-V03C-CANDIDATE,V03C_CANDIDATE,Candidate remains non-authoritative; unresolved is not inferred to be data.
0022DB,002394,PROVED_CODE,SOURCE_PROVED,V03C/V04C admitted source graph,V05C static lowering,BYTE-V04C-CONTROL,V04C,Candidate remains non-authoritative; unresolved is not inferred to be data.
002395,00239F,CANDIDATE,CANDIDATE_ONLY,V03C decode/candidate graph retained without promotion,later proof/data classification,BYTE-V03C-CANDIDATE,V03C_CANDIDATE,Candidate remains non-authoritative; unresolved is not inferred to be data.
0023A0,0023C7,PROVED_CODE,SOURCE_PROVED,V03C/V04C admitted source graph,V05C static lowering,BYTE-V04C-CONTROL,V04C,Candidate remains non-authoritative; unresolved is not inferred to be data.
0023C8,0023E9,UNRESOLVED,EXPLICIT_UNKNOWN,none,later proof/data classification,PENDING,OPEN,Candidate remains non-authoritative; unresolved is not inferred to be data.
0023EA,00244B,PROVED_CODE,SOURCE_PROVED,V03C/V04C admitted source graph,V05C static lowering,BYTE-V04C-CONTROL,V04C,Candidate remains non-authoritative; unresolved is not inferred to be data.
00244C,002453,UNRESOLVED,EXPLICIT_UNKNOWN,none,later proof/data classification,PENDING,OPEN,Candidate remains non-authoritative; unresolved is not inferred to be data.
002454,00248B,CANDIDATE,CANDIDATE_ONLY,V03C decode/candidate graph retained without promotion,later proof/data classification,BYTE-V03C-CANDIDATE,V03C_CANDIDATE,Candidate remains non-authoritative; unresolved is not inferred to be data.
00248C,0024B3,UNRESOLVED,EXPLICIT_UNKNOWN,none,later proof/data classification,PENDING,OPEN,Candidate remains non-authoritative; unresolved is not inferred to be data.
0024B4,002573,CANDIDATE,CANDIDATE_ONLY,V03C decode/candidate graph retained without promotion,later proof/data classification,BYTE-V03C-CANDIDATE,V03C_CANDIDATE,Candidate remains non-authoritative; unresolved is not inferred to be data.
002574,0025AC,UNRESOLVED,EXPLICIT_UNKNOWN,none,later proof/data classification,PENDING,OPEN,Candidate remains non-authoritative; unresolved is not inferred to be data.
0025AD,0025CF,CANDIDATE,CANDIDATE_ONLY,V03C decode/candidate graph retained without promotion,later proof/data classification,BYTE-V03C-CANDIDATE,V03C_CANDIDATE,Candidate remains non-authoritative; unresolved is not inferred to be data.
0025D0,002BC1,UNRESOLVED,EXPLICIT_UNKNOWN,none,later proof/data classification,PENDING,OPEN,Candidate remains non-authoritative; unresolved is not inferred to be data.
002BC2,002BD0,CANDIDATE,CANDIDATE_ONLY,V03C decode/candidate graph retained without promotion,later proof/data classification,BYTE-V03C-CANDIDATE,V03C_CANDIDATE,Candidate remains non-authoritative; unresolved is not inferred to be data.
002BD1,002F4B,UNRESOLVED,EXPLICIT_UNKNOWN,none,later proof/data classification,PENDING,OPEN,Candidate remains non-authoritative; unresolved is not inferred to be data.
002F4C,00334D,CANDIDATE,CANDIDATE_ONLY,V03C decode/candidate graph retained without promotion,later proof/data classification,BYTE-V03C-CANDIDATE,V03C_CANDIDATE,Candidate remains non-authoritative; unresolved is not inferred to be data.
00334E,003355,UNRESOLVED,EXPLICIT_UNKNOWN,none,later proof/data classification,PENDING,OPEN,Candidate remains non-authoritative; unresolved is not inferred to be data.
003356,003569,CANDIDATE,CANDIDATE_ONLY,V03C decode/candidate graph retained without promotion,later proof/data classification,BYTE-V03C-CANDIDATE,V03C_CANDIDATE,Candidate remains non-authoritative; unresolved is not inferred to be data.
00356A,0035DF,UNRESOLVED,EXPLICIT_UNKNOWN,none,later proof/data classification,PENDING,OPEN,Candidate remains non-authoritative; unresolved is not inferred to be data.
0035E0,0037AF,CANDIDATE,CANDIDATE_ONLY,V03C decode/candidate graph retained without promotion,later proof/data classification,BYTE-V03C-CANDIDATE,V03C_CANDIDATE,Candidate remains non-authoritative; unresolved is not inferred to be data.
0037B0,003960,UNRESOLVED,EXPLICIT_UNKNOWN,none,later proof/data classification,PENDING,OPEN,Candidate remains non-authoritative; unresolved is not inferred to be data.
003961,003D54,CANDIDATE,CANDIDATE_ONLY,V03C decode/candidate graph retained without promotion,later proof/data classification,BYTE-V03C-CANDIDATE,V03C_CANDIDATE,Candidate remains non-authoritative; unresolved is not inferred to be data.
003D55,004038,UNRESOLVED,EXPLICIT_UNKNOWN,none,later proof/data classification,PENDING,OPEN,Candidate remains non-authoritative; unresolved is not inferred to be data.
004039,004065,CANDIDATE,CANDIDATE_ONLY,V03C decode/candidate graph retained without promotion,later proof/data classification,BYTE-V03C-CANDIDATE,V03C_CANDIDATE,Candidate remains non-authoritative; unresolved is not inferred to be data.
004066,004076,PROVED_CODE,SOURCE_PROVED,V03C/V04C admitted source graph,V05C static lowering,BYTE-V04C-CONTROL,V04C,Candidate remains non-authoritative; unresolved is not inferred to be data.
004077,0042F3,CANDIDATE,CANDIDATE_ONLY,V03C decode/candidate graph retained without promotion,later proof/data classification,BYTE-V03C-CANDIDATE,V03C_CANDIDATE,Candidate remains non-authoritative; unresolved is not inferred to be data.
0042F4,004319,PROVED_CODE,SOURCE_PROVED,V03C/V04C admitted source graph,V05C static lowering,BYTE-V04C-CONTROL,V04C,Candidate remains non-authoritative; unresolved is not inferred to be data.
00431A,00435B,UNRESOLVED,EXPLICIT_UNKNOWN,none,later proof/data classification,PENDING,OPEN,Candidate remains non-authoritative; unresolved is not inferred to be data.
00435C,0045F9,CANDIDATE,CANDIDATE_ONLY,V03C decode/candidate graph retained without promotion,later proof/data classification,BYTE-V03C-CANDIDATE,V03C_CANDIDATE,Candidate remains non-authoritative; unresolved is not inferred to be data.
0045FA,004661,UNRESOLVED,EXPLICIT_UNKNOWN,none,later proof/data classification,PENDING,OPEN,Candidate remains non-authoritative; unresolved is not inferred to be data.
004662,00494D,CANDIDATE,CANDIDATE_ONLY,V03C decode/candidate graph retained without promotion,later proof/data classification,BYTE-V03C-CANDIDATE,V03C_CANDIDATE,Candidate remains non-authoritative; unresolved is not inferred to be data.
00494E,004951,UNRESOLVED,EXPLICIT_UNKNOWN,none,later proof/data classification,PENDING,OPEN,Candidate remains non-authoritative; unresolved is not inferred to be data.
004952,004C78,CANDIDATE,CANDIDATE_ONLY,V03C decode/candidate graph retained without promotion,later proof/data classification,BYTE-V03C-CANDIDATE,V03C_CANDIDATE,Candidate remains non-authoritative; unresolved is not inferred to be data.
004C79,004C98,UNRESOLVED,EXPLICIT_UNKNOWN,none,later proof/data classification,PENDING,OPEN,Candidate remains non-authoritative; unresolved is not inferred to be data.
004C99,004D15,CANDIDATE,CANDIDATE_ONLY,V03C decode/candidate graph retained without promotion,later proof/data classification,BYTE-V03C-CANDIDATE,V03C_CANDIDATE,Candidate remains non-authoritative; unresolved is not inferred to be data.
004D16,004D41,UNRESOLVED,EXPLICIT_UNKNOWN,none,later proof/data classification,PENDING,OPEN,Candidate remains non-authoritative; unresolved is not inferred to be data.
004D42,004E0B,CANDIDATE,CANDIDATE_ONLY,V03C decode/candidate graph retained without promotion,later proof/data classification,BYTE-V03C-CANDIDATE,V03C_CANDIDATE,Candidate remains non-authoritative; unresolved is not inferred to be data.
004E0C,004E0F,UNRESOLVED,EXPLICIT_UNKNOWN,none,later proof/data classification,PENDING,OPEN,Candidate remains non-authoritative; unresolved is not inferred to be data.
004E10,0051DE,CANDIDATE,CANDIDATE_ONLY,V03C decode/candidate graph retained without promotion,later proof/data classification,BYTE-V03C-CANDIDATE,V03C_CANDIDATE,Candidate remains non-authoritative; unresolved is not inferred to be data.
0051DF,005215,UNRESOLVED,EXPLICIT_UNKNOWN,none,later proof/data classification,PENDING,OPEN,Candidate remains non-authoritative; unresolved is not inferred to be data.
005216,0055FC,CANDIDATE,CANDIDATE_ONLY,V03C decode/candidate graph retained without promotion,later proof/data classification,BYTE-V03C-CANDIDATE,V03C_CANDIDATE,Candidate remains non-authoritative; unresolved is not inferred to be data.
0055FD,0055FE,UNRESOLVED,EXPLICIT_UNKNOWN,none,later proof/data classification,PENDING,OPEN,Candidate remains non-authoritative; unresolved is not inferred to be data.
0055FF,00560A,CANDIDATE,CANDIDATE_ONLY,V03C decode/candidate graph retained without promotion,later proof/data classification,BYTE-V03C-CANDIDATE,V03C_CANDIDATE,Candidate remains non-authoritative; unresolved is not inferred to be data.
00560B,00560C,UNRESOLVED,EXPLICIT_UNKNOWN,none,later proof/data classification,PENDING,OPEN,Candidate remains non-authoritative; unresolved is not inferred to be data.
00560D,00578C,CANDIDATE,CANDIDATE_ONLY,V03C decode/candidate graph retained without promotion,later proof/data classification,BYTE-V03C-CANDIDATE,V03C_CANDIDATE,Candidate remains non-authoritative; unresolved is not inferred to be data.
00578D,005C25,UNRESOLVED,EXPLICIT_UNKNOWN,none,later proof/data classification,PENDING,OPEN,Candidate remains non-authoritative; unresolved is not inferred to be data.
005C26,005CFD,CANDIDATE,CANDIDATE_ONLY,V03C decode/candidate graph retained without promotion,later proof/data classification,BYTE-V03C-CANDIDATE,V03C_CANDIDATE,Candidate remains non-authoritative; unresolved is not inferred to be data.
005CFE,005D32,UNRESOLVED,EXPLICIT_UNKNOWN,none,later proof/data classification,PENDING,OPEN,Candidate remains non-authoritative; unresolved is not inferred to be data.
005D33,00638E,CANDIDATE,CANDIDATE_ONLY,V03C decode/candidate graph retained without promotion,later proof/data classification,BYTE-V03C-CANDIDATE,V03C_CANDIDATE,Candidate remains non-authoritative; unresolved is not inferred to be data.
00638F,0063A2,UNRESOLVED,EXPLICIT_UNKNOWN,none,later proof/data classification,PENDING,OPEN,Candidate remains non-authoritative; unresolved is not inferred to be data.
0063A3,006573,CANDIDATE,CANDIDATE_ONLY,V03C decode/candidate graph retained without promotion,later proof/data classification,BYTE-V03C-CANDIDATE,V03C_CANDIDATE,Candidate remains non-authoritative; unresolved is not inferred to be data.
006574,0065B9,UNRESOLVED,EXPLICIT_UNKNOWN,none,later proof/data classification,PENDING,OPEN,Candidate remains non-authoritative; unresolved is not inferred to be data.
0065BA,006B56,CANDIDATE,CANDIDATE_ONLY,V03C decode/candidate graph retained without promotion,later proof/data classification,BYTE-V03C-CANDIDATE,V03C_CANDIDATE,Candidate remains non-authoritative; unresolved is not inferred to be data.
006B57,006C0F,UNRESOLVED,EXPLICIT_UNKNOWN,none,later proof/data classification,PENDING,OPEN,Candidate remains non-authoritative; unresolved is not inferred to be data.
006C10,006F0D,CANDIDATE,CANDIDATE_ONLY,V03C decode/candidate graph retained without promotion,later proof/data classification,BYTE-V03C-CANDIDATE,V03C_CANDIDATE,Candidate remains non-authoritative; unresolved is not inferred to be data.
006F0E,006FC6,UNRESOLVED,EXPLICIT_UNKNOWN,none,later proof/data classification,PENDING,OPEN,Candidate remains non-authoritative; unresolved is not inferred to be data.
006FC7,006FCD,CANDIDATE,CANDIDATE_ONLY,V03C decode/candidate graph retained without promotion,later proof/data classification,BYTE-V03C-CANDIDATE,V03C_CANDIDATE,Candidate remains non-authoritative; unresolved is not inferred to be data.
006FCE,007013,UNRESOLVED,EXPLICIT_UNKNOWN,none,later proof/data classification,PENDING,OPEN,Candidate remains non-authoritative; unresolved is not inferred to be data.
007014,00737F,CANDIDATE,CANDIDATE_ONLY,V03C decode/candidate graph retained without promotion,later proof/data classification,BYTE-V03C-CANDIDATE,V03C_CANDIDATE,Candidate remains non-authoritative; unresolved is not inferred to be data.
007380,007438,UNRESOLVED,EXPLICIT_UNKNOWN,none,later proof/data classification,PENDING,OPEN,Candidate remains non-authoritative; unresolved is not inferred to be data.
007439,007736,CANDIDATE,CANDIDATE_ONLY,V03C decode/candidate graph retained without promotion,later proof/data classification,BYTE-V03C-CANDIDATE,V03C_CANDIDATE,Candidate remains non-authoritative; unresolved is not inferred to be data.
007737,0077EF,UNRESOLVED,EXPLICIT_UNKNOWN,none,later proof/data classification,PENDING,OPEN,Candidate remains non-authoritative; unresolved is not inferred to be data.
0077F0,00786C,CANDIDATE,CANDIDATE_ONLY,V03C decode/candidate graph retained without promotion,later proof/data classification,BYTE-V03C-CANDIDATE,V03C_CANDIDATE,Candidate remains non-authoritative; unresolved is not inferred to be data.
00786D,0078AC,UNRESOLVED,EXPLICIT_UNKNOWN,none,later proof/data classification,PENDING,OPEN,Candidate remains non-authoritative; unresolved is not inferred to be data.
0078AD,0078D1,CANDIDATE,CANDIDATE_ONLY,V03C decode/candidate graph retained without promotion,later proof/data classification,BYTE-V03C-CANDIDATE,V03C_CANDIDATE,Candidate remains non-authoritative; unresolved is not inferred to be data.
0078D2,0078DA,UNRESOLVED,EXPLICIT_UNKNOWN,none,later proof/data classification,PENDING,OPEN,Candidate remains non-authoritative; unresolved is not inferred to be data.
0078DB,0078FF,PROVED_CODE,SOURCE_PROVED,V03C/V04C admitted source graph,V05C static lowering,BYTE-V04C-CONTROL,V04C,Candidate remains non-authoritative; unresolved is not inferred to be data.
007900,007903,CANDIDATE,CANDIDATE_ONLY,V03C decode/candidate graph retained without promotion,later proof/data classification,BYTE-V03C-CANDIDATE,V03C_CANDIDATE,Candidate remains non-authoritative; unresolved is not inferred to be data.
007904,007918,PROVED_CODE,SOURCE_PROVED,V03C/V04C admitted source graph,V05C static lowering,BYTE-V04C-CONTROL,V04C,Candidate remains non-authoritative; unresolved is not inferred to be data.
007919,00791C,UNRESOLVED,EXPLICIT_UNKNOWN,none,later proof/data classification,PENDING,OPEN,Candidate remains non-authoritative; unresolved is not inferred to be data.
00791D,007925,CANDIDATE,CANDIDATE_ONLY,V03C decode/candidate graph retained without promotion,later proof/data classification,BYTE-V03C-CANDIDATE,V03C_CANDIDATE,Candidate remains non-authoritative; unresolved is not inferred to be data.
007926,00793F,PROVED_CODE,SOURCE_PROVED,V03C/V04C admitted source graph,V05C static lowering,BYTE-V04C-CONTROL,V04C,Candidate remains non-authoritative; unresolved is not inferred to be data.
007940,00797A,CANDIDATE,CANDIDATE_ONLY,V03C decode/candidate graph retained without promotion,later proof/data classification,BYTE-V03C-CANDIDATE,V03C_CANDIDATE,Candidate remains non-authoritative; unresolved is not inferred to be data.
00797B,007997,PROVED_CODE,SOURCE_PROVED,V03C/V04C admitted source graph,V05C static lowering,BYTE-V04C-CONTROL,V04C,Candidate remains non-authoritative; unresolved is not inferred to be data.
007998,0079A4,CANDIDATE,CANDIDATE_ONLY,V03C decode/candidate graph retained without promotion,later proof/data classification,BYTE-V03C-CANDIDATE,V03C_CANDIDATE,Candidate remains non-authoritative; unresolved is not inferred to be data.
0079A5,0079AC,UNRESOLVED,EXPLICIT_UNKNOWN,none,later proof/data classification,PENDING,OPEN,Candidate remains non-authoritative; unresolved is not inferred to be data.
0079AD,0079C1,CANDIDATE,CANDIDATE_ONLY,V03C decode/candidate graph retained without promotion,later proof/data classification,BYTE-V03C-CANDIDATE,V03C_CANDIDATE,Candidate remains non-authoritative; unresolved is not inferred to be data.
0079C2,0079F1,PROVED_CODE,SOURCE_PROVED,V03C/V04C admitted source graph,V05C static lowering,BYTE-V04C-CONTROL,V04C,Candidate remains non-authoritative; unresolved is not inferred to be data.
0079F2,0079F5,CANDIDATE,CANDIDATE_ONLY,V03C decode/candidate graph retained without promotion,later proof/data classification,BYTE-V03C-CANDIDATE,V03C_CANDIDATE,Candidate remains non-authoritative; unresolved is not inferred to be data.
0079F6,007B47,PROVED_CODE,SOURCE_PROVED,V03C/V04C admitted source graph,V05C static lowering,BYTE-V04C-CONTROL,V04C,Candidate remains non-authoritative; unresolved is not inferred to be data.
007B48,007B51,CANDIDATE,CANDIDATE_ONLY,V03C decode/candidate graph retained without promotion,later proof/data classification,BYTE-V03C-CANDIDATE,V03C_CANDIDATE,Candidate remains non-authoritative; unresolved is not inferred to be data.
007B52,007B5B,PROVED_CODE,SOURCE_PROVED,V03C/V04C admitted source graph,V05C static lowering,BYTE-V04C-CONTROL,V04C,Candidate remains non-authoritative; unresolved is not inferred to be data.
007B5C,007C28,CANDIDATE,CANDIDATE_ONLY,V03C decode/candidate graph retained without promotion,later proof/data classification,BYTE-V03C-CANDIDATE,V03C_CANDIDATE,Candidate remains non-authoritative; unresolved is not inferred to be data.
007C29,007CBF,UNRESOLVED,EXPLICIT_UNKNOWN,none,later proof/data classification,PENDING,OPEN,Candidate remains non-authoritative; unresolved is not inferred to be data.
007CC0,007CED,CANDIDATE,CANDIDATE_ONLY,V03C decode/candidate graph retained without promotion,later proof/data classification,BYTE-V03C-CANDIDATE,V03C_CANDIDATE,Candidate remains non-authoritative; unresolved is not inferred to be data.
007CEE,007CFE,UNRESOLVED,EXPLICIT_UNKNOWN,none,later proof/data classification,PENDING,OPEN,Candidate remains non-authoritative; unresolved is not inferred to be data.
007CFF,007E5B,CANDIDATE,CANDIDATE_ONLY,V03C decode/candidate graph retained without promotion,later proof/data classification,BYTE-V03C-CANDIDATE,V03C_CANDIDATE,Candidate remains non-authoritative; unresolved is not inferred to be data.
007E5C,007E7D,UNRESOLVED,EXPLICIT_UNKNOWN,none,later proof/data classification,PENDING,OPEN,Candidate remains non-authoritative; unresolved is not inferred to be data.
007E7E,007EFF,CANDIDATE,CANDIDATE_ONLY,V03C decode/candidate graph retained without promotion,later proof/data classification,BYTE-V03C-CANDIDATE,V03C_CANDIDATE,Candidate remains non-authoritative; unresolved is not inferred to be data.
007F00,007F05,UNRESOLVED,EXPLICIT_UNKNOWN,none,later proof/data classification,PENDING,OPEN,Candidate remains non-authoritative; unresolved is not inferred to be data.
007F06,007F26,CANDIDATE,CANDIDATE_ONLY,V03C decode/candidate graph retained without promotion,later proof/data classification,BYTE-V03C-CANDIDATE,V03C_CANDIDATE,Candidate remains non-authoritative; unresolved is not inferred to be data.
007F27,007FBF,UNRESOLVED,EXPLICIT_UNKNOWN,none,later proof/data classification,PENDING,OPEN,Candidate remains non-authoritative; unresolved is not inferred to be data.
007FC0,007FFF,HEADER_VECTOR,SOURCE_PROVED,V01C exact header/vector proof,later proof/data classification,BYTE-V01C-HEADER-VECTORS,V01C,Candidate remains non-authoritative; unresolved is not inferred to be data.
008000,00809B,CANDIDATE,CANDIDATE_ONLY,V03C decode/candidate graph retained without promotion,later proof/data classification,BYTE-V03C-CANDIDATE,V03C_CANDIDATE,Candidate remains non-authoritative; unresolved is not inferred to be data.
00809C,00895D,UNRESOLVED,EXPLICIT_UNKNOWN,none,later proof/data classification,PENDING,OPEN,Candidate remains non-authoritative; unresolved is not inferred to be data.
00895E,008AB7,CANDIDATE,CANDIDATE_ONLY,V03C decode/candidate graph retained without promotion,later proof/data classification,BYTE-V03C-CANDIDATE,V03C_CANDIDATE,Candidate remains non-authoritative; unresolved is not inferred to be data.
008AB8,008B47,UNRESOLVED,EXPLICIT_UNKNOWN,none,later proof/data classification,PENDING,OPEN,Candidate remains non-authoritative; unresolved is not inferred to be data.
008B48,008C5A,CANDIDATE,CANDIDATE_ONLY,V03C decode/candidate graph retained without promotion,later proof/data classification,BYTE-V03C-CANDIDATE,V03C_CANDIDATE,Candidate remains non-authoritative; unresolved is not inferred to be data.
008C5B,008C6B,UNRESOLVED,EXPLICIT_UNKNOWN,none,later proof/data classification,PENDING,OPEN,Candidate remains non-authoritative; unresolved is not inferred to be data.
008C6C,009137,CANDIDATE,CANDIDATE_ONLY,V03C decode/candidate graph retained without promotion,later proof/data classification,BYTE-V03C-CANDIDATE,V03C_CANDIDATE,Candidate remains non-authoritative; unresolved is not inferred to be data.
009138,009C3D,UNRESOLVED,EXPLICIT_UNKNOWN,none,later proof/data classification,PENDING,OPEN,Candidate remains non-authoritative; unresolved is not inferred to be data.
009C3E,009C45,CANDIDATE,CANDIDATE_ONLY,V03C decode/candidate graph retained without promotion,later proof/data classification,BYTE-V03C-CANDIDATE,V03C_CANDIDATE,Candidate remains non-authoritative; unresolved is not inferred to be data.
009C46,009C7F,PROVED_CODE,SOURCE_PROVED,V03C/V04C admitted source graph,V05C static lowering,BYTE-V04C-CONTROL,V04C,Candidate remains non-authoritative; unresolved is not inferred to be data.
009C80,009C8B,CANDIDATE,CANDIDATE_ONLY,V03C decode/candidate graph retained without promotion,later proof/data classification,BYTE-V03C-CANDIDATE,V03C_CANDIDATE,Candidate remains non-authoritative; unresolved is not inferred to be data.
009C8C,009CAD,PROVED_CODE,SOURCE_PROVED,V03C/V04C admitted source graph,V05C static lowering,BYTE-V04C-CONTROL,V04C,Candidate remains non-authoritative; unresolved is not inferred to be data.
009CAE,009CB5,CANDIDATE,CANDIDATE_ONLY,V03C decode/candidate graph retained without promotion,later proof/data classification,BYTE-V03C-CANDIDATE,V03C_CANDIDATE,Candidate remains non-authoritative; unresolved is not inferred to be data.
009CB6,009CF1,PROVED_CODE,SOURCE_PROVED,V03C/V04C admitted source graph,V05C static lowering,BYTE-V04C-CONTROL,V04C,Candidate remains non-authoritative; unresolved is not inferred to be data.
009CF2,009D3F,CANDIDATE,CANDIDATE_ONLY,V03C decode/candidate graph retained without promotion,later proof/data classification,BYTE-V03C-CANDIDATE,V03C_CANDIDATE,Candidate remains non-authoritative; unresolved is not inferred to be data.
009D40,009D69,PROVED_CODE,SOURCE_PROVED,V03C/V04C admitted source graph,V05C static lowering,BYTE-V04C-CONTROL,V04C,Candidate remains non-authoritative; unresolved is not inferred to be data.
009D6A,009D71,CANDIDATE,CANDIDATE_ONLY,V03C decode/candidate graph retained without promotion,later proof/data classification,BYTE-V03C-CANDIDATE,V03C_CANDIDATE,Candidate remains non-authoritative; unresolved is not inferred to be data.
009D72,009DA8,PROVED_CODE,SOURCE_PROVED,V03C/V04C admitted source graph,V05C static lowering,BYTE-V04C-CONTROL,V04C,Candidate remains non-authoritative; unresolved is not inferred to be data.
009DA9,009DB0,CANDIDATE,CANDIDATE_ONLY,V03C decode/candidate graph retained without promotion,later proof/data classification,BYTE-V03C-CANDIDATE,V03C_CANDIDATE,Candidate remains non-authoritative; unresolved is not inferred to be data.
009DB1,009ED6,PROVED_CODE,SOURCE_PROVED,V03C/V04C admitted source graph,V05C static lowering,BYTE-V04C-CONTROL,V04C,Candidate remains non-authoritative; unresolved is not inferred to be data.
009ED7,009EDA,UNRESOLVED,EXPLICIT_UNKNOWN,none,later proof/data classification,PENDING,OPEN,Candidate remains non-authoritative; unresolved is not inferred to be data.
009EDB,009F5B,CANDIDATE,CANDIDATE_ONLY,V03C decode/candidate graph retained without promotion,later proof/data classification,BYTE-V03C-CANDIDATE,V03C_CANDIDATE,Candidate remains non-authoritative; unresolved is not inferred to be data.
009F5C,009FDC,PROVED_CODE,SOURCE_PROVED,V03C/V04C admitted source graph,V05C static lowering,BYTE-V04C-CONTROL,V04C,Candidate remains non-authoritative; unresolved is not inferred to be data.
009FDD,009FE5,UNRESOLVED,EXPLICIT_UNKNOWN,none,later proof/data classification,PENDING,OPEN,Candidate remains non-authoritative; unresolved is not inferred to be data.
009FE6,009FEE,PROVED_CODE,SOURCE_PROVED,V03C/V04C admitted source graph,V05C static lowering,BYTE-V04C-CONTROL,V04C,Candidate remains non-authoritative; unresolved is not inferred to be data.
009FEF,009FF7,UNRESOLVED,EXPLICIT_UNKNOWN,none,later proof/data classification,PENDING,OPEN,Candidate remains non-authoritative; unresolved is not inferred to be data.
009FF8,00A024,PROVED_CODE,SOURCE_PROVED,V03C/V04C admitted source graph,V05C static lowering,BYTE-V04C-CONTROL,V04C,Candidate remains non-authoritative; unresolved is not inferred to be data.
00A025,00A042,CANDIDATE,CANDIDATE_ONLY,V03C decode/candidate graph retained without promotion,later proof/data classification,BYTE-V03C-CANDIDATE,V03C_CANDIDATE,Candidate remains non-authoritative; unresolved is not inferred to be data.
00A043,00A056,UNRESOLVED,EXPLICIT_UNKNOWN,none,later proof/data classification,PENDING,OPEN,Candidate remains non-authoritative; unresolved is not inferred to be data.
00A057,00A061,PROVED_CODE,SOURCE_PROVED,V03C/V04C admitted source graph,V05C static lowering,BYTE-V04C-CONTROL,V04C,Candidate remains non-authoritative; unresolved is not inferred to be data.
00A062,00A556,UNRESOLVED,EXPLICIT_UNKNOWN,none,later proof/data classification,PENDING,OPEN,Candidate remains non-authoritative; unresolved is not inferred to be data.
00A557,00A583,PROVED_CODE,SOURCE_PROVED,V03C/V04C admitted source graph,V05C static lowering,BYTE-V04C-CONTROL,V04C,Candidate remains non-authoritative; unresolved is not inferred to be data.
00A584,00A669,CANDIDATE,CANDIDATE_ONLY,V03C decode/candidate graph retained without promotion,later proof/data classification,BYTE-V03C-CANDIDATE,V03C_CANDIDATE,Candidate remains non-authoritative; unresolved is not inferred to be data.
00A66A,00A726,UNRESOLVED,EXPLICIT_UNKNOWN,none,later proof/data classification,PENDING,OPEN,Candidate remains non-authoritative; unresolved is not inferred to be data.
00A727,00A74F,CANDIDATE,CANDIDATE_ONLY,V03C decode/candidate graph retained without promotion,later proof/data classification,BYTE-V03C-CANDIDATE,V03C_CANDIDATE,Candidate remains non-authoritative; unresolved is not inferred to be data.
00A750,00A764,PROVED_CODE,SOURCE_PROVED,V03C/V04C admitted source graph,V05C static lowering,BYTE-V04C-CONTROL,V04C,Candidate remains non-authoritative; unresolved is not inferred to be data.
00A765,00A81C,CANDIDATE,CANDIDATE_ONLY,V03C decode/candidate graph retained without promotion,later proof/data classification,BYTE-V03C-CANDIDATE,V03C_CANDIDATE,Candidate remains non-authoritative; unresolved is not inferred to be data.
00A81D,00A834,UNRESOLVED,EXPLICIT_UNKNOWN,none,later proof/data classification,PENDING,OPEN,Candidate remains non-authoritative; unresolved is not inferred to be data.
00A835,00A86C,CANDIDATE,CANDIDATE_ONLY,V03C decode/candidate graph retained without promotion,later proof/data classification,BYTE-V03C-CANDIDATE,V03C_CANDIDATE,Candidate remains non-authoritative; unresolved is not inferred to be data.
00A86D,00A9D6,UNRESOLVED,EXPLICIT_UNKNOWN,none,later proof/data classification,PENDING,OPEN,Candidate remains non-authoritative; unresolved is not inferred to be data.
00A9D7,00AA10,CANDIDATE,CANDIDATE_ONLY,V03C decode/candidate graph retained without promotion,later proof/data classification,BYTE-V03C-CANDIDATE,V03C_CANDIDATE,Candidate remains non-authoritative; unresolved is not inferred to be data.
00AA11,00ABBB,UNRESOLVED,EXPLICIT_UNKNOWN,none,later proof/data classification,PENDING,OPEN,Candidate remains non-authoritative; unresolved is not inferred to be data.
00ABBC,00ABEC,CANDIDATE,CANDIDATE_ONLY,V03C decode/candidate graph retained without promotion,later proof/data classification,BYTE-V03C-CANDIDATE,V03C_CANDIDATE,Candidate remains non-authoritative; unresolved is not inferred to be data.
00ABED,00AC3F,UNRESOLVED,EXPLICIT_UNKNOWN,none,later proof/data classification,PENDING,OPEN,Candidate remains non-authoritative; unresolved is not inferred to be data.
00AC40,00AC45,PROVED_CODE,SOURCE_PROVED,V03C/V04C admitted source graph,V05C static lowering,BYTE-V04C-CONTROL,V04C,Candidate remains non-authoritative; unresolved is not inferred to be data.
00AC46,00AC47,CANDIDATE,CANDIDATE_ONLY,V03C decode/candidate graph retained without promotion,later proof/data classification,BYTE-V03C-CANDIDATE,V03C_CANDIDATE,Candidate remains non-authoritative; unresolved is not inferred to be data.
00AC48,00AC9E,PROVED_CODE,SOURCE_PROVED,V03C/V04C admitted source graph,V05C static lowering,BYTE-V04C-CONTROL,V04C,Candidate remains non-authoritative; unresolved is not inferred to be data.
00AC9F,00ACE3,CANDIDATE,CANDIDATE_ONLY,V03C decode/candidate graph retained without promotion,later proof/data classification,BYTE-V03C-CANDIDATE,V03C_CANDIDATE,Candidate remains non-authoritative; unresolved is not inferred to be data.
00ACE4,00AD20,PROVED_CODE,SOURCE_PROVED,V03C/V04C admitted source graph,V05C static lowering,BYTE-V04C-CONTROL,V04C,Candidate remains non-authoritative; unresolved is not inferred to be data.
00AD21,00AD28,UNRESOLVED,EXPLICIT_UNKNOWN,none,later proof/data classification,PENDING,OPEN,Candidate remains non-authoritative; unresolved is not inferred to be data.
00AD29,00AD37,PROVED_CODE,SOURCE_PROVED,V03C/V04C admitted source graph,V05C static lowering,BYTE-V04C-CONTROL,V04C,Candidate remains non-authoritative; unresolved is not inferred to be data.
00AD38,00AD73,CANDIDATE,CANDIDATE_ONLY,V03C decode/candidate graph retained without promotion,later proof/data classification,BYTE-V03C-CANDIDATE,V03C_CANDIDATE,Candidate remains non-authoritative; unresolved is not inferred to be data.
00AD74,00AD74,PROVED_CODE,SOURCE_PROVED,V03C/V04C admitted source graph,V05C static lowering,BYTE-V04C-CONTROL,V04C,Candidate remains non-authoritative; unresolved is not inferred to be data.
00AD75,00ADA5,CANDIDATE,CANDIDATE_ONLY,V03C decode/candidate graph retained without promotion,later proof/data classification,BYTE-V03C-CANDIDATE,V03C_CANDIDATE,Candidate remains non-authoritative; unresolved is not inferred to be data.
00ADA6,00AF0B,PROVED_CODE,SOURCE_PROVED,V03C/V04C admitted source graph,V05C static lowering,BYTE-V04C-CONTROL,V04C,Candidate remains non-authoritative; unresolved is not inferred to be data.
00AF0C,00AF2E,UNRESOLVED,EXPLICIT_UNKNOWN,none,later proof/data classification,PENDING,OPEN,Candidate remains non-authoritative; unresolved is not inferred to be data.
00AF2F,00AF94,PROVED_CODE,SOURCE_PROVED,V03C/V04C admitted source graph,V05C static lowering,BYTE-V04C-CONTROL,V04C,Candidate remains non-authoritative; unresolved is not inferred to be data.
00AF95,00B082,CANDIDATE,CANDIDATE_ONLY,V03C decode/candidate graph retained without promotion,later proof/data classification,BYTE-V03C-CANDIDATE,V03C_CANDIDATE,Candidate remains non-authoritative; unresolved is not inferred to be data.
00B083,00B092,UNRESOLVED,EXPLICIT_UNKNOWN,none,later proof/data classification,PENDING,OPEN,Candidate remains non-authoritative; unresolved is not inferred to be data.
00B093,00B10C,CANDIDATE,CANDIDATE_ONLY,V03C decode/candidate graph retained without promotion,later proof/data classification,BYTE-V03C-CANDIDATE,V03C_CANDIDATE,Candidate remains non-authoritative; unresolved is not inferred to be data.
00B10D,00B110,UNRESOLVED,EXPLICIT_UNKNOWN,none,later proof/data classification,PENDING,OPEN,Candidate remains non-authoritative; unresolved is not inferred to be data.
00B111,00B30A,CANDIDATE,CANDIDATE_ONLY,V03C decode/candidate graph retained without promotion,later proof/data classification,BYTE-V03C-CANDIDATE,V03C_CANDIDATE,Candidate remains non-authoritative; unresolved is not inferred to be data.
00B30B,00B312,UNRESOLVED,EXPLICIT_UNKNOWN,none,later proof/data classification,PENDING,OPEN,Candidate remains non-authoritative; unresolved is not inferred to be data.
00B313,00B420,CANDIDATE,CANDIDATE_ONLY,V03C decode/candidate graph retained without promotion,later proof/data classification,BYTE-V03C-CANDIDATE,V03C_CANDIDATE,Candidate remains non-authoritative; unresolved is not inferred to be data.
00B421,00B518,UNRESOLVED,EXPLICIT_UNKNOWN,none,later proof/data classification,PENDING,OPEN,Candidate remains non-authoritative; unresolved is not inferred to be data.
00B519,00B55D,CANDIDATE,CANDIDATE_ONLY,V03C decode/candidate graph retained without promotion,later proof/data classification,BYTE-V03C-CANDIDATE,V03C_CANDIDATE,Candidate remains non-authoritative; unresolved is not inferred to be data.
00B55E,00B597,UNRESOLVED,EXPLICIT_UNKNOWN,none,later proof/data classification,PENDING,OPEN,Candidate remains non-authoritative; unresolved is not inferred to be data.
00B598,00B629,CANDIDATE,CANDIDATE_ONLY,V03C decode/candidate graph retained without promotion,later proof/data classification,BYTE-V03C-CANDIDATE,V03C_CANDIDATE,Candidate remains non-authoritative; unresolved is not inferred to be data.
00B62A,00B668,UNRESOLVED,EXPLICIT_UNKNOWN,none,later proof/data classification,PENDING,OPEN,Candidate remains non-authoritative; unresolved is not inferred to be data.
00B669,00B690,PROVED_CODE,SOURCE_PROVED,V03C/V04C admitted source graph,V05C static lowering,BYTE-V04C-CONTROL,V04C,Candidate remains non-authoritative; unresolved is not inferred to be data.
00B691,00B700,CANDIDATE,CANDIDATE_ONLY,V03C decode/candidate graph retained without promotion,later proof/data classification,BYTE-V03C-CANDIDATE,V03C_CANDIDATE,Candidate remains non-authoritative; unresolved is not inferred to be data.
00B701,00BA18,UNRESOLVED,EXPLICIT_UNKNOWN,none,later proof/data classification,PENDING,OPEN,Candidate remains non-authoritative; unresolved is not inferred to be data.
00BA19,00BA5F,PROVED_CODE,SOURCE_PROVED,V03C/V04C admitted source graph,V05C static lowering,BYTE-V04C-CONTROL,V04C,Candidate remains non-authoritative; unresolved is not inferred to be data.
00BA60,00BD2B,CANDIDATE,CANDIDATE_ONLY,V03C decode/candidate graph retained without promotion,later proof/data classification,BYTE-V03C-CANDIDATE,V03C_CANDIDATE,Candidate remains non-authoritative; unresolved is not inferred to be data.
00BD2C,00BD37,UNRESOLVED,EXPLICIT_UNKNOWN,none,later proof/data classification,PENDING,OPEN,Candidate remains non-authoritative; unresolved is not inferred to be data.
00BD38,00BDA8,CANDIDATE,CANDIDATE_ONLY,V03C decode/candidate graph retained without promotion,later proof/data classification,BYTE-V03C-CANDIDATE,V03C_CANDIDATE,Candidate remains non-authoritative; unresolved is not inferred to be data.
00BDA9,00BDCD,PROVED_CODE,SOURCE_PROVED,V03C/V04C admitted source graph,V05C static lowering,BYTE-V04C-CONTROL,V04C,Candidate remains non-authoritative; unresolved is not inferred to be data.
00BDCE,00C28A,CANDIDATE,CANDIDATE_ONLY,V03C decode/candidate graph retained without promotion,later proof/data classification,BYTE-V03C-CANDIDATE,V03C_CANDIDATE,Candidate remains non-authoritative; unresolved is not inferred to be data.
00C28B,00C36E,UNRESOLVED,EXPLICIT_UNKNOWN,none,later proof/data classification,PENDING,OPEN,Candidate remains non-authoritative; unresolved is not inferred to be data.
00C36F,00C3F7,CANDIDATE,CANDIDATE_ONLY,V03C decode/candidate graph retained without promotion,later proof/data classification,BYTE-V03C-CANDIDATE,V03C_CANDIDATE,Candidate remains non-authoritative; unresolved is not inferred to be data.
00C3F8,00C4D6,UNRESOLVED,EXPLICIT_UNKNOWN,none,later proof/data classification,PENDING,OPEN,Candidate remains non-authoritative; unresolved is not inferred to be data.
00C4D7,00C4F5,CANDIDATE,CANDIDATE_ONLY,V03C decode/candidate graph retained without promotion,later proof/data classification,BYTE-V03C-CANDIDATE,V03C_CANDIDATE,Candidate remains non-authoritative; unresolved is not inferred to be data.
00C4F6,00C51B,UNRESOLVED,EXPLICIT_UNKNOWN,none,later proof/data classification,PENDING,OPEN,Candidate remains non-authoritative; unresolved is not inferred to be data.
00C51C,00C617,CANDIDATE,CANDIDATE_ONLY,V03C decode/candidate graph retained without promotion,later proof/data classification,BYTE-V03C-CANDIDATE,V03C_CANDIDATE,Candidate remains non-authoritative; unresolved is not inferred to be data.
00C618,00C6C4,UNRESOLVED,EXPLICIT_UNKNOWN,none,later proof/data classification,PENDING,OPEN,Candidate remains non-authoritative; unresolved is not inferred to be data.
00C6C5,00C73A,CANDIDATE,CANDIDATE_ONLY,V03C decode/candidate graph retained without promotion,later proof/data classification,BYTE-V03C-CANDIDATE,V03C_CANDIDATE,Candidate remains non-authoritative; unresolved is not inferred to be data.
00C73B,00C747,UNRESOLVED,EXPLICIT_UNKNOWN,none,later proof/data classification,PENDING,OPEN,Candidate remains non-authoritative; unresolved is not inferred to be data.
00C748,00C993,CANDIDATE,CANDIDATE_ONLY,V03C decode/candidate graph retained without promotion,later proof/data classification,BYTE-V03C-CANDIDATE,V03C_CANDIDATE,Candidate remains non-authoritative; unresolved is not inferred to be data.
00C994,00C996,UNRESOLVED,EXPLICIT_UNKNOWN,none,later proof/data classification,PENDING,OPEN,Candidate remains non-authoritative; unresolved is not inferred to be data.
00C997,00CB1A,CANDIDATE,CANDIDATE_ONLY,V03C decode/candidate graph retained without promotion,later proof/data classification,BYTE-V03C-CANDIDATE,V03C_CANDIDATE,Candidate remains non-authoritative; unresolved is not inferred to be data.
00CB1B,00CB24,UNRESOLVED,EXPLICIT_UNKNOWN,none,later proof/data classification,PENDING,OPEN,Candidate remains non-authoritative; unresolved is not inferred to be data.
00CB25,00CB53,CANDIDATE,CANDIDATE_ONLY,V03C decode/candidate graph retained without promotion,later proof/data classification,BYTE-V03C-CANDIDATE,V03C_CANDIDATE,Candidate remains non-authoritative; unresolved is not inferred to be data.
00CB54,00CBC6,UNRESOLVED,EXPLICIT_UNKNOWN,none,later proof/data classification,PENDING,OPEN,Candidate remains non-authoritative; unresolved is not inferred to be data.
00CBC7,00CBDA,CANDIDATE,CANDIDATE_ONLY,V03C decode/candidate graph retained without promotion,later proof/data classification,BYTE-V03C-CANDIDATE,V03C_CANDIDATE,Candidate remains non-authoritative; unresolved is not inferred to be data.
00CBDB,00CF5B,UNRESOLVED,EXPLICIT_UNKNOWN,none,later proof/data classification,PENDING,OPEN,Candidate remains non-authoritative; unresolved is not inferred to be data.
00CF5C,00D106,CANDIDATE,CANDIDATE_ONLY,V03C decode/candidate graph retained without promotion,later proof/data classification,BYTE-V03C-CANDIDATE,V03C_CANDIDATE,Candidate remains non-authoritative; unresolved is not inferred to be data.
00D107,00D656,UNRESOLVED,EXPLICIT_UNKNOWN,none,later proof/data classification,PENDING,OPEN,Candidate remains non-authoritative; unresolved is not inferred to be data.
00D657,00D6CA,CANDIDATE,CANDIDATE_ONLY,V03C decode/candidate graph retained without promotion,later proof/data classification,BYTE-V03C-CANDIDATE,V03C_CANDIDATE,Candidate remains non-authoritative; unresolved is not inferred to be data.
00D6CB,00D797,UNRESOLVED,EXPLICIT_UNKNOWN,none,later proof/data classification,PENDING,OPEN,Candidate remains non-authoritative; unresolved is not inferred to be data.
00D798,00D805,CANDIDATE,CANDIDATE_ONLY,V03C decode/candidate graph retained without promotion,later proof/data classification,BYTE-V03C-CANDIDATE,V03C_CANDIDATE,Candidate remains non-authoritative; unresolved is not inferred to be data.
00D806,00D84F,UNRESOLVED,EXPLICIT_UNKNOWN,none,later proof/data classification,PENDING,OPEN,Candidate remains non-authoritative; unresolved is not inferred to be data.
00D850,00D8A3,CANDIDATE,CANDIDATE_ONLY,V03C decode/candidate graph retained without promotion,later proof/data classification,BYTE-V03C-CANDIDATE,V03C_CANDIDATE,Candidate remains non-authoritative; unresolved is not inferred to be data.
00D8A4,00DC75,UNRESOLVED,EXPLICIT_UNKNOWN,none,later proof/data classification,PENDING,OPEN,Candidate remains non-authoritative; unresolved is not inferred to be data.
00DC76,00DDC7,CANDIDATE,CANDIDATE_ONLY,V03C decode/candidate graph retained without promotion,later proof/data classification,BYTE-V03C-CANDIDATE,V03C_CANDIDATE,Candidate remains non-authoritative; unresolved is not inferred to be data.
00DDC8,00DDDE,UNRESOLVED,EXPLICIT_UNKNOWN,none,later proof/data classification,PENDING,OPEN,Candidate remains non-authoritative; unresolved is not inferred to be data.
00DDDF,00DEF8,CANDIDATE,CANDIDATE_ONLY,V03C decode/candidate graph retained without promotion,later proof/data classification,BYTE-V03C-CANDIDATE,V03C_CANDIDATE,Candidate remains non-authoritative; unresolved is not inferred to be data.
00DEF9,00DF00,UNRESOLVED,EXPLICIT_UNKNOWN,none,later proof/data classification,PENDING,OPEN,Candidate remains non-authoritative; unresolved is not inferred to be data.
00DF01,00DF84,CANDIDATE,CANDIDATE_ONLY,V03C decode/candidate graph retained without promotion,later proof/data classification,BYTE-V03C-CANDIDATE,V03C_CANDIDATE,Candidate remains non-authoritative; unresolved is not inferred to be data.
00DF85,00DF8C,UNRESOLVED,EXPLICIT_UNKNOWN,none,later proof/data classification,PENDING,OPEN,Candidate remains non-authoritative; unresolved is not inferred to be data.
00DF8D,00DFB5,CANDIDATE,CANDIDATE_ONLY,V03C decode/candidate graph retained without promotion,later proof/data classification,BYTE-V03C-CANDIDATE,V03C_CANDIDATE,Candidate remains non-authoritative; unresolved is not inferred to be data.
00DFB6,00F453,UNRESOLVED,EXPLICIT_UNKNOWN,none,later proof/data classification,PENDING,OPEN,Candidate remains non-authoritative; unresolved is not inferred to be data.
00F454,00F490,PROVED_CODE,SOURCE_PROVED,V03C/V04C admitted source graph,V05C static lowering,BYTE-V04C-CONTROL,V04C,Candidate remains non-authoritative; unresolved is not inferred to be data.
00F491,00F492,CANDIDATE,CANDIDATE_ONLY,V03C decode/candidate graph retained without promotion,later proof/data classification,BYTE-V03C-CANDIDATE,V03C_CANDIDATE,Candidate remains non-authoritative; unresolved is not inferred to be data.
00F493,00F626,PROVED_CODE,SOURCE_PROVED,V03C/V04C admitted source graph,V05C static lowering,BYTE-V04C-CONTROL,V04C,Candidate remains non-authoritative; unresolved is not inferred to be data.
00F627,00F64F,UNRESOLVED,EXPLICIT_UNKNOWN,none,later proof/data classification,PENDING,OPEN,Candidate remains non-authoritative; unresolved is not inferred to be data.
00F650,00F77C,PROVED_CODE,SOURCE_PROVED,V03C/V04C admitted source graph,V05C static lowering,BYTE-V04C-CONTROL,V04C,Candidate remains non-authoritative; unresolved is not inferred to be data.
00F77D,00F785,UNRESOLVED,EXPLICIT_UNKNOWN,none,later proof/data classification,PENDING,OPEN,Candidate remains non-authoritative; unresolved is not inferred to be data.
00F786,00F7ED,PROVED_CODE,SOURCE_PROVED,V03C/V04C admitted source graph,V05C static lowering,BYTE-V04C-CONTROL,V04C,Candidate remains non-authoritative; unresolved is not inferred to be data.
00F7EE,00F7F6,UNRESOLVED,EXPLICIT_UNKNOWN,none,later proof/data classification,PENDING,OPEN,Candidate remains non-authoritative; unresolved is not inferred to be data.
00F7F7,00F83D,PROVED_CODE,SOURCE_PROVED,V03C/V04C admitted source graph,V05C static lowering,BYTE-V04C-CONTROL,V04C,Candidate remains non-authoritative; unresolved is not inferred to be data.
00F83E,00F847,CANDIDATE,CANDIDATE_ONLY,V03C decode/candidate graph retained without promotion,later proof/data classification,BYTE-V03C-CANDIDATE,V03C_CANDIDATE,Candidate remains non-authoritative; unresolved is not inferred to be data.
00F848,00F860,PROVED_CODE,SOURCE_PROVED,V03C/V04C admitted source graph,V05C static lowering,BYTE-V04C-CONTROL,V04C,Candidate remains non-authoritative; unresolved is not inferred to be data.
00F861,00F8A6,UNRESOLVED,EXPLICIT_UNKNOWN,none,later proof/data classification,PENDING,OPEN,Candidate remains non-authoritative; unresolved is not inferred to be data.
00F8A7,00FB33,CANDIDATE,CANDIDATE_ONLY,V03C decode/candidate graph retained without promotion,later proof/data classification,BYTE-V03C-CANDIDATE,V03C_CANDIDATE,Candidate remains non-authoritative; unresolved is not inferred to be data.
00FB34,00FCD8,UNRESOLVED,EXPLICIT_UNKNOWN,none,later proof/data classification,PENDING,OPEN,Candidate remains non-authoritative; unresolved is not inferred to be data.
00FCD9,00FD5C,CANDIDATE,CANDIDATE_ONLY,V03C decode/candidate graph retained without promotion,later proof/data classification,BYTE-V03C-CANDIDATE,V03C_CANDIDATE,Candidate remains non-authoritative; unresolved is not inferred to be data.
00FD5D,00FDFF,UNRESOLVED,EXPLICIT_UNKNOWN,none,later proof/data classification,PENDING,OPEN,Candidate remains non-authoritative; unresolved is not inferred to be data.
00FE00,00FE74,CANDIDATE,CANDIDATE_ONLY,V03C decode/candidate graph retained without promotion,later proof/data classification,BYTE-V03C-CANDIDATE,V03C_CANDIDATE,Candidate remains non-authoritative; unresolved is not inferred to be data.
00FE75,090AFF,UNRESOLVED,EXPLICIT_UNKNOWN,none,later proof/data classification,PENDING,OPEN,Candidate remains non-authoritative; unresolved is not inferred to be data.
090B00,090BCA,CANDIDATE,CANDIDATE_ONLY,V03C decode/candidate graph retained without promotion,later proof/data classification,BYTE-V03C-CANDIDATE,V03C_CANDIDATE,Candidate remains non-authoritative; unresolved is not inferred to be data.
090BCB,091050,UNRESOLVED,EXPLICIT_UNKNOWN,none,later proof/data classification,PENDING,OPEN,Candidate remains non-authoritative; unresolved is not inferred to be data.
091051,09107D,CANDIDATE,CANDIDATE_ONLY,V03C decode/candidate graph retained without promotion,later proof/data classification,BYTE-V03C-CANDIDATE,V03C_CANDIDATE,Candidate remains non-authoritative; unresolved is not inferred to be data.
09107E,092213,UNRESOLVED,EXPLICIT_UNKNOWN,none,later proof/data classification,PENDING,OPEN,Candidate remains non-authoritative; unresolved is not inferred to be data.
092214,09222D,CANDIDATE,CANDIDATE_ONLY,V03C decode/candidate graph retained without promotion,later proof/data classification,BYTE-V03C-CANDIDATE,V03C_CANDIDATE,Candidate remains non-authoritative; unresolved is not inferred to be data.
09222E,09260B,UNRESOLVED,EXPLICIT_UNKNOWN,none,later proof/data classification,PENDING,OPEN,Candidate remains non-authoritative; unresolved is not inferred to be data.
09260C,092666,CANDIDATE,CANDIDATE_ONLY,V03C decode/candidate graph retained without promotion,later proof/data classification,BYTE-V03C-CANDIDATE,V03C_CANDIDATE,Candidate remains non-authoritative; unresolved is not inferred to be data.
092667,0927D1,UNRESOLVED,EXPLICIT_UNKNOWN,none,later proof/data classification,PENDING,OPEN,Candidate remains non-authoritative; unresolved is not inferred to be data.
0927D2,0927E4,CANDIDATE,CANDIDATE_ONLY,V03C decode/candidate graph retained without promotion,later proof/data classification,BYTE-V03C-CANDIDATE,V03C_CANDIDATE,Candidate remains non-authoritative; unresolved is not inferred to be data.
0927E5,0963E6,UNRESOLVED,EXPLICIT_UNKNOWN,none,later proof/data classification,PENDING,OPEN,Candidate remains non-authoritative; unresolved is not inferred to be data.
0963E7,096444,CANDIDATE,CANDIDATE_ONLY,V03C decode/candidate graph retained without promotion,later proof/data classification,BYTE-V03C-CANDIDATE,V03C_CANDIDATE,Candidate remains non-authoritative; unresolved is not inferred to be data.
096445,096592,UNRESOLVED,EXPLICIT_UNKNOWN,none,later proof/data classification,PENDING,OPEN,Candidate remains non-authoritative; unresolved is not inferred to be data.
096593,0966F7,CANDIDATE,CANDIDATE_ONLY,V03C decode/candidate graph retained without promotion,later proof/data classification,BYTE-V03C-CANDIDATE,V03C_CANDIDATE,Candidate remains non-authoritative; unresolved is not inferred to be data.
0966F8,096D30,UNRESOLVED,EXPLICIT_UNKNOWN,none,later proof/data classification,PENDING,OPEN,Candidate remains non-authoritative; unresolved is not inferred to be data.
096D31,096EF9,CANDIDATE,CANDIDATE_ONLY,V03C decode/candidate graph retained without promotion,later proof/data classification,BYTE-V03C-CANDIDATE,V03C_CANDIDATE,Candidate remains non-authoritative; unresolved is not inferred to be data.
096EFA,096F71,UNRESOLVED,EXPLICIT_UNKNOWN,none,later proof/data classification,PENDING,OPEN,Candidate remains non-authoritative; unresolved is not inferred to be data.
096F72,097083,PROVED_CODE,SOURCE_PROVED,V03C/V04C admitted source graph,V05C static lowering,BYTE-V04C-CONTROL,V04C,Candidate remains non-authoritative; unresolved is not inferred to be data.
097084,097217,CANDIDATE,CANDIDATE_ONLY,V03C decode/candidate graph retained without promotion,later proof/data classification,BYTE-V03C-CANDIDATE,V03C_CANDIDATE,Candidate remains non-authoritative; unresolved is not inferred to be data.
097218,097266,UNRESOLVED,EXPLICIT_UNKNOWN,none,later proof/data classification,PENDING,OPEN,Candidate remains non-authoritative; unresolved is not inferred to be data.
097267,097310,CANDIDATE,CANDIDATE_ONLY,V03C decode/candidate graph retained without promotion,later proof/data classification,BYTE-V03C-CANDIDATE,V03C_CANDIDATE,Candidate remains non-authoritative; unresolved is not inferred to be data.
097311,097AD1,UNRESOLVED,EXPLICIT_UNKNOWN,none,later proof/data classification,PENDING,OPEN,Candidate remains non-authoritative; unresolved is not inferred to be data.
097AD2,097B9E,CANDIDATE,CANDIDATE_ONLY,V03C decode/candidate graph retained without promotion,later proof/data classification,BYTE-V03C-CANDIDATE,V03C_CANDIDATE,Candidate remains non-authoritative; unresolved is not inferred to be data.
097B9F,097BCA,UNRESOLVED,EXPLICIT_UNKNOWN,none,later proof/data classification,PENDING,OPEN,Candidate remains non-authoritative; unresolved is not inferred to be data.
097BCB,097D45,CANDIDATE,CANDIDATE_ONLY,V03C decode/candidate graph retained without promotion,later proof/data classification,BYTE-V03C-CANDIDATE,V03C_CANDIDATE,Candidate remains non-authoritative; unresolved is not inferred to be data.
097D46,0FEFFF,UNRESOLVED,EXPLICIT_UNKNOWN,none,later proof/data classification,PENDING,OPEN,Candidate remains non-authoritative; unresolved is not inferred to be data.
0FF000,0FF01D,CANDIDATE,CANDIDATE_ONLY,V03C decode/candidate graph retained without promotion,later proof/data classification,BYTE-V03C-CANDIDATE,V03C_CANDIDATE,Candidate remains non-authoritative; unresolved is not inferred to be data.
0FF01E,0FF057,UNRESOLVED,EXPLICIT_UNKNOWN,none,later proof/data classification,PENDING,OPEN,Candidate remains non-authoritative; unresolved is not inferred to be data.
0FF058,0FF107,CANDIDATE,CANDIDATE_ONLY,V03C decode/candidate graph retained without promotion,later proof/data classification,BYTE-V03C-CANDIDATE,V03C_CANDIDATE,Candidate remains non-authoritative; unresolved is not inferred to be data.
0FF108,0FF587,UNRESOLVED,EXPLICIT_UNKNOWN,none,later proof/data classification,PENDING,OPEN,Candidate remains non-authoritative; unresolved is not inferred to be data.
0FF588,0FF78F,CANDIDATE,CANDIDATE_ONLY,V03C decode/candidate graph retained without promotion,later proof/data classification,BYTE-V03C-CANDIDATE,V03C_CANDIDATE,Candidate remains non-authoritative; unresolved is not inferred to be data.
0FF790,0FF79D,UNRESOLVED,EXPLICIT_UNKNOWN,none,later proof/data classification,PENDING,OPEN,Candidate remains non-authoritative; unresolved is not inferred to be data.
0FF79E,0FFC2D,CANDIDATE,CANDIDATE_ONLY,V03C decode/candidate graph retained without promotion,later proof/data classification,BYTE-V03C-CANDIDATE,V03C_CANDIDATE,Candidate remains non-authoritative; unresolved is not inferred to be data.
0FFC2E,0FFCAE,UNRESOLVED,EXPLICIT_UNKNOWN,none,later proof/data classification,PENDING,OPEN,Candidate remains non-authoritative; unresolved is not inferred to be data.
0FFCAF,0FFCF0,CANDIDATE,CANDIDATE_ONLY,V03C decode/candidate graph retained without promotion,later proof/data classification,BYTE-V03C-CANDIDATE,V03C_CANDIDATE,Candidate remains non-authoritative; unresolved is not inferred to be data.
0FFCF1,0FFD1C,UNRESOLVED,EXPLICIT_UNKNOWN,none,later proof/data classification,PENDING,OPEN,Candidate remains non-authoritative; unresolved is not inferred to be data.
0FFD1D,0FFD4A,CANDIDATE,CANDIDATE_ONLY,V03C decode/candidate graph retained without promotion,later proof/data classification,BYTE-V03C-CANDIDATE,V03C_CANDIDATE,Candidate remains non-authoritative; unresolved is not inferred to be data.
0FFD4B,0FFFFF,UNRESOLVED,EXPLICIT_UNKNOWN,none,later proof/data classification,PENDING,OPEN,Candidate remains non-authoritative; unresolved is not inferred to be data.
