Frontier_ID,Milestone,Predecessor_SHA256,Context,Expected_Bytes,Master_Clock,Class,Stop_Reason,Authority_Needed,Proof_ID,Regression_Test,Status,Successor_Package,Notes
V04B00001,V04C,e52ddb5200e1ec87eb0dc0426789e0370299e659,80:81BF:E1M1X1:C?:DBR??:S0,RTI/IMP,NOT_RUNTIME_TRAVERSED,INTERRUPT_REENTRY,asynchronous vector root has no source-proved interrupted context frame,source proof in a later milestone or explicit unsupported route,FAIL_CLOSED_V04C,V04C-FLOW-001,FAIL_CLOSED,,static dispatch must reject this context/edge; no generic runtime decoder or guessed continuation
V04B00002,V04C,e52ddb5200e1ec87eb0dc0426789e0370299e659,80:81BF:E1M1X1:C?:DBR??:S0,RTI/IMP,NOT_RUNTIME_TRAVERSED,INTERRUPT_REENTRY,asynchronous vector root has no source-proved interrupted context frame,source proof in a later milestone or explicit unsupported route,FAIL_CLOSED_V04C,V04C-FLOW-001,FAIL_CLOSED,,static dispatch must reject this context/edge; no generic runtime decoder or guessed continuation
V04B00003,V04C,e52ddb5200e1ec87eb0dc0426789e0370299e659,80:81BF:E0M0X0:C?:DBR??:S0,RTI/IMP,NOT_RUNTIME_TRAVERSED,INTERRUPT_REENTRY,asynchronous vector root has no source-proved interrupted context frame,source proof in a later milestone or explicit unsupported route,FAIL_CLOSED_V04C,V04C-FLOW-001,FAIL_CLOSED,,static dispatch must reject this context/edge; no generic runtime decoder or guessed continuation
V04B00004,V04C,e52ddb5200e1ec87eb0dc0426789e0370299e659,80:81BF:E0M0X1:C?:DBR??:S0,RTI/IMP,NOT_RUNTIME_TRAVERSED,INTERRUPT_REENTRY,asynchronous vector root has no source-proved interrupted context frame,source proof in a later milestone or explicit unsupported route,FAIL_CLOSED_V04C,V04C-FLOW-001,FAIL_CLOSED,,static dispatch must reject this context/edge; no generic runtime decoder or guessed continuation
V04B00005,V04C,e52ddb5200e1ec87eb0dc0426789e0370299e659,80:81BF:E0M1X0:C?:DBR??:S0,RTI/IMP,NOT_RUNTIME_TRAVERSED,INTERRUPT_REENTRY,asynchronous vector root has no source-proved interrupted context frame,source proof in a later milestone or explicit unsupported route,FAIL_CLOSED_V04C,V04C-FLOW-001,FAIL_CLOSED,,static dispatch must reject this context/edge; no generic runtime decoder or guessed continuation
V04B00006,V04C,e52ddb5200e1ec87eb0dc0426789e0370299e659,80:81BF:E0M1X1:C?:DBR??:S0,RTI/IMP,NOT_RUNTIME_TRAVERSED,INTERRUPT_REENTRY,asynchronous vector root has no source-proved interrupted context frame,source proof in a later milestone or explicit unsupported route,FAIL_CLOSED_V04C,V04C-FLOW-001,FAIL_CLOSED,,static dispatch must reject this context/edge; no generic runtime decoder or guessed continuation
V04B00007,V04C,e52ddb5200e1ec87eb0dc0426789e0370299e659,80:81BF:E0M0X0:C?:DBR??:S0,RTI/IMP,NOT_RUNTIME_TRAVERSED,INTERRUPT_REENTRY,asynchronous vector root has no source-proved interrupted context frame,source proof in a later milestone or explicit unsupported route,FAIL_CLOSED_V04C,V04C-FLOW-001,FAIL_CLOSED,,static dispatch must reject this context/edge; no generic runtime decoder or guessed continuation
V04B00008,V04C,e52ddb5200e1ec87eb0dc0426789e0370299e659,80:81BF:E0M0X1:C?:DBR??:S0,RTI/IMP,NOT_RUNTIME_TRAVERSED,INTERRUPT_REENTRY,asynchronous vector root has no source-proved interrupted context frame,source proof in a later milestone or explicit unsupported route,FAIL_CLOSED_V04C,V04C-FLOW-001,FAIL_CLOSED,,static dispatch must reject this context/edge; no generic runtime decoder or guessed continuation
V04B00009,V04C,e52ddb5200e1ec87eb0dc0426789e0370299e659,80:81BF:E0M1X0:C?:DBR??:S0,RTI/IMP,NOT_RUNTIME_TRAVERSED,INTERRUPT_REENTRY,asynchronous vector root has no source-proved interrupted context frame,source proof in a later milestone or explicit unsupported route,FAIL_CLOSED_V04C,V04C-FLOW-001,FAIL_CLOSED,,static dispatch must reject this context/edge; no generic runtime decoder or guessed continuation
V04B00010,V04C,e52ddb5200e1ec87eb0dc0426789e0370299e659,80:81BF:E0M1X1:C?:DBR??:S0,RTI/IMP,NOT_RUNTIME_TRAVERSED,INTERRUPT_REENTRY,asynchronous vector root has no source-proved interrupted context frame,source proof in a later milestone or explicit unsupported route,FAIL_CLOSED_V04C,V04C-FLOW-001,FAIL_CLOSED,,static dispatch must reject this context/edge; no generic runtime decoder or guessed continuation
V04B00011,V04C,e52ddb5200e1ec87eb0dc0426789e0370299e659,80:81BF:E0M0X0:C?:DBR??:S0,RTI/IMP,NOT_RUNTIME_TRAVERSED,INTERRUPT_REENTRY,asynchronous vector root has no source-proved interrupted context frame,source proof in a later milestone or explicit unsupported route,FAIL_CLOSED_V04C,V04C-FLOW-001,FAIL_CLOSED,,static dispatch must reject this context/edge; no generic runtime decoder or guessed continuation
V04B00012,V04C,e52ddb5200e1ec87eb0dc0426789e0370299e659,80:81BF:E0M0X1:C?:DBR??:S0,RTI/IMP,NOT_RUNTIME_TRAVERSED,INTERRUPT_REENTRY,asynchronous vector root has no source-proved interrupted context frame,source proof in a later milestone or explicit unsupported route,FAIL_CLOSED_V04C,V04C-FLOW-001,FAIL_CLOSED,,static dispatch must reject this context/edge; no generic runtime decoder or guessed continuation
V04B00013,V04C,e52ddb5200e1ec87eb0dc0426789e0370299e659,80:81BF:E0M1X0:C?:DBR??:S0,RTI/IMP,NOT_RUNTIME_TRAVERSED,INTERRUPT_REENTRY,asynchronous vector root has no source-proved interrupted context frame,source proof in a later milestone or explicit unsupported route,FAIL_CLOSED_V04C,V04C-FLOW-001,FAIL_CLOSED,,static dispatch must reject this context/edge; no generic runtime decoder or guessed continuation
V04B00014,V04C,e52ddb5200e1ec87eb0dc0426789e0370299e659,80:81BF:E0M1X1:C?:DBR??:S0,RTI/IMP,NOT_RUNTIME_TRAVERSED,INTERRUPT_REENTRY,asynchronous vector root has no source-proved interrupted context frame,source proof in a later milestone or explicit unsupported route,FAIL_CLOSED_V04C,V04C-FLOW-001,FAIL_CLOSED,,static dispatch must reject this context/edge; no generic runtime decoder or guessed continuation
V04B00015,V04C,e52ddb5200e1ec87eb0dc0426789e0370299e659,80:8181:E1M1X1:C?:DBR80:S1,JSR/ABS_X_IND,NOT_RUNTIME_TRAVERSED,DYNAMIC_TARGET,indexed/indirect call lacks finite source-proved index/target producer,source proof in a later milestone or explicit unsupported route,FAIL_CLOSED_V04C,V04C-FLOW-001,FAIL_CLOSED,,static dispatch must reject this context/edge; no generic runtime decoder or guessed continuation
V04B00016,V04C,e52ddb5200e1ec87eb0dc0426789e0370299e659,80:8181:E0M1X1:C?:DBR80:S1,JSR/ABS_X_IND,NOT_RUNTIME_TRAVERSED,DYNAMIC_TARGET,indexed/indirect call lacks finite source-proved index/target producer,source proof in a later milestone or explicit unsupported route,FAIL_CLOSED_V04C,V04C-FLOW-001,FAIL_CLOSED,,static dispatch must reject this context/edge; no generic runtime decoder or guessed continuation
V04B00017,V04C,e52ddb5200e1ec87eb0dc0426789e0370299e659,80:821A:E1M1X1:C?:DBR80:S2,JSR/ABS_X_IND,NOT_RUNTIME_TRAVERSED,DYNAMIC_TARGET,indexed/indirect call lacks finite source-proved index/target producer,source proof in a later milestone or explicit unsupported route,FAIL_CLOSED_V04C,V04C-FLOW-001,FAIL_CLOSED,,static dispatch must reject this context/edge; no generic runtime decoder or guessed continuation
V04B00018,V04C,e52ddb5200e1ec87eb0dc0426789e0370299e659,80:821A:E0M1X1:C?:DBR80:S2,JSR/ABS_X_IND,NOT_RUNTIME_TRAVERSED,DYNAMIC_TARGET,indexed/indirect call lacks finite source-proved index/target producer,source proof in a later milestone or explicit unsupported route,FAIL_CLOSED_V04C,V04C-FLOW-001,FAIL_CLOSED,,static dispatch must reject this context/edge; no generic runtime decoder or guessed continuation
V04B00019,V04C,e52ddb5200e1ec87eb0dc0426789e0370299e659,80:821A:E0M1X1:C?:DBR80:S2,JSR/ABS_X_IND,NOT_RUNTIME_TRAVERSED,DYNAMIC_TARGET,indexed/indirect call lacks finite source-proved index/target producer,source proof in a later milestone or explicit unsupported route,FAIL_CLOSED_V04C,V04C-FLOW-001,FAIL_CLOSED,,static dispatch must reject this context/edge; no generic runtime decoder or guessed continuation
V04B00020,V04C,e52ddb5200e1ec87eb0dc0426789e0370299e659,80:821A:E0M1X1:C?:DBR80:S2,JSR/ABS_X_IND,NOT_RUNTIME_TRAVERSED,DYNAMIC_TARGET,indexed/indirect call lacks finite source-proved index/target producer,source proof in a later milestone or explicit unsupported route,FAIL_CLOSED_V04C,V04C-FLOW-001,FAIL_CLOSED,,static dispatch must reject this context/edge; no generic runtime decoder or guessed continuation
V04B00021,V04C,e52ddb5200e1ec87eb0dc0426789e0370299e659,80:821A:E0M1X1:C?:DBR80:S2,JSR/ABS_X_IND,NOT_RUNTIME_TRAVERSED,DYNAMIC_TARGET,indexed/indirect call lacks finite source-proved index/target producer,source proof in a later milestone or explicit unsupported route,FAIL_CLOSED_V04C,V04C-FLOW-001,FAIL_CLOSED,,static dispatch must reject this context/edge; no generic runtime decoder or guessed continuation
V04B00022,V04C,e52ddb5200e1ec87eb0dc0426789e0370299e659,80:8196:E1M1X1:C?:DBR??:S0,RTI/IMP,NOT_RUNTIME_TRAVERSED,INTERRUPT_REENTRY,asynchronous vector root has no source-proved interrupted context frame,source proof in a later milestone or explicit unsupported route,FAIL_CLOSED_V04C,V04C-FLOW-001,FAIL_CLOSED,,static dispatch must reject this context/edge; no generic runtime decoder or guessed continuation
V04B00023,V04C,e52ddb5200e1ec87eb0dc0426789e0370299e659,80:8196:E0M0X0:C?:DBR??:S0,RTI/IMP,NOT_RUNTIME_TRAVERSED,INTERRUPT_REENTRY,asynchronous vector root has no source-proved interrupted context frame,source proof in a later milestone or explicit unsupported route,FAIL_CLOSED_V04C,V04C-FLOW-001,FAIL_CLOSED,,static dispatch must reject this context/edge; no generic runtime decoder or guessed continuation
V04B00024,V04C,e52ddb5200e1ec87eb0dc0426789e0370299e659,80:8227:E1M1X1:C?:DBR??:S0,RTI/IMP,NOT_RUNTIME_TRAVERSED,INTERRUPT_REENTRY,asynchronous vector root has no source-proved interrupted context frame,source proof in a later milestone or explicit unsupported route,FAIL_CLOSED_V04C,V04C-FLOW-001,FAIL_CLOSED,,static dispatch must reject this context/edge; no generic runtime decoder or guessed continuation
V04B00025,V04C,e52ddb5200e1ec87eb0dc0426789e0370299e659,80:8227:E0M0X0:C?:DBR??:S0,RTI/IMP,NOT_RUNTIME_TRAVERSED,INTERRUPT_REENTRY,asynchronous vector root has no source-proved interrupted context frame,source proof in a later milestone or explicit unsupported route,FAIL_CLOSED_V04C,V04C-FLOW-001,FAIL_CLOSED,,static dispatch must reject this context/edge; no generic runtime decoder or guessed continuation
V04B00026,V04C,e52ddb5200e1ec87eb0dc0426789e0370299e659,80:8227:E0M0X1:C?:DBR??:S0,RTI/IMP,NOT_RUNTIME_TRAVERSED,INTERRUPT_REENTRY,asynchronous vector root has no source-proved interrupted context frame,source proof in a later milestone or explicit unsupported route,FAIL_CLOSED_V04C,V04C-FLOW-001,FAIL_CLOSED,,static dispatch must reject this context/edge; no generic runtime decoder or guessed continuation
V04B00027,V04C,e52ddb5200e1ec87eb0dc0426789e0370299e659,80:8227:E0M1X0:C?:DBR??:S0,RTI/IMP,NOT_RUNTIME_TRAVERSED,INTERRUPT_REENTRY,asynchronous vector root has no source-proved interrupted context frame,source proof in a later milestone or explicit unsupported route,FAIL_CLOSED_V04C,V04C-FLOW-001,FAIL_CLOSED,,static dispatch must reject this context/edge; no generic runtime decoder or guessed continuation
V04B00028,V04C,e52ddb5200e1ec87eb0dc0426789e0370299e659,80:8227:E0M1X1:C?:DBR??:S0,RTI/IMP,NOT_RUNTIME_TRAVERSED,INTERRUPT_REENTRY,asynchronous vector root has no source-proved interrupted context frame,source proof in a later milestone or explicit unsupported route,FAIL_CLOSED_V04C,V04C-FLOW-001,FAIL_CLOSED,,static dispatch must reject this context/edge; no generic runtime decoder or guessed continuation
V04B00029,V04C,e52ddb5200e1ec87eb0dc0426789e0370299e659,80:83A2:E0M0X0:C?:DBR81:S0,RTL/IMP,NOT_RUNTIME_TRAVERSED,RETURN,logical call-frame producer not on top of source-proved stack,source proof in a later milestone or explicit unsupported route,FAIL_CLOSED_V04C,V04C-FLOW-001,FAIL_CLOSED,,static dispatch must reject this context/edge; no generic runtime decoder or guessed continuation
V04B00030,V04C,e52ddb5200e1ec87eb0dc0426789e0370299e659,80:83A2:E0M0X0:C?:DBR81:S0,RTL/IMP,NOT_RUNTIME_TRAVERSED,RETURN,logical call-frame producer not on top of source-proved stack,source proof in a later milestone or explicit unsupported route,FAIL_CLOSED_V04C,V04C-FLOW-001,FAIL_CLOSED,,static dispatch must reject this context/edge; no generic runtime decoder or guessed continuation
V04B00031,V04C,e52ddb5200e1ec87eb0dc0426789e0370299e659,81:AD20:E0M1X1:C?:DBR81:S0,RTS/IMP,NOT_RUNTIME_TRAVERSED,RETURN,logical call-frame producer not on top of source-proved stack,source proof in a later milestone or explicit unsupported route,FAIL_CLOSED_V04C,V04C-FLOW-001,FAIL_CLOSED,,static dispatch must reject this context/edge; no generic runtime decoder or guessed continuation
V04B00032,V04C,e52ddb5200e1ec87eb0dc0426789e0370299e659,81:9D98:E0M0X0:C?:DBR81:S0,RTS/IMP,NOT_RUNTIME_TRAVERSED,RETURN,logical call-frame producer not on top of source-proved stack,source proof in a later milestone or explicit unsupported route,FAIL_CLOSED_V04C,V04C-FLOW-001,FAIL_CLOSED,,static dispatch must reject this context/edge; no generic runtime decoder or guessed continuation
V04B00033,V04C,e52ddb5200e1ec87eb0dc0426789e0370299e659,81:9D98:E0M0X0:C?:DBR81:S0,RTS/IMP,NOT_RUNTIME_TRAVERSED,RETURN,logical call-frame producer not on top of source-proved stack,source proof in a later milestone or explicit unsupported route,FAIL_CLOSED_V04C,V04C-FLOW-001,FAIL_CLOSED,,static dispatch must reject this context/edge; no generic runtime decoder or guessed continuation
V04B00034,V04C,e52ddb5200e1ec87eb0dc0426789e0370299e659,81:9D98:E0M0X0:C?:DBR81:S0,RTS/IMP,NOT_RUNTIME_TRAVERSED,RETURN,logical call-frame producer not on top of source-proved stack,source proof in a later milestone or explicit unsupported route,FAIL_CLOSED_V04C,V04C-FLOW-001,FAIL_CLOSED,,static dispatch must reject this context/edge; no generic runtime decoder or guessed continuation
V04B00035,V04C,e52ddb5200e1ec87eb0dc0426789e0370299e659,81:9D98:E0M0X0:C?:DBR81:S0,RTS/IMP,NOT_RUNTIME_TRAVERSED,RETURN,logical call-frame producer not on top of source-proved stack,source proof in a later milestone or explicit unsupported route,FAIL_CLOSED_V04C,V04C-FLOW-001,FAIL_CLOSED,,static dispatch must reject this context/edge; no generic runtime decoder or guessed continuation
V04B00036,V04C,e52ddb5200e1ec87eb0dc0426789e0370299e659,81:9D98:E0M0X0:C?:DBR81:S0,RTS/IMP,NOT_RUNTIME_TRAVERSED,RETURN,logical call-frame producer not on top of source-proved stack,source proof in a later milestone or explicit unsupported route,FAIL_CLOSED_V04C,V04C-FLOW-001,FAIL_CLOSED,,static dispatch must reject this context/edge; no generic runtime decoder or guessed continuation
V04B00037,V04C,e52ddb5200e1ec87eb0dc0426789e0370299e659,81:9D98:E0M0X0:C?:DBR81:S0,RTS/IMP,NOT_RUNTIME_TRAVERSED,RETURN,logical call-frame producer not on top of source-proved stack,source proof in a later milestone or explicit unsupported route,FAIL_CLOSED_V04C,V04C-FLOW-001,FAIL_CLOSED,,static dispatch must reject this context/edge; no generic runtime decoder or guessed continuation
V04B00038,V04C,e52ddb5200e1ec87eb0dc0426789e0370299e659,81:9E7A:E0M0X0:C?:DBR81:S0,RTS/IMP,NOT_RUNTIME_TRAVERSED,RETURN,logical call-frame producer not on top of source-proved stack,source proof in a later milestone or explicit unsupported route,FAIL_CLOSED_V04C,V04C-FLOW-001,FAIL_CLOSED,,static dispatch must reject this context/edge; no generic runtime decoder or guessed continuation
V04B00039,V04C,e52ddb5200e1ec87eb0dc0426789e0370299e659,81:9E7A:E0M0X0:C?:DBR81:S0,RTS/IMP,NOT_RUNTIME_TRAVERSED,RETURN,logical call-frame producer not on top of source-proved stack,source proof in a later milestone or explicit unsupported route,FAIL_CLOSED_V04C,V04C-FLOW-001,FAIL_CLOSED,,static dispatch must reject this context/edge; no generic runtime decoder or guessed continuation
V04B00040,V04C,e52ddb5200e1ec87eb0dc0426789e0370299e659,81:9E7A:E0M0X0:C?:DBR81:S0,RTS/IMP,NOT_RUNTIME_TRAVERSED,RETURN,logical call-frame producer not on top of source-proved stack,source proof in a later milestone or explicit unsupported route,FAIL_CLOSED_V04C,V04C-FLOW-001,FAIL_CLOSED,,static dispatch must reject this context/edge; no generic runtime decoder or guessed continuation
V04B00041,V04C,e52ddb5200e1ec87eb0dc0426789e0370299e659,81:9E7A:E0M0X0:C?:DBR81:S0,RTS/IMP,NOT_RUNTIME_TRAVERSED,RETURN,logical call-frame producer not on top of source-proved stack,source proof in a later milestone or explicit unsupported route,FAIL_CLOSED_V04C,V04C-FLOW-001,FAIL_CLOSED,,static dispatch must reject this context/edge; no generic runtime decoder or guessed continuation
V04B00042,V04C,e52ddb5200e1ec87eb0dc0426789e0370299e659,80:8362:E0M0X0:C?:DBR81:S0,RTL/IMP,NOT_RUNTIME_TRAVERSED,RETURN,logical call-frame producer not on top of source-proved stack,source proof in a later milestone or explicit unsupported route,FAIL_CLOSED_V04C,V04C-FLOW-001,FAIL_CLOSED,,static dispatch must reject this context/edge; no generic runtime decoder or guessed continuation
V04B00043,V04C,e52ddb5200e1ec87eb0dc0426789e0370299e659,80:8362:E0M0X0:C?:DBR81:S0,RTL/IMP,NOT_RUNTIME_TRAVERSED,RETURN,logical call-frame producer not on top of source-proved stack,source proof in a later milestone or explicit unsupported route,FAIL_CLOSED_V04C,V04C-FLOW-001,FAIL_CLOSED,,static dispatch must reject this context/edge; no generic runtime decoder or guessed continuation
V04B00044,V04C,e52ddb5200e1ec87eb0dc0426789e0370299e659,80:8362:E0M0X0:C?:DBR81:S0,RTL/IMP,NOT_RUNTIME_TRAVERSED,RETURN,logical call-frame producer not on top of source-proved stack,source proof in a later milestone or explicit unsupported route,FAIL_CLOSED_V04C,V04C-FLOW-001,FAIL_CLOSED,,static dispatch must reject this context/edge; no generic runtime decoder or guessed continuation
V04B00045,V04C,e52ddb5200e1ec87eb0dc0426789e0370299e659,80:8362:E0M0X0:C?:DBR81:S0,RTL/IMP,NOT_RUNTIME_TRAVERSED,RETURN,logical call-frame producer not on top of source-proved stack,source proof in a later milestone or explicit unsupported route,FAIL_CLOSED_V04C,V04C-FLOW-001,FAIL_CLOSED,,static dispatch must reject this context/edge; no generic runtime decoder or guessed continuation
V04B00046,V04C,e52ddb5200e1ec87eb0dc0426789e0370299e659,80:8362:E0M0X0:C?:DBR81:S0,RTL/IMP,NOT_RUNTIME_TRAVERSED,RETURN,logical call-frame producer not on top of source-proved stack,source proof in a later milestone or explicit unsupported route,FAIL_CLOSED_V04C,V04C-FLOW-001,FAIL_CLOSED,,static dispatch must reject this context/edge; no generic runtime decoder or guessed continuation
V04B00047,V04C,e52ddb5200e1ec87eb0dc0426789e0370299e659,81:F700:E0M1X1:C0:DBR81:S0,RTS/IMP,NOT_RUNTIME_TRAVERSED,RETURN,logical call-frame producer not on top of source-proved stack,source proof in a later milestone or explicit unsupported route,FAIL_CLOSED_V04C,V04C-FLOW-001,FAIL_CLOSED,,static dispatch must reject this context/edge; no generic runtime decoder or guessed continuation
V04B00048,V04C,e52ddb5200e1ec87eb0dc0426789e0370299e659,81:F6F6:E0M1X1:C0:DBR81:S0,RTS/IMP,NOT_RUNTIME_TRAVERSED,RETURN,logical call-frame producer not on top of source-proved stack,source proof in a later milestone or explicit unsupported route,FAIL_CLOSED_V04C,V04C-FLOW-001,FAIL_CLOSED,,static dispatch must reject this context/edge; no generic runtime decoder or guessed continuation
V04B00049,V04C,e52ddb5200e1ec87eb0dc0426789e0370299e659,81:F537:E0M1X1:C?:DBR81:S0,RTS/IMP,NOT_RUNTIME_TRAVERSED,RETURN,logical call-frame producer not on top of source-proved stack,source proof in a later milestone or explicit unsupported route,FAIL_CLOSED_V04C,V04C-FLOW-001,FAIL_CLOSED,,static dispatch must reject this context/edge; no generic runtime decoder or guessed continuation
V04B00050,V04C,e52ddb5200e1ec87eb0dc0426789e0370299e659,81:F77A:E0M1X1:C0:DBR81:S0,RTS/IMP,NOT_RUNTIME_TRAVERSED,RETURN,logical call-frame producer not on top of source-proved stack,source proof in a later milestone or explicit unsupported route,FAIL_CLOSED_V04C,V04C-FLOW-001,FAIL_CLOSED,,static dispatch must reject this context/edge; no generic runtime decoder or guessed continuation
V04B00051,V04C,e52ddb5200e1ec87eb0dc0426789e0370299e659,81:F6EE:E0M1X1:C0:DBR81:S0,RTS/IMP,NOT_RUNTIME_TRAVERSED,RETURN,logical call-frame producer not on top of source-proved stack,source proof in a later milestone or explicit unsupported route,FAIL_CLOSED_V04C,V04C-FLOW-001,FAIL_CLOSED,,static dispatch must reject this context/edge; no generic runtime decoder or guessed continuation
V04B00052,V04C,e52ddb5200e1ec87eb0dc0426789e0370299e659,81:F77C:E0M1X1:C1:DBR81:S0,RTS/IMP,NOT_RUNTIME_TRAVERSED,RETURN,logical call-frame producer not on top of source-proved stack,source proof in a later milestone or explicit unsupported route,FAIL_CLOSED_V04C,V04C-FLOW-001,FAIL_CLOSED,,static dispatch must reject this context/edge; no generic runtime decoder or guessed continuation
V04B00053,V04C,e52ddb5200e1ec87eb0dc0426789e0370299e659,81:F6AB:E0M1X1:C1:DBR81:S0,RTS/IMP,NOT_RUNTIME_TRAVERSED,RETURN,logical call-frame producer not on top of source-proved stack,source proof in a later milestone or explicit unsupported route,FAIL_CLOSED_V04C,V04C-FLOW-001,FAIL_CLOSED,,static dispatch must reject this context/edge; no generic runtime decoder or guessed continuation
V04B00054,V04C,e52ddb5200e1ec87eb0dc0426789e0370299e659,81:F7EB:E0M1X1:C0:DBR81:S0,RTS/IMP,NOT_RUNTIME_TRAVERSED,RETURN,logical call-frame producer not on top of source-proved stack,source proof in a later milestone or explicit unsupported route,FAIL_CLOSED_V04C,V04C-FLOW-001,FAIL_CLOSED,,static dispatch must reject this context/edge; no generic runtime decoder or guessed continuation
V04B00055,V04C,e52ddb5200e1ec87eb0dc0426789e0370299e659,81:F7ED:E0M1X1:C1:DBR81:S0,RTS/IMP,NOT_RUNTIME_TRAVERSED,RETURN,logical call-frame producer not on top of source-proved stack,source proof in a later milestone or explicit unsupported route,FAIL_CLOSED_V04C,V04C-FLOW-001,FAIL_CLOSED,,static dispatch must reject this context/edge; no generic runtime decoder or guessed continuation
V04B00056,V04C,e52ddb5200e1ec87eb0dc0426789e0370299e659,81:F71B:E0M1X1:C0:DBR81:S0,RTS/IMP,NOT_RUNTIME_TRAVERSED,RETURN,logical call-frame producer not on top of source-proved stack,source proof in a later milestone or explicit unsupported route,FAIL_CLOSED_V04C,V04C-FLOW-001,FAIL_CLOSED,,static dispatch must reject this context/edge; no generic runtime decoder or guessed continuation
V04B00057,V04C,e52ddb5200e1ec87eb0dc0426789e0370299e659,81:F713:E0M1X1:C1:DBR81:S0,RTS/IMP,NOT_RUNTIME_TRAVERSED,RETURN,logical call-frame producer not on top of source-proved stack,source proof in a later milestone or explicit unsupported route,FAIL_CLOSED_V04C,V04C-FLOW-001,FAIL_CLOSED,,static dispatch must reject this context/edge; no generic runtime decoder or guessed continuation
V06C-FRONTIER-SCHEDULER,V06C,V05C tag 281a8bcefb2eec0d4cafee071a1a8a122215d933,CPU-I/O $4210-$4212 or any global event placement,N/A,UNOWNED_V06C,TIMING,JSV06_STOP_TIMING_UNAVAILABLE,"V07C one monotonic scheduler, NMI/IRQ/blanking/autojoy event ordering",TIMING-V06C-ACCESS,V06C-UNIT-001,CLOSED_V07C,V07C,Closed by one monotonic V07 scheduler with explicit event tie order and scheduler-dependent CPU-I/O semantics.
V06C-FRONTIER-PPU,V06C,V05C tag 281a8bcefb2eec0d4cafee071a1a8a122215d933,any $2100-$213F access,N/A,UNOWNED_V06C,PPU,JSV06_STOP_PPU_UNAVAILABLE,V09C PPU semantics,BUS-V06C-MAP,V06C-UNIT-001,OPEN,V09C,Ownership/classification is closed; device semantics are not.
V06C-FRONTIER-APU,V06C,V05C tag 281a8bcefb2eec0d4cafee071a1a8a122215d933,any $2140-$217F access,N/A,UNOWNED_V06C,SMP_CONTEXT,JSV06_STOP_APU_UNAVAILABLE,S-SMP/APUIO upload and rendezvous semantics,BUS-V06C-MAP,V06C-UNIT-001,OPEN,later audio milestone,18 V04 source-proved CPU-side APUIO addresses exist; no audio behavior is inferred from them.
V06C-FRONTIER-DMA,V06C,V05C tag 281a8bcefb2eec0d4cafee071a1a8a122215d933,$420B/$420C or $4300-$437F,N/A,UNOWNED_V06C,DMA_CONFIGURATION,JSV06_STOP_DMA_UNAVAILABLE,V08C DMA/HDMA execution and scheduler integration,BUS-V06C-MAP,V06C-UNIT-001,PARTIALLY_CLOSED_V07C,V08C,V07 closes $420B/$420C and HDMA rendezvous timing; V08 still owns channel transfers/stalls.
V06C-FRONTIER-INPUT,V06C,V05C tag 281a8bcefb2eec0d4cafee071a1a8a122215d933,$4016/$4017 or $4218-$421F,N/A,UNOWNED_V06C,INPUT_DEVICE,JSV06_STOP_INPUT_UNAVAILABLE,controller/autojoy semantics and scheduler placement,BUS-V06C-MAP,V06C-UNIT-001,PARTIALLY_CLOSED_V07C,later input milestone,V07 closes autojoy schedule/$4218-$421F timing; controller electrical behavior remains later input authority.
V07C-FRONTIER-DMA-TRANSFER,V07C,V06C tag 099801ea46bfb80d8f9065a430775ce6b9bae31a,DMA/HDMA rendezvous ready after $420B/$420C or HBlank/field event,N/A,V07_MONOTONIC,DMA_TRANSFER,JSV07_STOP_DMA_TRANSFER_V08,V08C channel transfer engine and exact stall execution,SCHED-V07C-TIMELINE,V07C-UNIT-001;V07C-INDEPENDENT-001,OPEN,V08C,V07 owns request/admission timestamp only; transfer bytes are not guessed.
V07C-FRONTIER-PPU,V07C,V06C tag 099801ea46bfb80d8f9065a430775ce6b9bae31a,$2100-$213F access on the V07 timeline,N/A,V07_MONOTONIC,PPU,JSV07_STOP_PPU_UNAVAILABLE,V09C PPU register/rendering semantics,SCHED-V07C-TIMELINE,V07C-UNIT-001;V07C-INDEPENDENT-001,OPEN,V09C,Raster/blanking time is owned now; device register semantics are not.
V07C-FRONTIER-APU,V07C,V06C tag 099801ea46bfb80d8f9065a430775ce6b9bae31a,$2140-$217F access at exact V07 master/S-SMP target,N/A,V07_MONOTONIC,SMP_CONTEXT,JSV07_STOP_APU_UNAVAILABLE,source-proved APUIO protocol and S-SMP execution,SCHED-V07C-TIMELINE,V07C-UNIT-001;V07C-INDEPENDENT-001,CLOSED_V10.1,V10.1,V10.1 owns fixed IPL/APUIO upload through exact source-proved ARAM reconstruction; uploaded SPC700 execution remains the new $0400 frontier.
V07C-FRONTIER-INPUT,V07C,V06C tag 099801ea46bfb80d8f9065a430775ce6b9bae31a,$4016/$4017 electrical read/write,N/A,V07_MONOTONIC,INPUT_DEVICE,JSV07_STOP_INPUT_V11,controller electrical device semantics,SCHED-V07C-TIMELINE,V07C-UNIT-001;V07C-INDEPENDENT-001,OPEN,later input milestone,Autojoy timing/results schedule is owned; gameplay input is never static authority.
V10.1-FRONTIER-SMP-0400,V10.1,V09C tag a9586abd7a2337f34a369ab2fcf72af5a570d1ce,S-SMP uploaded entry $0400 after reset records 0/1/2/3,uploaded ROM byte at $0400; exact opcode closure deferred,V07_RATIONAL_SMP_TARGET,SMP_CONTEXT,JSV10_1_STOP_SMP_AOT_REQUIRED,V10.2 exact-PC static SPC700 AOT from known ARAM epoch,AUDIO-V10.1-IPL-UPLOAD,V10.1-UNIT-001;V10.1-INDEPENDENT-001,OPEN,V10.2,V10.1 proves the entry and complete bootstrap bytes but deliberately executes no uploaded SPC700 opcode.
