Subsystem,Feature_or_Register,Implemented,Reached,Certified,First_Context,Observed_Values,Timing_Claim,Test_ID,Evidence,Known_Limit
CARTRIDGE,FastROM LoROM identity/profile,YES,YES,YES,V06C full-address-space proof,"1 MiB strict FastROM LoROM; 8,323,072 CPU ROM aliases; zero SRAM",6/8/12 access durations placed on the V07C monotonic master timeline,V06C-INDEPENDENT-001;V07C-UNIT-001;V07C-INDEPENDENT-001,config/target-profile.json;docs/V06C-bus-census.csv;docs/V06C-speed-census.csv,Cartridge mapping is closed; later device stalls share but do not replace the V07 timeline.
CPU,W65C816 semantics,YES,YES,YES,00:8000 E1M1X1,"2,258 exact keys; 2,250 scheduler-executable including 12 existing interrupt RTI keys; zero new context keys",V07C event-order functional: fixed/dynamic CPU timing plans and exact-key interrupt entry/return on one monotonic master timeline,V05C-INDEPENDENT-001;V07C-INDEPENDENT-001;V08C-UNIT-001;V08C-INDEPENDENT-001,docs/V05C-production-manifest.csv;docs/V07C-timing-manifest.csv;runtime/v09c_machine.c,8 source-proof boundaries remain; no runtime opcode decoder.
PPU,PPU registers/rendering,YES,YES,YES,source-proved V04C PPU effective-address set + V08C DMA delivery,47 source-reached registers; all 64 $2100-$213F routed; VRAM/OAM/CGRAM knownness tracked,"V07 monotonic raster/access placement retained; V09 owns register side effects only, not pixel rendering",V09C-UNIT-001;V09C-INDEPENDENT-001,docs/V09C-source-ppu-registers.csv;docs/V09C-ppu-summary.json;runtime/v09c_ppu.c;runtime/v09c_machine.c,Renderer-dependent active-display internal addresses and STAT77 sprite status fail closed to V10; no framebuffer claim.
DMA,DMA/HDMA,YES,YES,YES,source-proved $420B/$420C/$43x0-$43xF plus V07 HBlank/field events,"general 8-channel/8-mode controller; source-reached channels 0,3,4; 8 named source profiles; no source-proved nonzero HDMAEN",manual DMA + direct/indirect HDMA transfer/stall timing integrated on the sole V07 monotonic master timeline,V08C-PREDECESSOR-001;V08C-UNIT-001;V08C-INDEPENDENT-001;V08C-REPRO-001,analysis/v08c_dma_model.py;runtime/v09c_machine.c;docs/V08C-source-dma-configurations.csv;docs/V08C-dma-summary.json,PPU register payload semantics are V09-owned; renderer-internal behavior and APUIO payload semantics remain later milestones.
INPUT,Controller input,PARTIAL,YES,YES,VBlank auto-joy scheduler window,$4212 busy/strobe/128-clock autojoy shift schedule and $4218-$421F result timing owned; electrical samples remain seam,auto-joy timing only,V07C-UNIT-001,analysis/v07c_scheduler_model.py;runtime/v09c_machine.c,$4016/$4017 electrical/controller device semantics remain later input milestone; no gameplay input authority.
APU,S-SMP/APUIO,PARTIAL,YES,YES,reset source path invokes $80:FA38 with X=0/1/2/3,"source-proved fixed IPL AA/BB -> CC upload; records total 58,368 bytes; final entry $0400",APUIO fixed-IPL protocol synchronized at inherited V07 rational S-SMP target; exact uploaded instruction timing deferred,V10.1-UNIT-001;V10.1-INDEPENDENT-001,docs/V10.1-aram-summary.json;runtime/v10_1_apu.c;runtime/v10_1_machine.c,V10.1 executes no uploaded SPC700 opcodes and no DSP/audio rendering; V10.2 starts exact-PC AOT at $0400.
DSP,DSP/audio,NO,NO,NO,,,,,,Not authorized in V01C.
WRAM,"128 KiB WRAM, low mirrors, $2180-$2183 port",YES,YES,YES,V06C focused tests,"1,179,648 CPU WRAM addresses; 512 WRAM-port addresses",V06 mapping with V07 read/write phase placement on one monotonic timeline,V06C-INDEPENDENT-001;V07C-UNIT-001,runtime/v09c_machine.c;docs/V06C-bus-census.csv,Power-on initial WRAM image remains host-supplied; RESET preserves WRAM and does not rewind master time.
CPU_IO,"base $4200-$4217 latches, MEMSEL and multiply/divide",YES,YES,YES,V06C focused tests,base latches/math plus scheduler-owned $4210-$4212/$4200 and V08-owned $420B/$420C DMA/HDMA controller admission,ALU progresses by V07 CPU-cycle boundaries; interrupt/timer/autojoy/DMA rendezvous placed on master timeline,V06C-ALU-001;V07C-UNIT-001;V07C-INDEPENDENT-001,runtime/v09c_machine.c;analysis/v07c_scheduler_model.py,Later device milestones own PPU/APU/input payload semantics.
