milestone,canonical_owner,current_project_status,current_project_evidence_sha256,open_obligation_ids,last_reviewed_project_version,next_review_trigger
01C,target_cartridge_and_byte_census,ACCEPTED,ffaa0544faf1baa286ba452f96423df56b904cfeba6eacdcfdfccbb55d3781a4,NONE,V10.2,target identity change
02C,w65c816_semantic_foundation,ACCEPTED,0b05023ef7bec67adb28eb89b39e2460ec18b48eab9e4f33fa7d86d16def3b0f,NONE,V10.2,semantic correction
03C,whole_rom_lexical_candidate_universe,ACCEPTED,eca35f1378e1fb04271c40e8c9829314b2bc7a2edbcdc3d3411673c8eedb9bc1,NONE,V10.2,new executable epoch or source family
04C,exact_scpu_contexts_and_intelligence,ACCEPTED,6a66bc2b1092c1753047147ce56f9fb3ba568ecd918bc26d2692a863d3f8f55d,SCPU-BOUNDARY-0001,V10.2,cross-subsystem discovery changes context facts
05C,dynamic_control_flow_and_reentry,ACCEPTED,6a66bc2b1092c1753047147ce56f9fb3ba568ecd918bc26d2692a863d3f8f55d,SCPU-BOUNDARY-0001,V10.2,new finite return or interrupt proof
06C,executable_memory_epochs,ACCEPTED_ZERO_EPOCHS_REOPENABLE,369cd63e57d06d33fe4338f86a9ef2c24fbee1d2409d9bf2da6879b24a6d79c4,NONE,V10.2,new execution target into mutable memory
07C,compact_static_scpu_generation,ACCEPTED,cb3a1d274753286ce56830a0a308d53983b6a580f31f597b0a952eb489b2c415,SCPU-BOUNDARY-0001,V10.2,context universe delta or compaction
08C,bus_reset_mmio_and_persistence,ACCEPTED,7b0bb9b1aa00b4700a4801db8c1ead3b273bc5502594dfe1381eab5844c7b674,PERSISTENCE-0001,V10.2,input and persistence implementation
09C,scheduler_interrupts_and_clock_domains,ACCEPTED,003193fd77c32db087d21a252114244db54b3ce0c2316412176062ae9aedcd95,NONE,V10.2,clock-domain correction
10C,dma_hdma_controller,ACCEPTED,251d5757f2e39e04c86fdc0a5b7fd8e9e2df0baa2d3d7539bd9a38d4507114e9,NONE,V10.2,new DMA source proof
11C,ppu_register_storage_state_semantics,ACCEPTED,b82a133423a284ebcadc9e05e1829efa99f9d12d14a27aaa7c5eeda30257a0be,PPU-RENDERER-0001,V10.2,renderer resolves internal PPU ownership
12C,ssmp_bootstrap_apuio_timers_aram,IN_PROGRESS,369cd63e57d06d33fe4338f86a9ef2c24fbee1d2409d9bf2da6879b24a6d79c4,SMP-TIMERS-0001,V10.2,V10.2 static S-SMP discovery
13C,static_ssmp_aot,IN_PROGRESS,369cd63e57d06d33fe4338f86a9ef2c24fbee1d2409d9bf2da6879b24a6d79c4,SMP-AOT-0001,V10.2,V10.2 exact-PC lowering
14C,raster_renderer_and_completed_framebuffer,OPEN,b82a133423a284ebcadc9e05e1829efa99f9d12d14a27aaa7c5eeda30257a0be,PPU-RENDERER-0001,V10.2,static S-SMP frontier complete or renderer work begins
15C,input_controller_and_persistence_transitions,OPEN,7b0bb9b1aa00b4700a4801db8c1ead3b273bc5502594dfe1381eab5844c7b674,INPUT-0001;PERSISTENCE-0001,V10.2,input work begins
16C,sdsp_audio_and_core_pcm,OPEN,369cd63e57d06d33fe4338f86a9ef2c24fbee1d2409d9bf2da6879b24a6d79c4,SDSP-0001,V10.2,static S-SMP authority closes
17C,whole_core_reconciliation_and_fixed_point_pass_a,OPEN,49789460fad1374a514772c553d6edf4a1638249,FIXED-POINT-A-0001,V10.2,owners 01C through 16C close
18C,cold_fixed_point_pass_b_and_release,OPEN,49789460fad1374a514772c553d6edf4a1638249,FIXED-POINT-B-0001;FRONTEND-0001,V10.2,17C closes
