Proof_ID,Type,Status,Input_Hashes,Producer,Evidence_Path,Admitted_Set,Failure_Rule,Test_IDs,Supersedes,Notes
BYTE-V01C-CENSUS,BYTE_OWNERSHIP,CLOSED,rom_sha256=9d721753301278325c851f1843d669a697aed757dcf6495a31fc31ddf664b182,analysis/v01c_cartridge_profile.py,config/byte-ownership.csv,all physical offsets 000000-0FFFFF exactly once,gap overlap or unsupported ROM => fail,V01C-UNIT-001;V01C-REPRO-001,,Non-header/vector bytes remain explicit UNRESOLVED rather than guessed data/code.
BYTE-V01C-HEADER-VECTORS,BYTE_OWNERSHIP,CLOSED,rom_sha256=9d721753301278325c851f1843d669a697aed757dcf6495a31fc31ddf664b182,analysis/v01c_cartridge_profile.py,docs/V01C-cartridge-evidence.json,physical 007FC0-007FFF HEADER_VECTOR,ambiguous header checksum mismatch or unsupported mapper => fail,V01C-UNIT-001;V01C-INVENTORY-001,,LoROM header selected with strong score margin and checksum byte-sum equality.
TEST-V01C-UNIT,TEST_CERTIFICATE,CLOSED,analyzer_sha256=f8d5f63463b021420b2ebb1466d0ad4fcce7cd66417c1cce97904782c93d4a5d,python3 unittest,tests/unit/test_v01c_cartridge_profile.py,5 V01C tests,any test failure rejects V01C,V01C-UNIT-001,,Includes wrong-ROM and invalid-mapping negative tests.
CPU-V02C-CONTEXTS,CPU_SEMANTICS,CLOSED,wdc_pdf_sha256=b9177e1b045d2c8a801d1b23619abb4e5b29b88868fa491df7296dbc0b13447e;mesen_zip_sha256=2771dea145bc9b1b637f7c1ced821a46d0586f1836fff0df86c721a7903c3f87,analysis/w65c816/decode.py,docs/V02C-opcode-context-matrix.csv,1280 legal opcode/E/M/X rows; 768 contradictory emulation rows rejected,invalid raw context or reference disagreement => fail,V02C-UNIT-001;V02C-WDC-001;V02C-MESEN-001,,Offline analysis only; admits zero target-ROM execution contexts.
CPU-V02C-DECIMAL,CPU_SEMANTICS,CLOSED,mesen_source_member_sha256=1e2b77cf29baf5e477809ba82a0da9a89fc05274a081c3b5b61091573b87d96c,analysis/w65c816/semantics.py,tests/unit/test_v02c_decimal_exhaustive.py,full 16-bit binary/BCD boundary domains described by V02C lesson,any arithmetic or NZVC mismatch => fail,V02C-DECIMAL-001,,Independent Mesen algorithm transcription lives in tests not production semantics.
CPU-V02C-ACCESS,CPU_ACCESS_SHAPE,CLOSED,opcode_matrix_sha256=a75a23a0b008e7dcbc82af54982121fed9b7310f6e02f101730b2611431b59f7,analysis/w65c816/access_contract.py,docs/V02C-opcode-context-matrix.csv,fetch/pointer/data/stack/vector counts and CPU-cycle ranges for each legal row,negative count missing annotation or unsupported ordering => fail,V02C-UNIT-001;V02C-REPRO-001,,Master-clock phases are explicitly not claimed at V02C.
DISCOVERY-V03C-ALLOFFSET,CONTEXT,CLOSED,rom_sha256=9d721753301278325c851f1843d669a697aed757dcf6495a31fc31ddf664b182;mesen_source_member_sha256=1e2b77cf29baf5e477809ba82a0da9a89fc05274a081c3b5b61091573b87d96c,analysis/v03c_discovery.py,docs/V03C-discovery-summary.json,"5,242,880 all-offset legal E/M/X decode rows as candidate-discovery census only",decoder disagreement boundary-wrap error or incomplete physical coverage => fail,V03C-UNIT-001;V03C-MESEN-001;V03C-REPRO-001,,All-offset decodes never admit execution contexts by themselves.
CONTEXT-V03C-VECTOR-DIRECT,CONTEXT,CLOSED,rom_sha256=9d721753301278325c851f1843d669a697aed757dcf6495a31fc31ddf664b182;analyser_sha256=2c71c3223c7c2d35ad3f1837acc7a49876078dff9f513611aef931b78c3243ea,analysis/v03c_discovery.py,docs/V03C-contexts.csv,212 unique source-proved PBR:PC:E:M:X keys; 270 physical PROVED_CODE bytes for discovery authority,"unknown status/return/indirect/re-entry provenance => candidate/frontier, never source proof",V03C-UNIT-001;V03C-CLAIM-001,,Production generated code still does not exist; this is source-proof discovery authority for later generation.
BYTE-V03C-DISCOVERY,BYTE_OWNERSHIP,CLOSED,rom_sha256=9d721753301278325c851f1843d669a697aed757dcf6495a31fc31ddf664b182,analysis/v03c_discovery.py,config/byte-ownership.csv,"1,048,576 physical bytes exactly once: 270 PROVED_CODE; 41,368 CANDIDATE; 1,006,874 UNRESOLVED; 64 HEADER_VECTOR",gap overlap source-proved conflict or implicit data relabel => fail,V03C-CLAIM-001;V03C-REPRO-001,BYTE-V01C-CENSUS,V01C header/vector ownership retained; unresolved remains explicit.
MMIO-V03C-APUIO-DISCOVERY,MMIO_CONFIGURATION,OPEN,rom_sha256=9d721753301278325c851f1843d669a697aed757dcf6495a31fc31ddf664b182,analysis/v03c_discovery.py,docs/V03C-apuio-candidates.csv,none; 35 source-byte operand candidates only,DBR/path or encoded bank not source-proved => no MMIO admission,V03C-UNIT-001;V03C-CLAIM-001,,18 graph-reached bank-unproved plus 17 all-offset-only; upload/protocol closure deferred.
TEST-V03C-DISCOVERY,TEST_CERTIFICATE,CLOSED,v03_analyser_sha256=2c71c3223c7c2d35ad3f1837acc7a49876078dff9f513611aef931b78c3243ea;v03_test_sha256=21a55d1f20c3abdafe98158adafcdece0177d083588defdd6490b88ca74240e1,scripts/run_v03c.sh,tests/unit/test_v03c_discovery.py,5 V03C-focused tests plus cumulative V01C/V02C gate and independent all-offset check,any test disagreement reproduction error or source-proved conflict rejects V03C,V03C-UNIT-001;V03C-MESEN-001;V03C-REPRO-001;V03C-CLAIM-001,,Cumulative technical gate and ROM-free cold-extracted source-package gate pass; no trace/oracle promotion.
CONTROL-V04C-PATH,CONTROL_FLOW,CLOSED,rom_sha256=9d721753301278325c851f1843d669a697aed757dcf6495a31fc31ddf664b182;v03_commit=e52ddb5200e1ec87eb0dc0426789e0370299e659,analysis/v04c_control_flow.py,docs/V04C-contexts.csv,"27,697 admitted path contexts; 2,258 unique PBR:PC:E:M:X keys",unproved DBR/status/register/stack/target provenance => explicit fail-closed boundary,V04C-UNIT-001;V04C-INDEPENDENT-001;V04C-REPRO-001,CONTEXT-V03C-VECTOR-DIRECT,Offline proof only; production static bodies begin in V05C.
DYNAMIC-V04C-CONTROL,DYNAMIC_TARGET,CLOSED,rom_sha256=9d721753301278325c851f1843d669a697aed757dcf6495a31fc31ddf664b182,analysis/v04c_control_flow.py,docs/V04C-dynamic-proofs.csv,"1,973 exact source-proved edges: 940 direct calls; 66 direct targets; 967 exact returns",7 unresolved indexed-indirect calls; 21 async re-entry cases; 29 returns beyond exact stack window fail closed,V04C-UNIT-001;V04C-INDEPENDENT-001;V04C-CLAIM-001,,No gameplay/oracle target admission.
BYTE-V04C-PROOF,BYTE_OWNERSHIP,CLOSED,rom_sha256=9d721753301278325c851f1843d669a697aed757dcf6495a31fc31ddf664b182,analysis/v04c_control_flow.py,config/byte-ownership.csv,"1,048,576 bytes exactly once: 4,803 PROVED_CODE; 36,835 CANDIDATE; 1,006,874 UNRESOLVED; 64 HEADER_VECTOR",gap overlap source-proved conflict or silent V03 candidate demotion => fail,V04C-INDEPENDENT-001;V04C-REPRO-001,BYTE-V03C-DISCOVERY,V03 candidate ownership remains visible unless exact admitted instruction bytes promote it.
MMIO-V04C-APUIO,MMIO_CONFIGURATION,CLOSED,rom_sha256=9d721753301278325c851f1843d669a697aed757dcf6495a31fc31ddf664b182,analysis/v04c_control_flow.py,docs/V04C-apuio-dispositions.csv,18 graph-reached APUIO candidates source-proved as CPU-side $2140-$2143 MMIO effective addresses; 17 raw candidates rejected,unknown DBR/path => no MMIO promotion; upload/S-SMP/DSP behavior not claimed,V04C-INDEPENDENT-001;V04C-CLAIM-001,MMIO-V03C-APUIO-DISCOVERY,Address identity only; audio protocol remains later work.
TEST-V04C-CONTROL,TEST_CERTIFICATE,CLOSED,v04_analyser_sha256=e2231dd8d63987be656c1430975472b96f14ade069a07e4d9b0e768a2c1ffae3;v04_test_sha256=fa764a92357b1a23ccbe5b8f7c2aef878c85c3e7d6a3ef403f633c7d1631c416,scripts/run_v04c.sh,tests/unit/test_v04c_control_flow.py,6 V04C-focused tests plus cumulative V01C-V03C gates and independent V04 reviewer,any test/reproduction/reviewer/claim mismatch rejects V04C,V04C-UNIT-001;V04C-INDEPENDENT-001;V04C-REPRO-001;V04C-CLAIM-001,,Technical gate passes; release/cold-package gate recorded separately.
STATIC-V05C-PROJECTION,CONTEXT,CLOSED,rom_sha256=9d721753301278325c851f1843d669a697aed757dcf6495a31fc31ddf664b182;v04_commit=851b3d004682cde7a16c345a19117ed2d51f448d;generator_sha256=a8aece6bd5d2674238e81b35640f0619b61a056adb1bff300f83c99d3960bb99,generator/v05c_static_lower.py,docs/V05C-production-manifest.csv,"2,258 exact PBR:PC:E:M:X keys; 2,238 fixed native bodies; 4,803 source-proved ROM bytes",source key absent or generated top/shard miss => JS_STOP_UNKNOWN_CONTEXT; no runtime opcode decoder,V05C-UNIT-001;V05C-INDEPENDENT-001;V05C-REPRO-001,CONTROL-V04C-PATH,Lossless static projection only. Gameplay/traces/oracle create zero production authority.
STATIC-V05C-BOUNDARIES,DYNAMIC_TARGET,CLOSED,v04_boundaries_sha256=0dbde8118d02f70b9e52a513a6ade2b8254ebf00ef997c112f6d9f76a919d9dd,generator/v05c_static_lower.py,docs/V05C-boundary-projection.csv;docs/V05C-successors.csv,"2,488 exact source-specific successor relations; 20 boundary-only keys; 12 mixed return keys",boundary-only stops before speculative execution; mixed return outside source set => JS_STOP_UNPROVED_RETURN,V05C-NATIVE-001;V05C-INDEPENDENT-001;V05C-CLAIM-001,DYNAMIC-V04C-CONTROL,No learned targets or fallback dispatch.
TEST-V05C-STATIC,TEST_CERTIFICATE,CLOSED,runtime_aggregate_sha256=737ef12f859ab1a424ff8cfbfe1d24963fb767eca7caf7c5be3d18c550671a67;independent_verifier_sha256=4f2ed4ad9501003fc1ac328100875eac78b57cd60a1f1b911702bbdeb4a353d2,scripts/run_v05c.sh,tests/unit/test_v05c_static_lowering.py;tests/native/test_v05c_native.c,5 structural tests; native GCC and UBSan architectural vectors; independent whole projection review,any build/test/reproduction/reviewer mismatch rejects V05C,V05C-UNIT-001;V05C-NATIVE-001;V05C-UBSAN-001;V05C-INDEPENDENT-001;V05C-REPRO-001;V05C-CLAIM-001,TEST-V04C-CONTROL,"Native tests are synthetic CPU/access vectors, not gameplay execution."
BUS-V06C-MAP,MMIO_CONFIGURATION,CLOSED,rom_sha256=9d721753301278325c851f1843d669a697aed757dcf6495a31fc31ddf664b182;v05_tag=V05C,analysis/v06c_machine_model.py;generator/v06c_machine_gen.py,docs/V06C-bus-census.csv,"all 16,777,216 S-CPU addresses classified; 8,323,072 ROM; 1,179,648 WRAM; zero SRAM","unknown mapper alias, modulo ROM mapping, or nonzero SRAM => reject V06C",V06C-UNIT-001;V06C-INDEPENDENT-001,,Strict target mapper only.
TIMING-V06C-ACCESS,TEST_CERTIFICATE,CLOSED,pinned MesenCE timing-table reference plus target mapping,analysis/v06c_machine_model.py,docs/V06C-speed-census.csv,"all 131,072 MEMSEL/bank/page cells classified as 6/8/12 access clocks",global master-clock or event ordering claim is forbidden until V07C,V06C-UNIT-001;V06C-INDEPENDENT-001,,"Counter is access_clock_sum, not master_clock."
CPU-V06C-ALU,CPU_SEMANTICS,CLOSED,Mesen AluMulDiv.cpp reference sha256=297aeb9c5ecaea1e49d33f9b22b28989db8abd9b5a7efb38d0a31e4862e0bc23,analysis/v06c_machine_model.py,../06_logs/V06C-alu-proof.json,"65,536 multiply pairs; 16,777,216 division final pairs; 1,116,672 iterative division pairs; 3,376 partial-cycle checks","busy-start, partial state, divide-zero or result mismatch rejects V06C",V06C-ALU-001,,Mesen source is corroboration only.
FETCH-V06C-FIXED,CONTEXT,CLOSED,V05C production manifest sha256=1fcfa3c35665ced0073cdbc05acdd5b429faa45bda9658037268403e4cfb78b6,generator/v06c_machine_gen.py,docs/V06C-fetch-manifest.csv,"2,258 existing V05 keys in 18 fetch shards; zero new contexts",fixed byte mismatch => JSV06_STOP_STATIC_CODE_MISMATCH; unknown key => JSV06_STOP_UNKNOWN_CONTEXT,V06C-UNIT-001;V06C-INDEPENDENT-001;V06C-REPRO-001,,Instruction fetch uses normal target bus without runtime opcode decode.
TEST-V06C-MACHINE,TEST_CERTIFICATE,CLOSED,V05C predecessor certificate + V06 model/generator/verifier hashes,scripts/run_v06c.sh,work_packages/V06C-WP01/receipt.json,"focused, independent, ALU and deterministic regeneration gates",any hash/test/reproduction/release audit mismatch rejects V06C,V06C-PREDECESSOR-001;V06C-UNIT-001;V06C-INDEPENDENT-001;V06C-ALU-001;V06C-REPRO-001,,Compilation/build intentionally not an end-of-version gate from V06C onward.
SCHED-V07C-TIMELINE,TIMING_SCHEDULER,CLOSED,v06_tag=099801ea46bfb80d8f9065a430775ce6b9bae31a;starter_sha256=d9240bc6bba8b9604e7a4bf037e04b009452fefa9f5ec2f13bb9a03486460bf1,analysis/v07c_scheduler_model.py;runtime/v07c_machine.c,docs/V07C-scheduler-summary.json,one monotonic master timeline; raster/refresh; NMI/IRQ; autojoy; DMA/HDMA rendezvous; exact S-SMP rational target,event/timing boundary disagreement or attempt to use V06 approximate active path => reject V07C,V07C-PREDECESSOR-001;V07C-UNIT-001;V07C-INDEPENDENT-001,TIMING-V06C-ACCESS,EVENT_ORDER_FUNCTIONAL scope; later device semantics may refine payload but must not replace timeline.
TIMING-V07C-INSTRUCTION,CPU_TIMING,CLOSED,v02_matrix_sha256=a75a23a0b008e7dcbc82af54982121fed9b7310f6e02f101730b2611431b59f7;v05_manifest_sha256=1fcfa3c35665ced0073cdbc05acdd5b429faa45bda9658037268403e4cfb78b6,generator/v07c_scheduler_gen.py,docs/V07C-timing-manifest.csv,"2,258 exact existing keys; 2,250 scheduler-executable; fixed/dynamic timing choreography and read/write phases","unknown key, fixed source byte mismatch, timing cycle disagreement or unproved successor => fail closed",V07C-UNIT-001;V07C-INDEPENDENT-001;V07C-REPRO-001,FETCH-V06C-FIXED,Zero gameplay/trace/oracle/context promotions; no runtime opcode decoder.
INTERRUPT-V07C-ENTRY-RETURN,INTERRUPT_REENTRY,CLOSED,v05_boundary_sha256=68625773e0ce653702b2541c87d6e7f7043842759cc058f5091151a4824be194,runtime/v07c_machine.c;generator/v07c_scheduler_gen.py,docs/V07C-timing-manifest.csv,12 pre-existing exact RTI keys promoted from named re-entry boundary to scheduler-owned RTI semantics; NMI/IRQ vector entry targets must already exist in V07 exact-key table,entered or returned PBR:PC:E:M:X key absent from table => JSV07_STOP_UNADMITTED_INTERRUPT_TARGET,V07C-UNIT-001;V07C-INDEPENDENT-001,STATIC-V05C-BOUNDARIES,This closes asynchronous re-entry timing without adding any context key; 8 source-proof boundaries remain.
TEST-V07C-SCHEDULER,TEST_CERTIFICATE,CLOSED,v06_predecessor_certificate + v07 scheduler/generator/runtime/verifier hashes,scripts/run_v07c.sh,work_packages/V07C-WP01/receipt.json,"23 focused source/static tests; independent 2,258-context pinned-source review; one cache-cold deterministic regeneration",certificate/test/reviewer/reproduction/release-audit mismatch rejects V07C,V07C-PREDECESSOR-001;V07C-UNIT-001;V07C-INDEPENDENT-001;V07C-REPRO-001,,No static-core compilation/build at version end by user policy.
DMA-V08C-CONTROLLER,DMA_HDMA_CONTROLLER,CLOSED,v07_tag=a4ed5b1061fca4b44196dc7dc2c346273d569ea0;pinned_mesen_dma_source,analysis/v08c_dma_model.py;runtime/v08c_machine.c,docs/V08C-dma-summary.json,all 8 DMA/HDMA channels; all 8 modes; both directions; stepping; DAS0; direct/indirect HDMA; repeat/reload/termination; priority; WRAM restriction; V07 timeline,controller/source/timing/re-entry mismatch or missing later-device seam => fail closed,V08C-UNIT-001;V08C-INDEPENDENT-001,SCHED-V07C-TIMELINE,No new execution contexts; V07 timing authority retained.
DMA-V08C-SOURCE-PROFILES,MMIO_CONFIGURATION,CLOSED,rom_sha256=9d721753301278325c851f1843d669a697aed757dcf6495a31fc31ddf664b182;frozen_v04_memory_accesses,generator/v08c_dma_gen.py,docs/V08C-source-dma-configurations.csv,8 named target-source DMA profiles; reached channels 0/3/4; exact $420B/$420C source sets,source census/signature/test mapping drift => reject V08C,V08C-UNIT-001;V08C-INDEPENDENT-001,,Source profiles select tests only; they do not constrain general hardware semantics.
TEST-V08C-DMA,TEST_CERTIFICATE,CLOSED,V07C predecessor certificate + V08 model/generator/runtime/verifier hashes,scripts/run_v08c.sh,work_packages/V08C-WP01/receipt.json,31 focused source/static tests; independent raw-ROM/frozen-source/pinned-source review; one cache-cold deterministic regeneration,certificate/test/reviewer/reproduction/cold-release mismatch rejects V08C,V08C-PREDECESSOR-001;V08C-UNIT-001;V08C-INDEPENDENT-001;V08C-REPRO-001,,No static-core compilation/build at version end by user policy.
AUDIO-V10.1-IPL-UPLOAD,SMP_BOOTSTRAP,CLOSED,rom_sha256=9d721753301278325c851f1843d669a697aed757dcf6495a31fc31ddf664b182;fixed_ipl_sha256=c95f88b299030d5afa55b1031e2b5ef2dff650c4b4e6bb6f8b1359436521278f,analysis/v10_1_apu_model.py;generator/v10_1_audio_gen.py;runtime/v10_1_apu.c,docs/V10.1-aram-summary.json,4 source-proved reset upload calls; 58368 uploaded bytes; 58607 known ARAM bytes; final entry $0400,wrong ROM/call/record/counter/knownness/timing or unexpected entry => fail closed,V10.1-PREDECESSOR-001;V10.1-UNIT-001;V10.1-INDEPENDENT-001;V10.1-REPRO-001,V07C-FRONTIER-APU,Dedicated fixed IPL protocol only; generic SPC700 decoding prohibited.
WRAM-V10.1-EPOCH-CENSUS,EXECUTABLE_WRAM,CLOSED,frozen V04 memory accesses + V05 successors,generator/v10_1_audio_gen.py,docs/V10.1-wram-epoch-summary.json,zero admitted executable-WRAM epochs,any source-proved WRAM successor requires exact producer/epoch closure before execution,V10.1-UNIT-001;V10.1-INDEPENDENT-001,,Low-WRAM writes remain data; no execution promotion from write presence alone.
