Candidate_ID,Physical,Canonical_CPU,Opcode,Mnemonic,Mode,Access,Register,Address_Form,Encoded_Bank,Graph_Levels,Known_DBRs,Claim,Notes
V03A0001,0079FD,00:F9FD,AD,LDA,ABS,READ,2142,DBR:ABS16,,CANDIDATE,,GRAPH_REACHED_BANK_UNPROVED,All-offset source candidate; graph/DBR columns control whether the MMIO bank is actually proved.
V03A0002,007A27,00:FA27,8D,STA,ABS,WRITE,2142,DBR:ABS16,,CANDIDATE,,GRAPH_REACHED_BANK_UNPROVED,All-offset source candidate; graph/DBR columns control whether the MMIO bank is actually proved.
V03A0003,007A42,00:FA42,8D,STA,ABS,WRITE,2140,DBR:ABS16,,CANDIDATE,,GRAPH_REACHED_BANK_UNPROVED,All-offset source candidate; graph/DBR columns control whether the MMIO bank is actually proved.
V03A0004,007A4D,00:FA4D,CD,CMP,ABS,READ,2140,DBR:ABS16,,CANDIDATE,,GRAPH_REACHED_BANK_UNPROVED,All-offset source candidate; graph/DBR columns control whether the MMIO bank is actually proved.
V03A0005,007A61,00:FA61,8D,STA,ABS,WRITE,2142,DBR:ABS16,,CANDIDATE,,GRAPH_REACHED_BANK_UNPROVED,All-offset source candidate; graph/DBR columns control whether the MMIO bank is actually proved.
V03A0006,007A69,00:FA69,8D,STA,ABS,WRITE,2143,DBR:ABS16,,CANDIDATE,,GRAPH_REACHED_BANK_UNPROVED,All-offset source candidate; graph/DBR columns control whether the MMIO bank is actually proved.
V03A0007,007A7B,00:FA7B,8D,STA,ABS,WRITE,2141,DBR:ABS16,,CANDIDATE,,GRAPH_REACHED_BANK_UNPROVED,All-offset source candidate; graph/DBR columns control whether the MMIO bank is actually proved.
V03A0008,007A80,00:FA80,8D,STA,ABS,WRITE,2140,DBR:ABS16,,CANDIDATE,,GRAPH_REACHED_BANK_UNPROVED,All-offset source candidate; graph/DBR columns control whether the MMIO bank is actually proved.
V03A0009,007A83,00:FA83,CD,CMP,ABS,READ,2140,DBR:ABS16,,CANDIDATE,,GRAPH_REACHED_BANK_UNPROVED,All-offset source candidate; graph/DBR columns control whether the MMIO bank is actually proved.
V03A0010,007A8D,00:FA8D,8D,STA,ABS,WRITE,2141,DBR:ABS16,,CANDIDATE,,GRAPH_REACHED_BANK_UNPROVED,All-offset source candidate; graph/DBR columns control whether the MMIO bank is actually proved.
V03A0011,007A92,00:FA92,8D,STA,ABS,WRITE,2140,DBR:ABS16,,CANDIDATE,,GRAPH_REACHED_BANK_UNPROVED,All-offset source candidate; graph/DBR columns control whether the MMIO bank is actually proved.
V03A0012,007A95,00:FA95,CD,CMP,ABS,READ,2140,DBR:ABS16,,CANDIDATE,,GRAPH_REACHED_BANK_UNPROVED,All-offset source candidate; graph/DBR columns control whether the MMIO bank is actually proved.
V03A0013,007AA8,00:FAA8,8D,STA,ABS,WRITE,2142,DBR:ABS16,,CANDIDATE,,GRAPH_REACHED_BANK_UNPROVED,All-offset source candidate; graph/DBR columns control whether the MMIO bank is actually proved.
V03A0014,007AAD,00:FAAD,9C,STZ,ABS,WRITE,2141,DBR:ABS16,,CANDIDATE,,GRAPH_REACHED_BANK_UNPROVED,All-offset source candidate; graph/DBR columns control whether the MMIO bank is actually proved.
V03A0015,007AB5,00:FAB5,8D,STA,ABS,WRITE,2140,DBR:ABS16,,CANDIDATE,,GRAPH_REACHED_BANK_UNPROVED,All-offset source candidate; graph/DBR columns control whether the MMIO bank is actually proved.
V03A0016,007AC4,00:FAC4,CD,CMP,ABS,READ,2142,DBR:ABS16,,CANDIDATE,,GRAPH_REACHED_BANK_UNPROVED,All-offset source candidate; graph/DBR columns control whether the MMIO bank is actually proved.
V03A0017,007ACC,00:FACC,8D,STA,ABS,WRITE,2142,DBR:ABS16,,CANDIDATE,,GRAPH_REACHED_BANK_UNPROVED,All-offset source candidate; graph/DBR columns control whether the MMIO bank is actually proved.
V03A0018,007ADE,00:FADE,CD,CMP,ABS,READ,2140,DBR:ABS16,,CANDIDATE,,GRAPH_REACHED_BANK_UNPROVED,All-offset source candidate; graph/DBR columns control whether the MMIO bank is actually proved.
V03A0019,007C5B,00:FC5B,8D,STA,ABS,WRITE,2141,DBR:ABS16,,,,ALL_OFFSET_ONLY,All-offset source candidate; graph/DBR columns control whether the MMIO bank is actually proved.
V03A0020,007C5E,00:FC5E,8E,STX,ABS,WRITE,2140,DBR:ABS16,,,,ALL_OFFSET_ONLY,All-offset source candidate; graph/DBR columns control whether the MMIO bank is actually proved.
V03A0021,007C6F,00:FC6F,EC,CPX,ABS,READ,2140,DBR:ABS16,,,,ALL_OFFSET_ONLY,All-offset source candidate; graph/DBR columns control whether the MMIO bank is actually proved.
V03A0022,007C78,00:FC78,9C,STZ,ABS,WRITE,2141,DBR:ABS16,,,,ALL_OFFSET_ONLY,All-offset source candidate; graph/DBR columns control whether the MMIO bank is actually proved.
V03A0023,007C7B,00:FC7B,9C,STZ,ABS,WRITE,2140,DBR:ABS16,,,,ALL_OFFSET_ONLY,All-offset source candidate; graph/DBR columns control whether the MMIO bank is actually proved.
V03A0024,007C98,00:FC98,9C,STZ,ABS,WRITE,2141,DBR:ABS16,,,,ALL_OFFSET_ONLY,All-offset source candidate; graph/DBR columns control whether the MMIO bank is actually proved.
V03A0025,007C9B,00:FC9B,8E,STX,ABS,WRITE,2140,DBR:ABS16,,,,ALL_OFFSET_ONLY,All-offset source candidate; graph/DBR columns control whether the MMIO bank is actually proved.
V03A0026,007C9E,00:FC9E,EC,CPX,ABS,READ,2140,DBR:ABS16,,,,ALL_OFFSET_ONLY,All-offset source candidate; graph/DBR columns control whether the MMIO bank is actually proved.
V03A0027,007CA7,00:FCA7,9C,STZ,ABS,WRITE,2140,DBR:ABS16,,,,ALL_OFFSET_ONLY,All-offset source candidate; graph/DBR columns control whether the MMIO bank is actually proved.
V03A0028,007CB0,00:FCB0,8D,STA,ABS,WRITE,2140,DBR:ABS16,,,,ALL_OFFSET_ONLY,All-offset source candidate; graph/DBR columns control whether the MMIO bank is actually proved.
V03A0029,007CB3,00:FCB3,CD,CMP,ABS,READ,2140,DBR:ABS16,,,,ALL_OFFSET_ONLY,All-offset source candidate; graph/DBR columns control whether the MMIO bank is actually proved.
V03A0030,007CB8,00:FCB8,9C,STZ,ABS,WRITE,2140,DBR:ABS16,,,,ALL_OFFSET_ONLY,All-offset source candidate; graph/DBR columns control whether the MMIO bank is actually proved.
V03A0031,09A952,13:A952,79,ADC,ABS_Y,READ,2141,DBR:ABS16,,,,ALL_OFFSET_ONLY,All-offset source candidate; graph/DBR columns control whether the MMIO bank is actually proved.
V03A0032,0B7B78,16:FB78,AF,LDA,ABS_LONG,READ,2140,LONG24,08,,,ALL_OFFSET_ONLY,All-offset source candidate; graph/DBR columns control whether the MMIO bank is actually proved.
V03A0033,0B9B38,17:9B38,DF,CMP,ABS_LONG_X,READ,2142,LONG24,3F,,,ALL_OFFSET_ONLY,All-offset source candidate; graph/DBR columns control whether the MMIO bank is actually proved.
V03A0034,0C7CBB,18:FCBB,FF,SBC,ABS_LONG_X,READ,2141,LONG24,81,,,ALL_OFFSET_ONLY,All-offset source candidate; graph/DBR columns control whether the MMIO bank is actually proved.
V03A0035,0F0D6D,1E:8D6D,EC,CPX,ABS,READ,2143,DBR:ABS16,,,,ALL_OFFSET_ONLY,All-offset source candidate; graph/DBR columns control whether the MMIO bank is actually proved.
