Physical_Start,Physical_End,Classification,Confidence,Mapped_CPU_Addresses,Producer,Consumer,Proof_ID,Conflict_ID,Phase,Notes
000000,000003,PROVED_CODE,SOURCE_PROVED,canonical LoROM physical ownership; mirrors do not duplicate bytes,V03C root/direct-flow discovery,future static generation,BYTE-V03C-DISCOVERY,,V03C,
000004,00000B,UNRESOLVED,EXPLICIT_UNKNOWN,canonical LoROM physical ownership; mirrors do not duplicate bytes,V03C root/direct-flow discovery,V04C dynamic/return proof,BYTE-V03C-DISCOVERY,,V03C,Unresolved remains explicit; never inferred as data.
00000C,00003B,PROVED_CODE,SOURCE_PROVED,canonical LoROM physical ownership; mirrors do not duplicate bytes,V03C root/direct-flow discovery,future static generation,BYTE-V03C-DISCOVERY,,V03C,
00003C,000165,CANDIDATE,CANDIDATE_ONLY,canonical LoROM physical ownership; mirrors do not duplicate bytes,V03C root/direct-flow discovery,V04C dynamic/return proof,BYTE-V03C-DISCOVERY,,V03C,Candidate is not production authority.
000166,000183,PROVED_CODE,SOURCE_PROVED,canonical LoROM physical ownership; mirrors do not duplicate bytes,V03C root/direct-flow discovery,future static generation,BYTE-V03C-DISCOVERY,,V03C,
000184,000189,CANDIDATE,CANDIDATE_ONLY,canonical LoROM physical ownership; mirrors do not duplicate bytes,V03C root/direct-flow discovery,V04C dynamic/return proof,BYTE-V03C-DISCOVERY,,V03C,Candidate is not production authority.
00018A,000196,PROVED_CODE,SOURCE_PROVED,canonical LoROM physical ownership; mirrors do not duplicate bytes,V03C root/direct-flow discovery,future static generation,BYTE-V03C-DISCOVERY,,V03C,
000197,0001BA,UNRESOLVED,EXPLICIT_UNKNOWN,canonical LoROM physical ownership; mirrors do not duplicate bytes,V03C root/direct-flow discovery,V04C dynamic/return proof,BYTE-V03C-DISCOVERY,,V03C,Unresolved remains explicit; never inferred as data.
0001BB,0001BF,PROVED_CODE,SOURCE_PROVED,canonical LoROM physical ownership; mirrors do not duplicate bytes,V03C root/direct-flow discovery,future static generation,BYTE-V03C-DISCOVERY,,V03C,
0001C0,0001FC,UNRESOLVED,EXPLICIT_UNKNOWN,canonical LoROM physical ownership; mirrors do not duplicate bytes,V03C root/direct-flow discovery,V04C dynamic/return proof,BYTE-V03C-DISCOVERY,,V03C,Unresolved remains explicit; never inferred as data.
0001FD,000227,PROVED_CODE,SOURCE_PROVED,canonical LoROM physical ownership; mirrors do not duplicate bytes,V03C root/direct-flow discovery,future static generation,BYTE-V03C-DISCOVERY,,V03C,
000228,0002F6,UNRESOLVED,EXPLICIT_UNKNOWN,canonical LoROM physical ownership; mirrors do not duplicate bytes,V03C root/direct-flow discovery,V04C dynamic/return proof,BYTE-V03C-DISCOVERY,,V03C,Unresolved remains explicit; never inferred as data.
0002F7,00033B,CANDIDATE,CANDIDATE_ONLY,canonical LoROM physical ownership; mirrors do not duplicate bytes,V03C root/direct-flow discovery,V04C dynamic/return proof,BYTE-V03C-DISCOVERY,,V03C,Candidate is not production authority.
00033C,00035A,UNRESOLVED,EXPLICIT_UNKNOWN,canonical LoROM physical ownership; mirrors do not duplicate bytes,V03C root/direct-flow discovery,V04C dynamic/return proof,BYTE-V03C-DISCOVERY,,V03C,Unresolved remains explicit; never inferred as data.
00035B,0004F6,CANDIDATE,CANDIDATE_ONLY,canonical LoROM physical ownership; mirrors do not duplicate bytes,V03C root/direct-flow discovery,V04C dynamic/return proof,BYTE-V03C-DISCOVERY,,V03C,Candidate is not production authority.
0004F7,00050E,UNRESOLVED,EXPLICIT_UNKNOWN,canonical LoROM physical ownership; mirrors do not duplicate bytes,V03C root/direct-flow discovery,V04C dynamic/return proof,BYTE-V03C-DISCOVERY,,V03C,Unresolved remains explicit; never inferred as data.
00050F,000638,CANDIDATE,CANDIDATE_ONLY,canonical LoROM physical ownership; mirrors do not duplicate bytes,V03C root/direct-flow discovery,V04C dynamic/return proof,BYTE-V03C-DISCOVERY,,V03C,Candidate is not production authority.
000639,00087C,UNRESOLVED,EXPLICIT_UNKNOWN,canonical LoROM physical ownership; mirrors do not duplicate bytes,V03C root/direct-flow discovery,V04C dynamic/return proof,BYTE-V03C-DISCOVERY,,V03C,Unresolved remains explicit; never inferred as data.
00087D,000BEE,CANDIDATE,CANDIDATE_ONLY,canonical LoROM physical ownership; mirrors do not duplicate bytes,V03C root/direct-flow discovery,V04C dynamic/return proof,BYTE-V03C-DISCOVERY,,V03C,Candidate is not production authority.
000BEF,000BF8,UNRESOLVED,EXPLICIT_UNKNOWN,canonical LoROM physical ownership; mirrors do not duplicate bytes,V03C root/direct-flow discovery,V04C dynamic/return proof,BYTE-V03C-DISCOVERY,,V03C,Unresolved remains explicit; never inferred as data.
000BF9,000FED,CANDIDATE,CANDIDATE_ONLY,canonical LoROM physical ownership; mirrors do not duplicate bytes,V03C root/direct-flow discovery,V04C dynamic/return proof,BYTE-V03C-DISCOVERY,,V03C,Candidate is not production authority.
000FEE,00105D,UNRESOLVED,EXPLICIT_UNKNOWN,canonical LoROM physical ownership; mirrors do not duplicate bytes,V03C root/direct-flow discovery,V04C dynamic/return proof,BYTE-V03C-DISCOVERY,,V03C,Unresolved remains explicit; never inferred as data.
00105E,00169F,CANDIDATE,CANDIDATE_ONLY,canonical LoROM physical ownership; mirrors do not duplicate bytes,V03C root/direct-flow discovery,V04C dynamic/return proof,BYTE-V03C-DISCOVERY,,V03C,Candidate is not production authority.
0016A0,0018FA,UNRESOLVED,EXPLICIT_UNKNOWN,canonical LoROM physical ownership; mirrors do not duplicate bytes,V03C root/direct-flow discovery,V04C dynamic/return proof,BYTE-V03C-DISCOVERY,,V03C,Unresolved remains explicit; never inferred as data.
0018FB,0019C8,CANDIDATE,CANDIDATE_ONLY,canonical LoROM physical ownership; mirrors do not duplicate bytes,V03C root/direct-flow discovery,V04C dynamic/return proof,BYTE-V03C-DISCOVERY,,V03C,Candidate is not production authority.
0019C9,0019D1,UNRESOLVED,EXPLICIT_UNKNOWN,canonical LoROM physical ownership; mirrors do not duplicate bytes,V03C root/direct-flow discovery,V04C dynamic/return proof,BYTE-V03C-DISCOVERY,,V03C,Unresolved remains explicit; never inferred as data.
0019D2,001BC9,CANDIDATE,CANDIDATE_ONLY,canonical LoROM physical ownership; mirrors do not duplicate bytes,V03C root/direct-flow discovery,V04C dynamic/return proof,BYTE-V03C-DISCOVERY,,V03C,Candidate is not production authority.
001BCA,001BD1,UNRESOLVED,EXPLICIT_UNKNOWN,canonical LoROM physical ownership; mirrors do not duplicate bytes,V03C root/direct-flow discovery,V04C dynamic/return proof,BYTE-V03C-DISCOVERY,,V03C,Unresolved remains explicit; never inferred as data.
001BD2,001D7F,CANDIDATE,CANDIDATE_ONLY,canonical LoROM physical ownership; mirrors do not duplicate bytes,V03C root/direct-flow discovery,V04C dynamic/return proof,BYTE-V03C-DISCOVERY,,V03C,Candidate is not production authority.
001D80,001D9B,UNRESOLVED,EXPLICIT_UNKNOWN,canonical LoROM physical ownership; mirrors do not duplicate bytes,V03C root/direct-flow discovery,V04C dynamic/return proof,BYTE-V03C-DISCOVERY,,V03C,Unresolved remains explicit; never inferred as data.
001D9C,001F77,CANDIDATE,CANDIDATE_ONLY,canonical LoROM physical ownership; mirrors do not duplicate bytes,V03C root/direct-flow discovery,V04C dynamic/return proof,BYTE-V03C-DISCOVERY,,V03C,Candidate is not production authority.
001F78,001F97,UNRESOLVED,EXPLICIT_UNKNOWN,canonical LoROM physical ownership; mirrors do not duplicate bytes,V03C root/direct-flow discovery,V04C dynamic/return proof,BYTE-V03C-DISCOVERY,,V03C,Unresolved remains explicit; never inferred as data.
001F98,00201D,CANDIDATE,CANDIDATE_ONLY,canonical LoROM physical ownership; mirrors do not duplicate bytes,V03C root/direct-flow discovery,V04C dynamic/return proof,BYTE-V03C-DISCOVERY,,V03C,Candidate is not production authority.
00201E,0021F1,UNRESOLVED,EXPLICIT_UNKNOWN,canonical LoROM physical ownership; mirrors do not duplicate bytes,V03C root/direct-flow discovery,V04C dynamic/return proof,BYTE-V03C-DISCOVERY,,V03C,Unresolved remains explicit; never inferred as data.
0021F2,0023C7,CANDIDATE,CANDIDATE_ONLY,canonical LoROM physical ownership; mirrors do not duplicate bytes,V03C root/direct-flow discovery,V04C dynamic/return proof,BYTE-V03C-DISCOVERY,,V03C,Candidate is not production authority.
0023C8,0023E9,UNRESOLVED,EXPLICIT_UNKNOWN,canonical LoROM physical ownership; mirrors do not duplicate bytes,V03C root/direct-flow discovery,V04C dynamic/return proof,BYTE-V03C-DISCOVERY,,V03C,Unresolved remains explicit; never inferred as data.
0023EA,00244B,CANDIDATE,CANDIDATE_ONLY,canonical LoROM physical ownership; mirrors do not duplicate bytes,V03C root/direct-flow discovery,V04C dynamic/return proof,BYTE-V03C-DISCOVERY,,V03C,Candidate is not production authority.
00244C,002453,UNRESOLVED,EXPLICIT_UNKNOWN,canonical LoROM physical ownership; mirrors do not duplicate bytes,V03C root/direct-flow discovery,V04C dynamic/return proof,BYTE-V03C-DISCOVERY,,V03C,Unresolved remains explicit; never inferred as data.
002454,00248B,CANDIDATE,CANDIDATE_ONLY,canonical LoROM physical ownership; mirrors do not duplicate bytes,V03C root/direct-flow discovery,V04C dynamic/return proof,BYTE-V03C-DISCOVERY,,V03C,Candidate is not production authority.
00248C,0024B3,UNRESOLVED,EXPLICIT_UNKNOWN,canonical LoROM physical ownership; mirrors do not duplicate bytes,V03C root/direct-flow discovery,V04C dynamic/return proof,BYTE-V03C-DISCOVERY,,V03C,Unresolved remains explicit; never inferred as data.
0024B4,002573,CANDIDATE,CANDIDATE_ONLY,canonical LoROM physical ownership; mirrors do not duplicate bytes,V03C root/direct-flow discovery,V04C dynamic/return proof,BYTE-V03C-DISCOVERY,,V03C,Candidate is not production authority.
002574,0025AC,UNRESOLVED,EXPLICIT_UNKNOWN,canonical LoROM physical ownership; mirrors do not duplicate bytes,V03C root/direct-flow discovery,V04C dynamic/return proof,BYTE-V03C-DISCOVERY,,V03C,Unresolved remains explicit; never inferred as data.
0025AD,0025CF,CANDIDATE,CANDIDATE_ONLY,canonical LoROM physical ownership; mirrors do not duplicate bytes,V03C root/direct-flow discovery,V04C dynamic/return proof,BYTE-V03C-DISCOVERY,,V03C,Candidate is not production authority.
0025D0,002BC1,UNRESOLVED,EXPLICIT_UNKNOWN,canonical LoROM physical ownership; mirrors do not duplicate bytes,V03C root/direct-flow discovery,V04C dynamic/return proof,BYTE-V03C-DISCOVERY,,V03C,Unresolved remains explicit; never inferred as data.
002BC2,002BD0,CANDIDATE,CANDIDATE_ONLY,canonical LoROM physical ownership; mirrors do not duplicate bytes,V03C root/direct-flow discovery,V04C dynamic/return proof,BYTE-V03C-DISCOVERY,,V03C,Candidate is not production authority.
002BD1,002F4B,UNRESOLVED,EXPLICIT_UNKNOWN,canonical LoROM physical ownership; mirrors do not duplicate bytes,V03C root/direct-flow discovery,V04C dynamic/return proof,BYTE-V03C-DISCOVERY,,V03C,Unresolved remains explicit; never inferred as data.
002F4C,00334D,CANDIDATE,CANDIDATE_ONLY,canonical LoROM physical ownership; mirrors do not duplicate bytes,V03C root/direct-flow discovery,V04C dynamic/return proof,BYTE-V03C-DISCOVERY,,V03C,Candidate is not production authority.
00334E,003355,UNRESOLVED,EXPLICIT_UNKNOWN,canonical LoROM physical ownership; mirrors do not duplicate bytes,V03C root/direct-flow discovery,V04C dynamic/return proof,BYTE-V03C-DISCOVERY,,V03C,Unresolved remains explicit; never inferred as data.
003356,003569,CANDIDATE,CANDIDATE_ONLY,canonical LoROM physical ownership; mirrors do not duplicate bytes,V03C root/direct-flow discovery,V04C dynamic/return proof,BYTE-V03C-DISCOVERY,,V03C,Candidate is not production authority.
00356A,0035DF,UNRESOLVED,EXPLICIT_UNKNOWN,canonical LoROM physical ownership; mirrors do not duplicate bytes,V03C root/direct-flow discovery,V04C dynamic/return proof,BYTE-V03C-DISCOVERY,,V03C,Unresolved remains explicit; never inferred as data.
0035E0,0037AF,CANDIDATE,CANDIDATE_ONLY,canonical LoROM physical ownership; mirrors do not duplicate bytes,V03C root/direct-flow discovery,V04C dynamic/return proof,BYTE-V03C-DISCOVERY,,V03C,Candidate is not production authority.
0037B0,003960,UNRESOLVED,EXPLICIT_UNKNOWN,canonical LoROM physical ownership; mirrors do not duplicate bytes,V03C root/direct-flow discovery,V04C dynamic/return proof,BYTE-V03C-DISCOVERY,,V03C,Unresolved remains explicit; never inferred as data.
003961,003D54,CANDIDATE,CANDIDATE_ONLY,canonical LoROM physical ownership; mirrors do not duplicate bytes,V03C root/direct-flow discovery,V04C dynamic/return proof,BYTE-V03C-DISCOVERY,,V03C,Candidate is not production authority.
003D55,004038,UNRESOLVED,EXPLICIT_UNKNOWN,canonical LoROM physical ownership; mirrors do not duplicate bytes,V03C root/direct-flow discovery,V04C dynamic/return proof,BYTE-V03C-DISCOVERY,,V03C,Unresolved remains explicit; never inferred as data.
004039,004319,CANDIDATE,CANDIDATE_ONLY,canonical LoROM physical ownership; mirrors do not duplicate bytes,V03C root/direct-flow discovery,V04C dynamic/return proof,BYTE-V03C-DISCOVERY,,V03C,Candidate is not production authority.
00431A,00435B,UNRESOLVED,EXPLICIT_UNKNOWN,canonical LoROM physical ownership; mirrors do not duplicate bytes,V03C root/direct-flow discovery,V04C dynamic/return proof,BYTE-V03C-DISCOVERY,,V03C,Unresolved remains explicit; never inferred as data.
00435C,0045F9,CANDIDATE,CANDIDATE_ONLY,canonical LoROM physical ownership; mirrors do not duplicate bytes,V03C root/direct-flow discovery,V04C dynamic/return proof,BYTE-V03C-DISCOVERY,,V03C,Candidate is not production authority.
0045FA,004661,UNRESOLVED,EXPLICIT_UNKNOWN,canonical LoROM physical ownership; mirrors do not duplicate bytes,V03C root/direct-flow discovery,V04C dynamic/return proof,BYTE-V03C-DISCOVERY,,V03C,Unresolved remains explicit; never inferred as data.
004662,00494D,CANDIDATE,CANDIDATE_ONLY,canonical LoROM physical ownership; mirrors do not duplicate bytes,V03C root/direct-flow discovery,V04C dynamic/return proof,BYTE-V03C-DISCOVERY,,V03C,Candidate is not production authority.
00494E,004951,UNRESOLVED,EXPLICIT_UNKNOWN,canonical LoROM physical ownership; mirrors do not duplicate bytes,V03C root/direct-flow discovery,V04C dynamic/return proof,BYTE-V03C-DISCOVERY,,V03C,Unresolved remains explicit; never inferred as data.
004952,004C78,CANDIDATE,CANDIDATE_ONLY,canonical LoROM physical ownership; mirrors do not duplicate bytes,V03C root/direct-flow discovery,V04C dynamic/return proof,BYTE-V03C-DISCOVERY,,V03C,Candidate is not production authority.
004C79,004C98,UNRESOLVED,EXPLICIT_UNKNOWN,canonical LoROM physical ownership; mirrors do not duplicate bytes,V03C root/direct-flow discovery,V04C dynamic/return proof,BYTE-V03C-DISCOVERY,,V03C,Unresolved remains explicit; never inferred as data.
004C99,004D15,CANDIDATE,CANDIDATE_ONLY,canonical LoROM physical ownership; mirrors do not duplicate bytes,V03C root/direct-flow discovery,V04C dynamic/return proof,BYTE-V03C-DISCOVERY,,V03C,Candidate is not production authority.
004D16,004D41,UNRESOLVED,EXPLICIT_UNKNOWN,canonical LoROM physical ownership; mirrors do not duplicate bytes,V03C root/direct-flow discovery,V04C dynamic/return proof,BYTE-V03C-DISCOVERY,,V03C,Unresolved remains explicit; never inferred as data.
004D42,004E0B,CANDIDATE,CANDIDATE_ONLY,canonical LoROM physical ownership; mirrors do not duplicate bytes,V03C root/direct-flow discovery,V04C dynamic/return proof,BYTE-V03C-DISCOVERY,,V03C,Candidate is not production authority.
004E0C,004E0F,UNRESOLVED,EXPLICIT_UNKNOWN,canonical LoROM physical ownership; mirrors do not duplicate bytes,V03C root/direct-flow discovery,V04C dynamic/return proof,BYTE-V03C-DISCOVERY,,V03C,Unresolved remains explicit; never inferred as data.
004E10,0051DE,CANDIDATE,CANDIDATE_ONLY,canonical LoROM physical ownership; mirrors do not duplicate bytes,V03C root/direct-flow discovery,V04C dynamic/return proof,BYTE-V03C-DISCOVERY,,V03C,Candidate is not production authority.
0051DF,005215,UNRESOLVED,EXPLICIT_UNKNOWN,canonical LoROM physical ownership; mirrors do not duplicate bytes,V03C root/direct-flow discovery,V04C dynamic/return proof,BYTE-V03C-DISCOVERY,,V03C,Unresolved remains explicit; never inferred as data.
005216,0055FC,CANDIDATE,CANDIDATE_ONLY,canonical LoROM physical ownership; mirrors do not duplicate bytes,V03C root/direct-flow discovery,V04C dynamic/return proof,BYTE-V03C-DISCOVERY,,V03C,Candidate is not production authority.
0055FD,0055FE,UNRESOLVED,EXPLICIT_UNKNOWN,canonical LoROM physical ownership; mirrors do not duplicate bytes,V03C root/direct-flow discovery,V04C dynamic/return proof,BYTE-V03C-DISCOVERY,,V03C,Unresolved remains explicit; never inferred as data.
0055FF,00560A,CANDIDATE,CANDIDATE_ONLY,canonical LoROM physical ownership; mirrors do not duplicate bytes,V03C root/direct-flow discovery,V04C dynamic/return proof,BYTE-V03C-DISCOVERY,,V03C,Candidate is not production authority.
00560B,00560C,UNRESOLVED,EXPLICIT_UNKNOWN,canonical LoROM physical ownership; mirrors do not duplicate bytes,V03C root/direct-flow discovery,V04C dynamic/return proof,BYTE-V03C-DISCOVERY,,V03C,Unresolved remains explicit; never inferred as data.
00560D,00578C,CANDIDATE,CANDIDATE_ONLY,canonical LoROM physical ownership; mirrors do not duplicate bytes,V03C root/direct-flow discovery,V04C dynamic/return proof,BYTE-V03C-DISCOVERY,,V03C,Candidate is not production authority.
00578D,005C25,UNRESOLVED,EXPLICIT_UNKNOWN,canonical LoROM physical ownership; mirrors do not duplicate bytes,V03C root/direct-flow discovery,V04C dynamic/return proof,BYTE-V03C-DISCOVERY,,V03C,Unresolved remains explicit; never inferred as data.
005C26,005CFD,CANDIDATE,CANDIDATE_ONLY,canonical LoROM physical ownership; mirrors do not duplicate bytes,V03C root/direct-flow discovery,V04C dynamic/return proof,BYTE-V03C-DISCOVERY,,V03C,Candidate is not production authority.
005CFE,005D32,UNRESOLVED,EXPLICIT_UNKNOWN,canonical LoROM physical ownership; mirrors do not duplicate bytes,V03C root/direct-flow discovery,V04C dynamic/return proof,BYTE-V03C-DISCOVERY,,V03C,Unresolved remains explicit; never inferred as data.
005D33,00638E,CANDIDATE,CANDIDATE_ONLY,canonical LoROM physical ownership; mirrors do not duplicate bytes,V03C root/direct-flow discovery,V04C dynamic/return proof,BYTE-V03C-DISCOVERY,,V03C,Candidate is not production authority.
00638F,0063A2,UNRESOLVED,EXPLICIT_UNKNOWN,canonical LoROM physical ownership; mirrors do not duplicate bytes,V03C root/direct-flow discovery,V04C dynamic/return proof,BYTE-V03C-DISCOVERY,,V03C,Unresolved remains explicit; never inferred as data.
0063A3,006573,CANDIDATE,CANDIDATE_ONLY,canonical LoROM physical ownership; mirrors do not duplicate bytes,V03C root/direct-flow discovery,V04C dynamic/return proof,BYTE-V03C-DISCOVERY,,V03C,Candidate is not production authority.
006574,0065B9,UNRESOLVED,EXPLICIT_UNKNOWN,canonical LoROM physical ownership; mirrors do not duplicate bytes,V03C root/direct-flow discovery,V04C dynamic/return proof,BYTE-V03C-DISCOVERY,,V03C,Unresolved remains explicit; never inferred as data.
0065BA,006B56,CANDIDATE,CANDIDATE_ONLY,canonical LoROM physical ownership; mirrors do not duplicate bytes,V03C root/direct-flow discovery,V04C dynamic/return proof,BYTE-V03C-DISCOVERY,,V03C,Candidate is not production authority.
006B57,006C0F,UNRESOLVED,EXPLICIT_UNKNOWN,canonical LoROM physical ownership; mirrors do not duplicate bytes,V03C root/direct-flow discovery,V04C dynamic/return proof,BYTE-V03C-DISCOVERY,,V03C,Unresolved remains explicit; never inferred as data.
006C10,006F0D,CANDIDATE,CANDIDATE_ONLY,canonical LoROM physical ownership; mirrors do not duplicate bytes,V03C root/direct-flow discovery,V04C dynamic/return proof,BYTE-V03C-DISCOVERY,,V03C,Candidate is not production authority.
006F0E,006FC6,UNRESOLVED,EXPLICIT_UNKNOWN,canonical LoROM physical ownership; mirrors do not duplicate bytes,V03C root/direct-flow discovery,V04C dynamic/return proof,BYTE-V03C-DISCOVERY,,V03C,Unresolved remains explicit; never inferred as data.
006FC7,006FCD,CANDIDATE,CANDIDATE_ONLY,canonical LoROM physical ownership; mirrors do not duplicate bytes,V03C root/direct-flow discovery,V04C dynamic/return proof,BYTE-V03C-DISCOVERY,,V03C,Candidate is not production authority.
006FCE,007013,UNRESOLVED,EXPLICIT_UNKNOWN,canonical LoROM physical ownership; mirrors do not duplicate bytes,V03C root/direct-flow discovery,V04C dynamic/return proof,BYTE-V03C-DISCOVERY,,V03C,Unresolved remains explicit; never inferred as data.
007014,00737F,CANDIDATE,CANDIDATE_ONLY,canonical LoROM physical ownership; mirrors do not duplicate bytes,V03C root/direct-flow discovery,V04C dynamic/return proof,BYTE-V03C-DISCOVERY,,V03C,Candidate is not production authority.
007380,007438,UNRESOLVED,EXPLICIT_UNKNOWN,canonical LoROM physical ownership; mirrors do not duplicate bytes,V03C root/direct-flow discovery,V04C dynamic/return proof,BYTE-V03C-DISCOVERY,,V03C,Unresolved remains explicit; never inferred as data.
007439,007736,CANDIDATE,CANDIDATE_ONLY,canonical LoROM physical ownership; mirrors do not duplicate bytes,V03C root/direct-flow discovery,V04C dynamic/return proof,BYTE-V03C-DISCOVERY,,V03C,Candidate is not production authority.
007737,0077EF,UNRESOLVED,EXPLICIT_UNKNOWN,canonical LoROM physical ownership; mirrors do not duplicate bytes,V03C root/direct-flow discovery,V04C dynamic/return proof,BYTE-V03C-DISCOVERY,,V03C,Unresolved remains explicit; never inferred as data.
0077F0,00786C,CANDIDATE,CANDIDATE_ONLY,canonical LoROM physical ownership; mirrors do not duplicate bytes,V03C root/direct-flow discovery,V04C dynamic/return proof,BYTE-V03C-DISCOVERY,,V03C,Candidate is not production authority.
00786D,0078AC,UNRESOLVED,EXPLICIT_UNKNOWN,canonical LoROM physical ownership; mirrors do not duplicate bytes,V03C root/direct-flow discovery,V04C dynamic/return proof,BYTE-V03C-DISCOVERY,,V03C,Unresolved remains explicit; never inferred as data.
0078AD,0078D1,CANDIDATE,CANDIDATE_ONLY,canonical LoROM physical ownership; mirrors do not duplicate bytes,V03C root/direct-flow discovery,V04C dynamic/return proof,BYTE-V03C-DISCOVERY,,V03C,Candidate is not production authority.
0078D2,0078DA,UNRESOLVED,EXPLICIT_UNKNOWN,canonical LoROM physical ownership; mirrors do not duplicate bytes,V03C root/direct-flow discovery,V04C dynamic/return proof,BYTE-V03C-DISCOVERY,,V03C,Unresolved remains explicit; never inferred as data.
0078DB,007918,CANDIDATE,CANDIDATE_ONLY,canonical LoROM physical ownership; mirrors do not duplicate bytes,V03C root/direct-flow discovery,V04C dynamic/return proof,BYTE-V03C-DISCOVERY,,V03C,Candidate is not production authority.
007919,00791C,UNRESOLVED,EXPLICIT_UNKNOWN,canonical LoROM physical ownership; mirrors do not duplicate bytes,V03C root/direct-flow discovery,V04C dynamic/return proof,BYTE-V03C-DISCOVERY,,V03C,Unresolved remains explicit; never inferred as data.
00791D,0079A4,CANDIDATE,CANDIDATE_ONLY,canonical LoROM physical ownership; mirrors do not duplicate bytes,V03C root/direct-flow discovery,V04C dynamic/return proof,BYTE-V03C-DISCOVERY,,V03C,Candidate is not production authority.
0079A5,0079AC,UNRESOLVED,EXPLICIT_UNKNOWN,canonical LoROM physical ownership; mirrors do not duplicate bytes,V03C root/direct-flow discovery,V04C dynamic/return proof,BYTE-V03C-DISCOVERY,,V03C,Unresolved remains explicit; never inferred as data.
0079AD,007C28,CANDIDATE,CANDIDATE_ONLY,canonical LoROM physical ownership; mirrors do not duplicate bytes,V03C root/direct-flow discovery,V04C dynamic/return proof,BYTE-V03C-DISCOVERY,,V03C,Candidate is not production authority.
007C29,007CBF,UNRESOLVED,EXPLICIT_UNKNOWN,canonical LoROM physical ownership; mirrors do not duplicate bytes,V03C root/direct-flow discovery,V04C dynamic/return proof,BYTE-V03C-DISCOVERY,,V03C,Unresolved remains explicit; never inferred as data.
007CC0,007CED,CANDIDATE,CANDIDATE_ONLY,canonical LoROM physical ownership; mirrors do not duplicate bytes,V03C root/direct-flow discovery,V04C dynamic/return proof,BYTE-V03C-DISCOVERY,,V03C,Candidate is not production authority.
007CEE,007CFE,UNRESOLVED,EXPLICIT_UNKNOWN,canonical LoROM physical ownership; mirrors do not duplicate bytes,V03C root/direct-flow discovery,V04C dynamic/return proof,BYTE-V03C-DISCOVERY,,V03C,Unresolved remains explicit; never inferred as data.
007CFF,007E5B,CANDIDATE,CANDIDATE_ONLY,canonical LoROM physical ownership; mirrors do not duplicate bytes,V03C root/direct-flow discovery,V04C dynamic/return proof,BYTE-V03C-DISCOVERY,,V03C,Candidate is not production authority.
007E5C,007E7D,UNRESOLVED,EXPLICIT_UNKNOWN,canonical LoROM physical ownership; mirrors do not duplicate bytes,V03C root/direct-flow discovery,V04C dynamic/return proof,BYTE-V03C-DISCOVERY,,V03C,Unresolved remains explicit; never inferred as data.
007E7E,007EFF,CANDIDATE,CANDIDATE_ONLY,canonical LoROM physical ownership; mirrors do not duplicate bytes,V03C root/direct-flow discovery,V04C dynamic/return proof,BYTE-V03C-DISCOVERY,,V03C,Candidate is not production authority.
007F00,007F05,UNRESOLVED,EXPLICIT_UNKNOWN,canonical LoROM physical ownership; mirrors do not duplicate bytes,V03C root/direct-flow discovery,V04C dynamic/return proof,BYTE-V03C-DISCOVERY,,V03C,Unresolved remains explicit; never inferred as data.
007F06,007F26,CANDIDATE,CANDIDATE_ONLY,canonical LoROM physical ownership; mirrors do not duplicate bytes,V03C root/direct-flow discovery,V04C dynamic/return proof,BYTE-V03C-DISCOVERY,,V03C,Candidate is not production authority.
007F27,007FBF,UNRESOLVED,EXPLICIT_UNKNOWN,canonical LoROM physical ownership; mirrors do not duplicate bytes,V03C root/direct-flow discovery,V04C dynamic/return proof,BYTE-V03C-DISCOVERY,,V03C,Unresolved remains explicit; never inferred as data.
007FC0,007FFF,HEADER_VECTOR,SOURCE_PROVED,canonical LoROM physical ownership; mirrors do not duplicate bytes,V01C exact header/vector proof,future static generation,BYTE-V01C-HEADER-VECTORS,,V01C,
008000,00809B,CANDIDATE,CANDIDATE_ONLY,canonical LoROM physical ownership; mirrors do not duplicate bytes,V03C root/direct-flow discovery,V04C dynamic/return proof,BYTE-V03C-DISCOVERY,,V03C,Candidate is not production authority.
00809C,00895D,UNRESOLVED,EXPLICIT_UNKNOWN,canonical LoROM physical ownership; mirrors do not duplicate bytes,V03C root/direct-flow discovery,V04C dynamic/return proof,BYTE-V03C-DISCOVERY,,V03C,Unresolved remains explicit; never inferred as data.
00895E,008AB7,CANDIDATE,CANDIDATE_ONLY,canonical LoROM physical ownership; mirrors do not duplicate bytes,V03C root/direct-flow discovery,V04C dynamic/return proof,BYTE-V03C-DISCOVERY,,V03C,Candidate is not production authority.
008AB8,008B47,UNRESOLVED,EXPLICIT_UNKNOWN,canonical LoROM physical ownership; mirrors do not duplicate bytes,V03C root/direct-flow discovery,V04C dynamic/return proof,BYTE-V03C-DISCOVERY,,V03C,Unresolved remains explicit; never inferred as data.
008B48,008C5A,CANDIDATE,CANDIDATE_ONLY,canonical LoROM physical ownership; mirrors do not duplicate bytes,V03C root/direct-flow discovery,V04C dynamic/return proof,BYTE-V03C-DISCOVERY,,V03C,Candidate is not production authority.
008C5B,008C6B,UNRESOLVED,EXPLICIT_UNKNOWN,canonical LoROM physical ownership; mirrors do not duplicate bytes,V03C root/direct-flow discovery,V04C dynamic/return proof,BYTE-V03C-DISCOVERY,,V03C,Unresolved remains explicit; never inferred as data.
008C6C,009137,CANDIDATE,CANDIDATE_ONLY,canonical LoROM physical ownership; mirrors do not duplicate bytes,V03C root/direct-flow discovery,V04C dynamic/return proof,BYTE-V03C-DISCOVERY,,V03C,Candidate is not production authority.
009138,009C3D,UNRESOLVED,EXPLICIT_UNKNOWN,canonical LoROM physical ownership; mirrors do not duplicate bytes,V03C root/direct-flow discovery,V04C dynamic/return proof,BYTE-V03C-DISCOVERY,,V03C,Unresolved remains explicit; never inferred as data.
009C3E,009ED6,CANDIDATE,CANDIDATE_ONLY,canonical LoROM physical ownership; mirrors do not duplicate bytes,V03C root/direct-flow discovery,V04C dynamic/return proof,BYTE-V03C-DISCOVERY,,V03C,Candidate is not production authority.
009ED7,009EDA,UNRESOLVED,EXPLICIT_UNKNOWN,canonical LoROM physical ownership; mirrors do not duplicate bytes,V03C root/direct-flow discovery,V04C dynamic/return proof,BYTE-V03C-DISCOVERY,,V03C,Unresolved remains explicit; never inferred as data.
009EDB,009FDC,CANDIDATE,CANDIDATE_ONLY,canonical LoROM physical ownership; mirrors do not duplicate bytes,V03C root/direct-flow discovery,V04C dynamic/return proof,BYTE-V03C-DISCOVERY,,V03C,Candidate is not production authority.
009FDD,009FE5,UNRESOLVED,EXPLICIT_UNKNOWN,canonical LoROM physical ownership; mirrors do not duplicate bytes,V03C root/direct-flow discovery,V04C dynamic/return proof,BYTE-V03C-DISCOVERY,,V03C,Unresolved remains explicit; never inferred as data.
009FE6,009FEE,CANDIDATE,CANDIDATE_ONLY,canonical LoROM physical ownership; mirrors do not duplicate bytes,V03C root/direct-flow discovery,V04C dynamic/return proof,BYTE-V03C-DISCOVERY,,V03C,Candidate is not production authority.
009FEF,009FF7,UNRESOLVED,EXPLICIT_UNKNOWN,canonical LoROM physical ownership; mirrors do not duplicate bytes,V03C root/direct-flow discovery,V04C dynamic/return proof,BYTE-V03C-DISCOVERY,,V03C,Unresolved remains explicit; never inferred as data.
009FF8,00A042,CANDIDATE,CANDIDATE_ONLY,canonical LoROM physical ownership; mirrors do not duplicate bytes,V03C root/direct-flow discovery,V04C dynamic/return proof,BYTE-V03C-DISCOVERY,,V03C,Candidate is not production authority.
00A043,00A056,UNRESOLVED,EXPLICIT_UNKNOWN,canonical LoROM physical ownership; mirrors do not duplicate bytes,V03C root/direct-flow discovery,V04C dynamic/return proof,BYTE-V03C-DISCOVERY,,V03C,Unresolved remains explicit; never inferred as data.
00A057,00A061,CANDIDATE,CANDIDATE_ONLY,canonical LoROM physical ownership; mirrors do not duplicate bytes,V03C root/direct-flow discovery,V04C dynamic/return proof,BYTE-V03C-DISCOVERY,,V03C,Candidate is not production authority.
00A062,00A556,UNRESOLVED,EXPLICIT_UNKNOWN,canonical LoROM physical ownership; mirrors do not duplicate bytes,V03C root/direct-flow discovery,V04C dynamic/return proof,BYTE-V03C-DISCOVERY,,V03C,Unresolved remains explicit; never inferred as data.
00A557,00A669,CANDIDATE,CANDIDATE_ONLY,canonical LoROM physical ownership; mirrors do not duplicate bytes,V03C root/direct-flow discovery,V04C dynamic/return proof,BYTE-V03C-DISCOVERY,,V03C,Candidate is not production authority.
00A66A,00A726,UNRESOLVED,EXPLICIT_UNKNOWN,canonical LoROM physical ownership; mirrors do not duplicate bytes,V03C root/direct-flow discovery,V04C dynamic/return proof,BYTE-V03C-DISCOVERY,,V03C,Unresolved remains explicit; never inferred as data.
00A727,00A81C,CANDIDATE,CANDIDATE_ONLY,canonical LoROM physical ownership; mirrors do not duplicate bytes,V03C root/direct-flow discovery,V04C dynamic/return proof,BYTE-V03C-DISCOVERY,,V03C,Candidate is not production authority.
00A81D,00A834,UNRESOLVED,EXPLICIT_UNKNOWN,canonical LoROM physical ownership; mirrors do not duplicate bytes,V03C root/direct-flow discovery,V04C dynamic/return proof,BYTE-V03C-DISCOVERY,,V03C,Unresolved remains explicit; never inferred as data.
00A835,00A86C,CANDIDATE,CANDIDATE_ONLY,canonical LoROM physical ownership; mirrors do not duplicate bytes,V03C root/direct-flow discovery,V04C dynamic/return proof,BYTE-V03C-DISCOVERY,,V03C,Candidate is not production authority.
00A86D,00A9D6,UNRESOLVED,EXPLICIT_UNKNOWN,canonical LoROM physical ownership; mirrors do not duplicate bytes,V03C root/direct-flow discovery,V04C dynamic/return proof,BYTE-V03C-DISCOVERY,,V03C,Unresolved remains explicit; never inferred as data.
00A9D7,00AA10,CANDIDATE,CANDIDATE_ONLY,canonical LoROM physical ownership; mirrors do not duplicate bytes,V03C root/direct-flow discovery,V04C dynamic/return proof,BYTE-V03C-DISCOVERY,,V03C,Candidate is not production authority.
00AA11,00ABBB,UNRESOLVED,EXPLICIT_UNKNOWN,canonical LoROM physical ownership; mirrors do not duplicate bytes,V03C root/direct-flow discovery,V04C dynamic/return proof,BYTE-V03C-DISCOVERY,,V03C,Unresolved remains explicit; never inferred as data.
00ABBC,00ABEC,CANDIDATE,CANDIDATE_ONLY,canonical LoROM physical ownership; mirrors do not duplicate bytes,V03C root/direct-flow discovery,V04C dynamic/return proof,BYTE-V03C-DISCOVERY,,V03C,Candidate is not production authority.
00ABED,00AC3F,UNRESOLVED,EXPLICIT_UNKNOWN,canonical LoROM physical ownership; mirrors do not duplicate bytes,V03C root/direct-flow discovery,V04C dynamic/return proof,BYTE-V03C-DISCOVERY,,V03C,Unresolved remains explicit; never inferred as data.
00AC40,00AD20,CANDIDATE,CANDIDATE_ONLY,canonical LoROM physical ownership; mirrors do not duplicate bytes,V03C root/direct-flow discovery,V04C dynamic/return proof,BYTE-V03C-DISCOVERY,,V03C,Candidate is not production authority.
00AD21,00AD28,UNRESOLVED,EXPLICIT_UNKNOWN,canonical LoROM physical ownership; mirrors do not duplicate bytes,V03C root/direct-flow discovery,V04C dynamic/return proof,BYTE-V03C-DISCOVERY,,V03C,Unresolved remains explicit; never inferred as data.
00AD29,00AF0B,CANDIDATE,CANDIDATE_ONLY,canonical LoROM physical ownership; mirrors do not duplicate bytes,V03C root/direct-flow discovery,V04C dynamic/return proof,BYTE-V03C-DISCOVERY,,V03C,Candidate is not production authority.
00AF0C,00AF2E,UNRESOLVED,EXPLICIT_UNKNOWN,canonical LoROM physical ownership; mirrors do not duplicate bytes,V03C root/direct-flow discovery,V04C dynamic/return proof,BYTE-V03C-DISCOVERY,,V03C,Unresolved remains explicit; never inferred as data.
00AF2F,00B082,CANDIDATE,CANDIDATE_ONLY,canonical LoROM physical ownership; mirrors do not duplicate bytes,V03C root/direct-flow discovery,V04C dynamic/return proof,BYTE-V03C-DISCOVERY,,V03C,Candidate is not production authority.
00B083,00B092,UNRESOLVED,EXPLICIT_UNKNOWN,canonical LoROM physical ownership; mirrors do not duplicate bytes,V03C root/direct-flow discovery,V04C dynamic/return proof,BYTE-V03C-DISCOVERY,,V03C,Unresolved remains explicit; never inferred as data.
00B093,00B10C,CANDIDATE,CANDIDATE_ONLY,canonical LoROM physical ownership; mirrors do not duplicate bytes,V03C root/direct-flow discovery,V04C dynamic/return proof,BYTE-V03C-DISCOVERY,,V03C,Candidate is not production authority.
00B10D,00B110,UNRESOLVED,EXPLICIT_UNKNOWN,canonical LoROM physical ownership; mirrors do not duplicate bytes,V03C root/direct-flow discovery,V04C dynamic/return proof,BYTE-V03C-DISCOVERY,,V03C,Unresolved remains explicit; never inferred as data.
00B111,00B30A,CANDIDATE,CANDIDATE_ONLY,canonical LoROM physical ownership; mirrors do not duplicate bytes,V03C root/direct-flow discovery,V04C dynamic/return proof,BYTE-V03C-DISCOVERY,,V03C,Candidate is not production authority.
00B30B,00B312,UNRESOLVED,EXPLICIT_UNKNOWN,canonical LoROM physical ownership; mirrors do not duplicate bytes,V03C root/direct-flow discovery,V04C dynamic/return proof,BYTE-V03C-DISCOVERY,,V03C,Unresolved remains explicit; never inferred as data.
00B313,00B420,CANDIDATE,CANDIDATE_ONLY,canonical LoROM physical ownership; mirrors do not duplicate bytes,V03C root/direct-flow discovery,V04C dynamic/return proof,BYTE-V03C-DISCOVERY,,V03C,Candidate is not production authority.
00B421,00B518,UNRESOLVED,EXPLICIT_UNKNOWN,canonical LoROM physical ownership; mirrors do not duplicate bytes,V03C root/direct-flow discovery,V04C dynamic/return proof,BYTE-V03C-DISCOVERY,,V03C,Unresolved remains explicit; never inferred as data.
00B519,00B55D,CANDIDATE,CANDIDATE_ONLY,canonical LoROM physical ownership; mirrors do not duplicate bytes,V03C root/direct-flow discovery,V04C dynamic/return proof,BYTE-V03C-DISCOVERY,,V03C,Candidate is not production authority.
00B55E,00B597,UNRESOLVED,EXPLICIT_UNKNOWN,canonical LoROM physical ownership; mirrors do not duplicate bytes,V03C root/direct-flow discovery,V04C dynamic/return proof,BYTE-V03C-DISCOVERY,,V03C,Unresolved remains explicit; never inferred as data.
00B598,00B629,CANDIDATE,CANDIDATE_ONLY,canonical LoROM physical ownership; mirrors do not duplicate bytes,V03C root/direct-flow discovery,V04C dynamic/return proof,BYTE-V03C-DISCOVERY,,V03C,Candidate is not production authority.
00B62A,00B668,UNRESOLVED,EXPLICIT_UNKNOWN,canonical LoROM physical ownership; mirrors do not duplicate bytes,V03C root/direct-flow discovery,V04C dynamic/return proof,BYTE-V03C-DISCOVERY,,V03C,Unresolved remains explicit; never inferred as data.
00B669,00B700,CANDIDATE,CANDIDATE_ONLY,canonical LoROM physical ownership; mirrors do not duplicate bytes,V03C root/direct-flow discovery,V04C dynamic/return proof,BYTE-V03C-DISCOVERY,,V03C,Candidate is not production authority.
00B701,00BA18,UNRESOLVED,EXPLICIT_UNKNOWN,canonical LoROM physical ownership; mirrors do not duplicate bytes,V03C root/direct-flow discovery,V04C dynamic/return proof,BYTE-V03C-DISCOVERY,,V03C,Unresolved remains explicit; never inferred as data.
00BA19,00BD2B,CANDIDATE,CANDIDATE_ONLY,canonical LoROM physical ownership; mirrors do not duplicate bytes,V03C root/direct-flow discovery,V04C dynamic/return proof,BYTE-V03C-DISCOVERY,,V03C,Candidate is not production authority.
00BD2C,00BD37,UNRESOLVED,EXPLICIT_UNKNOWN,canonical LoROM physical ownership; mirrors do not duplicate bytes,V03C root/direct-flow discovery,V04C dynamic/return proof,BYTE-V03C-DISCOVERY,,V03C,Unresolved remains explicit; never inferred as data.
00BD38,00C28A,CANDIDATE,CANDIDATE_ONLY,canonical LoROM physical ownership; mirrors do not duplicate bytes,V03C root/direct-flow discovery,V04C dynamic/return proof,BYTE-V03C-DISCOVERY,,V03C,Candidate is not production authority.
00C28B,00C36E,UNRESOLVED,EXPLICIT_UNKNOWN,canonical LoROM physical ownership; mirrors do not duplicate bytes,V03C root/direct-flow discovery,V04C dynamic/return proof,BYTE-V03C-DISCOVERY,,V03C,Unresolved remains explicit; never inferred as data.
00C36F,00C3F7,CANDIDATE,CANDIDATE_ONLY,canonical LoROM physical ownership; mirrors do not duplicate bytes,V03C root/direct-flow discovery,V04C dynamic/return proof,BYTE-V03C-DISCOVERY,,V03C,Candidate is not production authority.
00C3F8,00C4D6,UNRESOLVED,EXPLICIT_UNKNOWN,canonical LoROM physical ownership; mirrors do not duplicate bytes,V03C root/direct-flow discovery,V04C dynamic/return proof,BYTE-V03C-DISCOVERY,,V03C,Unresolved remains explicit; never inferred as data.
00C4D7,00C4F5,CANDIDATE,CANDIDATE_ONLY,canonical LoROM physical ownership; mirrors do not duplicate bytes,V03C root/direct-flow discovery,V04C dynamic/return proof,BYTE-V03C-DISCOVERY,,V03C,Candidate is not production authority.
00C4F6,00C51B,UNRESOLVED,EXPLICIT_UNKNOWN,canonical LoROM physical ownership; mirrors do not duplicate bytes,V03C root/direct-flow discovery,V04C dynamic/return proof,BYTE-V03C-DISCOVERY,,V03C,Unresolved remains explicit; never inferred as data.
00C51C,00C617,CANDIDATE,CANDIDATE_ONLY,canonical LoROM physical ownership; mirrors do not duplicate bytes,V03C root/direct-flow discovery,V04C dynamic/return proof,BYTE-V03C-DISCOVERY,,V03C,Candidate is not production authority.
00C618,00C6C4,UNRESOLVED,EXPLICIT_UNKNOWN,canonical LoROM physical ownership; mirrors do not duplicate bytes,V03C root/direct-flow discovery,V04C dynamic/return proof,BYTE-V03C-DISCOVERY,,V03C,Unresolved remains explicit; never inferred as data.
00C6C5,00C73A,CANDIDATE,CANDIDATE_ONLY,canonical LoROM physical ownership; mirrors do not duplicate bytes,V03C root/direct-flow discovery,V04C dynamic/return proof,BYTE-V03C-DISCOVERY,,V03C,Candidate is not production authority.
00C73B,00C747,UNRESOLVED,EXPLICIT_UNKNOWN,canonical LoROM physical ownership; mirrors do not duplicate bytes,V03C root/direct-flow discovery,V04C dynamic/return proof,BYTE-V03C-DISCOVERY,,V03C,Unresolved remains explicit; never inferred as data.
00C748,00C993,CANDIDATE,CANDIDATE_ONLY,canonical LoROM physical ownership; mirrors do not duplicate bytes,V03C root/direct-flow discovery,V04C dynamic/return proof,BYTE-V03C-DISCOVERY,,V03C,Candidate is not production authority.
00C994,00C996,UNRESOLVED,EXPLICIT_UNKNOWN,canonical LoROM physical ownership; mirrors do not duplicate bytes,V03C root/direct-flow discovery,V04C dynamic/return proof,BYTE-V03C-DISCOVERY,,V03C,Unresolved remains explicit; never inferred as data.
00C997,00CB1A,CANDIDATE,CANDIDATE_ONLY,canonical LoROM physical ownership; mirrors do not duplicate bytes,V03C root/direct-flow discovery,V04C dynamic/return proof,BYTE-V03C-DISCOVERY,,V03C,Candidate is not production authority.
00CB1B,00CB24,UNRESOLVED,EXPLICIT_UNKNOWN,canonical LoROM physical ownership; mirrors do not duplicate bytes,V03C root/direct-flow discovery,V04C dynamic/return proof,BYTE-V03C-DISCOVERY,,V03C,Unresolved remains explicit; never inferred as data.
00CB25,00CB53,CANDIDATE,CANDIDATE_ONLY,canonical LoROM physical ownership; mirrors do not duplicate bytes,V03C root/direct-flow discovery,V04C dynamic/return proof,BYTE-V03C-DISCOVERY,,V03C,Candidate is not production authority.
00CB54,00CBC6,UNRESOLVED,EXPLICIT_UNKNOWN,canonical LoROM physical ownership; mirrors do not duplicate bytes,V03C root/direct-flow discovery,V04C dynamic/return proof,BYTE-V03C-DISCOVERY,,V03C,Unresolved remains explicit; never inferred as data.
00CBC7,00CBDA,CANDIDATE,CANDIDATE_ONLY,canonical LoROM physical ownership; mirrors do not duplicate bytes,V03C root/direct-flow discovery,V04C dynamic/return proof,BYTE-V03C-DISCOVERY,,V03C,Candidate is not production authority.
00CBDB,00CF5B,UNRESOLVED,EXPLICIT_UNKNOWN,canonical LoROM physical ownership; mirrors do not duplicate bytes,V03C root/direct-flow discovery,V04C dynamic/return proof,BYTE-V03C-DISCOVERY,,V03C,Unresolved remains explicit; never inferred as data.
00CF5C,00D106,CANDIDATE,CANDIDATE_ONLY,canonical LoROM physical ownership; mirrors do not duplicate bytes,V03C root/direct-flow discovery,V04C dynamic/return proof,BYTE-V03C-DISCOVERY,,V03C,Candidate is not production authority.
00D107,00D656,UNRESOLVED,EXPLICIT_UNKNOWN,canonical LoROM physical ownership; mirrors do not duplicate bytes,V03C root/direct-flow discovery,V04C dynamic/return proof,BYTE-V03C-DISCOVERY,,V03C,Unresolved remains explicit; never inferred as data.
00D657,00D6CA,CANDIDATE,CANDIDATE_ONLY,canonical LoROM physical ownership; mirrors do not duplicate bytes,V03C root/direct-flow discovery,V04C dynamic/return proof,BYTE-V03C-DISCOVERY,,V03C,Candidate is not production authority.
00D6CB,00D797,UNRESOLVED,EXPLICIT_UNKNOWN,canonical LoROM physical ownership; mirrors do not duplicate bytes,V03C root/direct-flow discovery,V04C dynamic/return proof,BYTE-V03C-DISCOVERY,,V03C,Unresolved remains explicit; never inferred as data.
00D798,00D805,CANDIDATE,CANDIDATE_ONLY,canonical LoROM physical ownership; mirrors do not duplicate bytes,V03C root/direct-flow discovery,V04C dynamic/return proof,BYTE-V03C-DISCOVERY,,V03C,Candidate is not production authority.
00D806,00D84F,UNRESOLVED,EXPLICIT_UNKNOWN,canonical LoROM physical ownership; mirrors do not duplicate bytes,V03C root/direct-flow discovery,V04C dynamic/return proof,BYTE-V03C-DISCOVERY,,V03C,Unresolved remains explicit; never inferred as data.
00D850,00D8A3,CANDIDATE,CANDIDATE_ONLY,canonical LoROM physical ownership; mirrors do not duplicate bytes,V03C root/direct-flow discovery,V04C dynamic/return proof,BYTE-V03C-DISCOVERY,,V03C,Candidate is not production authority.
00D8A4,00DC75,UNRESOLVED,EXPLICIT_UNKNOWN,canonical LoROM physical ownership; mirrors do not duplicate bytes,V03C root/direct-flow discovery,V04C dynamic/return proof,BYTE-V03C-DISCOVERY,,V03C,Unresolved remains explicit; never inferred as data.
00DC76,00DDC7,CANDIDATE,CANDIDATE_ONLY,canonical LoROM physical ownership; mirrors do not duplicate bytes,V03C root/direct-flow discovery,V04C dynamic/return proof,BYTE-V03C-DISCOVERY,,V03C,Candidate is not production authority.
00DDC8,00DDDE,UNRESOLVED,EXPLICIT_UNKNOWN,canonical LoROM physical ownership; mirrors do not duplicate bytes,V03C root/direct-flow discovery,V04C dynamic/return proof,BYTE-V03C-DISCOVERY,,V03C,Unresolved remains explicit; never inferred as data.
00DDDF,00DEF8,CANDIDATE,CANDIDATE_ONLY,canonical LoROM physical ownership; mirrors do not duplicate bytes,V03C root/direct-flow discovery,V04C dynamic/return proof,BYTE-V03C-DISCOVERY,,V03C,Candidate is not production authority.
00DEF9,00DF00,UNRESOLVED,EXPLICIT_UNKNOWN,canonical LoROM physical ownership; mirrors do not duplicate bytes,V03C root/direct-flow discovery,V04C dynamic/return proof,BYTE-V03C-DISCOVERY,,V03C,Unresolved remains explicit; never inferred as data.
00DF01,00DF84,CANDIDATE,CANDIDATE_ONLY,canonical LoROM physical ownership; mirrors do not duplicate bytes,V03C root/direct-flow discovery,V04C dynamic/return proof,BYTE-V03C-DISCOVERY,,V03C,Candidate is not production authority.
00DF85,00DF8C,UNRESOLVED,EXPLICIT_UNKNOWN,canonical LoROM physical ownership; mirrors do not duplicate bytes,V03C root/direct-flow discovery,V04C dynamic/return proof,BYTE-V03C-DISCOVERY,,V03C,Unresolved remains explicit; never inferred as data.
00DF8D,00DFB5,CANDIDATE,CANDIDATE_ONLY,canonical LoROM physical ownership; mirrors do not duplicate bytes,V03C root/direct-flow discovery,V04C dynamic/return proof,BYTE-V03C-DISCOVERY,,V03C,Candidate is not production authority.
00DFB6,00F453,UNRESOLVED,EXPLICIT_UNKNOWN,canonical LoROM physical ownership; mirrors do not duplicate bytes,V03C root/direct-flow discovery,V04C dynamic/return proof,BYTE-V03C-DISCOVERY,,V03C,Unresolved remains explicit; never inferred as data.
00F454,00F626,CANDIDATE,CANDIDATE_ONLY,canonical LoROM physical ownership; mirrors do not duplicate bytes,V03C root/direct-flow discovery,V04C dynamic/return proof,BYTE-V03C-DISCOVERY,,V03C,Candidate is not production authority.
00F627,00F64F,UNRESOLVED,EXPLICIT_UNKNOWN,canonical LoROM physical ownership; mirrors do not duplicate bytes,V03C root/direct-flow discovery,V04C dynamic/return proof,BYTE-V03C-DISCOVERY,,V03C,Unresolved remains explicit; never inferred as data.
00F650,00F77C,CANDIDATE,CANDIDATE_ONLY,canonical LoROM physical ownership; mirrors do not duplicate bytes,V03C root/direct-flow discovery,V04C dynamic/return proof,BYTE-V03C-DISCOVERY,,V03C,Candidate is not production authority.
00F77D,00F785,UNRESOLVED,EXPLICIT_UNKNOWN,canonical LoROM physical ownership; mirrors do not duplicate bytes,V03C root/direct-flow discovery,V04C dynamic/return proof,BYTE-V03C-DISCOVERY,,V03C,Unresolved remains explicit; never inferred as data.
00F786,00F7ED,CANDIDATE,CANDIDATE_ONLY,canonical LoROM physical ownership; mirrors do not duplicate bytes,V03C root/direct-flow discovery,V04C dynamic/return proof,BYTE-V03C-DISCOVERY,,V03C,Candidate is not production authority.
00F7EE,00F7F6,UNRESOLVED,EXPLICIT_UNKNOWN,canonical LoROM physical ownership; mirrors do not duplicate bytes,V03C root/direct-flow discovery,V04C dynamic/return proof,BYTE-V03C-DISCOVERY,,V03C,Unresolved remains explicit; never inferred as data.
00F7F7,00F860,CANDIDATE,CANDIDATE_ONLY,canonical LoROM physical ownership; mirrors do not duplicate bytes,V03C root/direct-flow discovery,V04C dynamic/return proof,BYTE-V03C-DISCOVERY,,V03C,Candidate is not production authority.
00F861,00F8A6,UNRESOLVED,EXPLICIT_UNKNOWN,canonical LoROM physical ownership; mirrors do not duplicate bytes,V03C root/direct-flow discovery,V04C dynamic/return proof,BYTE-V03C-DISCOVERY,,V03C,Unresolved remains explicit; never inferred as data.
00F8A7,00FB33,CANDIDATE,CANDIDATE_ONLY,canonical LoROM physical ownership; mirrors do not duplicate bytes,V03C root/direct-flow discovery,V04C dynamic/return proof,BYTE-V03C-DISCOVERY,,V03C,Candidate is not production authority.
00FB34,00FCD8,UNRESOLVED,EXPLICIT_UNKNOWN,canonical LoROM physical ownership; mirrors do not duplicate bytes,V03C root/direct-flow discovery,V04C dynamic/return proof,BYTE-V03C-DISCOVERY,,V03C,Unresolved remains explicit; never inferred as data.
00FCD9,00FD5C,CANDIDATE,CANDIDATE_ONLY,canonical LoROM physical ownership; mirrors do not duplicate bytes,V03C root/direct-flow discovery,V04C dynamic/return proof,BYTE-V03C-DISCOVERY,,V03C,Candidate is not production authority.
00FD5D,00FDFF,UNRESOLVED,EXPLICIT_UNKNOWN,canonical LoROM physical ownership; mirrors do not duplicate bytes,V03C root/direct-flow discovery,V04C dynamic/return proof,BYTE-V03C-DISCOVERY,,V03C,Unresolved remains explicit; never inferred as data.
00FE00,00FE74,CANDIDATE,CANDIDATE_ONLY,canonical LoROM physical ownership; mirrors do not duplicate bytes,V03C root/direct-flow discovery,V04C dynamic/return proof,BYTE-V03C-DISCOVERY,,V03C,Candidate is not production authority.
00FE75,090AFF,UNRESOLVED,EXPLICIT_UNKNOWN,canonical LoROM physical ownership; mirrors do not duplicate bytes,V03C root/direct-flow discovery,V04C dynamic/return proof,BYTE-V03C-DISCOVERY,,V03C,Unresolved remains explicit; never inferred as data.
090B00,090BCA,CANDIDATE,CANDIDATE_ONLY,canonical LoROM physical ownership; mirrors do not duplicate bytes,V03C root/direct-flow discovery,V04C dynamic/return proof,BYTE-V03C-DISCOVERY,,V03C,Candidate is not production authority.
090BCB,091050,UNRESOLVED,EXPLICIT_UNKNOWN,canonical LoROM physical ownership; mirrors do not duplicate bytes,V03C root/direct-flow discovery,V04C dynamic/return proof,BYTE-V03C-DISCOVERY,,V03C,Unresolved remains explicit; never inferred as data.
091051,09107D,CANDIDATE,CANDIDATE_ONLY,canonical LoROM physical ownership; mirrors do not duplicate bytes,V03C root/direct-flow discovery,V04C dynamic/return proof,BYTE-V03C-DISCOVERY,,V03C,Candidate is not production authority.
09107E,092213,UNRESOLVED,EXPLICIT_UNKNOWN,canonical LoROM physical ownership; mirrors do not duplicate bytes,V03C root/direct-flow discovery,V04C dynamic/return proof,BYTE-V03C-DISCOVERY,,V03C,Unresolved remains explicit; never inferred as data.
092214,09222D,CANDIDATE,CANDIDATE_ONLY,canonical LoROM physical ownership; mirrors do not duplicate bytes,V03C root/direct-flow discovery,V04C dynamic/return proof,BYTE-V03C-DISCOVERY,,V03C,Candidate is not production authority.
09222E,09260B,UNRESOLVED,EXPLICIT_UNKNOWN,canonical LoROM physical ownership; mirrors do not duplicate bytes,V03C root/direct-flow discovery,V04C dynamic/return proof,BYTE-V03C-DISCOVERY,,V03C,Unresolved remains explicit; never inferred as data.
09260C,092666,CANDIDATE,CANDIDATE_ONLY,canonical LoROM physical ownership; mirrors do not duplicate bytes,V03C root/direct-flow discovery,V04C dynamic/return proof,BYTE-V03C-DISCOVERY,,V03C,Candidate is not production authority.
092667,0927D1,UNRESOLVED,EXPLICIT_UNKNOWN,canonical LoROM physical ownership; mirrors do not duplicate bytes,V03C root/direct-flow discovery,V04C dynamic/return proof,BYTE-V03C-DISCOVERY,,V03C,Unresolved remains explicit; never inferred as data.
0927D2,0927E4,CANDIDATE,CANDIDATE_ONLY,canonical LoROM physical ownership; mirrors do not duplicate bytes,V03C root/direct-flow discovery,V04C dynamic/return proof,BYTE-V03C-DISCOVERY,,V03C,Candidate is not production authority.
0927E5,0963E6,UNRESOLVED,EXPLICIT_UNKNOWN,canonical LoROM physical ownership; mirrors do not duplicate bytes,V03C root/direct-flow discovery,V04C dynamic/return proof,BYTE-V03C-DISCOVERY,,V03C,Unresolved remains explicit; never inferred as data.
0963E7,096444,CANDIDATE,CANDIDATE_ONLY,canonical LoROM physical ownership; mirrors do not duplicate bytes,V03C root/direct-flow discovery,V04C dynamic/return proof,BYTE-V03C-DISCOVERY,,V03C,Candidate is not production authority.
096445,096592,UNRESOLVED,EXPLICIT_UNKNOWN,canonical LoROM physical ownership; mirrors do not duplicate bytes,V03C root/direct-flow discovery,V04C dynamic/return proof,BYTE-V03C-DISCOVERY,,V03C,Unresolved remains explicit; never inferred as data.
096593,0966F7,CANDIDATE,CANDIDATE_ONLY,canonical LoROM physical ownership; mirrors do not duplicate bytes,V03C root/direct-flow discovery,V04C dynamic/return proof,BYTE-V03C-DISCOVERY,,V03C,Candidate is not production authority.
0966F8,096D30,UNRESOLVED,EXPLICIT_UNKNOWN,canonical LoROM physical ownership; mirrors do not duplicate bytes,V03C root/direct-flow discovery,V04C dynamic/return proof,BYTE-V03C-DISCOVERY,,V03C,Unresolved remains explicit; never inferred as data.
096D31,096EF9,CANDIDATE,CANDIDATE_ONLY,canonical LoROM physical ownership; mirrors do not duplicate bytes,V03C root/direct-flow discovery,V04C dynamic/return proof,BYTE-V03C-DISCOVERY,,V03C,Candidate is not production authority.
096EFA,096F71,UNRESOLVED,EXPLICIT_UNKNOWN,canonical LoROM physical ownership; mirrors do not duplicate bytes,V03C root/direct-flow discovery,V04C dynamic/return proof,BYTE-V03C-DISCOVERY,,V03C,Unresolved remains explicit; never inferred as data.
096F72,096FF0,PROVED_CODE,SOURCE_PROVED,canonical LoROM physical ownership; mirrors do not duplicate bytes,V03C root/direct-flow discovery,future static generation,BYTE-V03C-DISCOVERY,,V03C,
096FF1,097217,CANDIDATE,CANDIDATE_ONLY,canonical LoROM physical ownership; mirrors do not duplicate bytes,V03C root/direct-flow discovery,V04C dynamic/return proof,BYTE-V03C-DISCOVERY,,V03C,Candidate is not production authority.
097218,097266,UNRESOLVED,EXPLICIT_UNKNOWN,canonical LoROM physical ownership; mirrors do not duplicate bytes,V03C root/direct-flow discovery,V04C dynamic/return proof,BYTE-V03C-DISCOVERY,,V03C,Unresolved remains explicit; never inferred as data.
097267,097310,CANDIDATE,CANDIDATE_ONLY,canonical LoROM physical ownership; mirrors do not duplicate bytes,V03C root/direct-flow discovery,V04C dynamic/return proof,BYTE-V03C-DISCOVERY,,V03C,Candidate is not production authority.
097311,097AD1,UNRESOLVED,EXPLICIT_UNKNOWN,canonical LoROM physical ownership; mirrors do not duplicate bytes,V03C root/direct-flow discovery,V04C dynamic/return proof,BYTE-V03C-DISCOVERY,,V03C,Unresolved remains explicit; never inferred as data.
097AD2,097B9E,CANDIDATE,CANDIDATE_ONLY,canonical LoROM physical ownership; mirrors do not duplicate bytes,V03C root/direct-flow discovery,V04C dynamic/return proof,BYTE-V03C-DISCOVERY,,V03C,Candidate is not production authority.
097B9F,097BCA,UNRESOLVED,EXPLICIT_UNKNOWN,canonical LoROM physical ownership; mirrors do not duplicate bytes,V03C root/direct-flow discovery,V04C dynamic/return proof,BYTE-V03C-DISCOVERY,,V03C,Unresolved remains explicit; never inferred as data.
097BCB,097D45,CANDIDATE,CANDIDATE_ONLY,canonical LoROM physical ownership; mirrors do not duplicate bytes,V03C root/direct-flow discovery,V04C dynamic/return proof,BYTE-V03C-DISCOVERY,,V03C,Candidate is not production authority.
097D46,0FEFFF,UNRESOLVED,EXPLICIT_UNKNOWN,canonical LoROM physical ownership; mirrors do not duplicate bytes,V03C root/direct-flow discovery,V04C dynamic/return proof,BYTE-V03C-DISCOVERY,,V03C,Unresolved remains explicit; never inferred as data.
0FF000,0FF01D,CANDIDATE,CANDIDATE_ONLY,canonical LoROM physical ownership; mirrors do not duplicate bytes,V03C root/direct-flow discovery,V04C dynamic/return proof,BYTE-V03C-DISCOVERY,,V03C,Candidate is not production authority.
0FF01E,0FF057,UNRESOLVED,EXPLICIT_UNKNOWN,canonical LoROM physical ownership; mirrors do not duplicate bytes,V03C root/direct-flow discovery,V04C dynamic/return proof,BYTE-V03C-DISCOVERY,,V03C,Unresolved remains explicit; never inferred as data.
0FF058,0FF107,CANDIDATE,CANDIDATE_ONLY,canonical LoROM physical ownership; mirrors do not duplicate bytes,V03C root/direct-flow discovery,V04C dynamic/return proof,BYTE-V03C-DISCOVERY,,V03C,Candidate is not production authority.
0FF108,0FF587,UNRESOLVED,EXPLICIT_UNKNOWN,canonical LoROM physical ownership; mirrors do not duplicate bytes,V03C root/direct-flow discovery,V04C dynamic/return proof,BYTE-V03C-DISCOVERY,,V03C,Unresolved remains explicit; never inferred as data.
0FF588,0FF78F,CANDIDATE,CANDIDATE_ONLY,canonical LoROM physical ownership; mirrors do not duplicate bytes,V03C root/direct-flow discovery,V04C dynamic/return proof,BYTE-V03C-DISCOVERY,,V03C,Candidate is not production authority.
0FF790,0FF79D,UNRESOLVED,EXPLICIT_UNKNOWN,canonical LoROM physical ownership; mirrors do not duplicate bytes,V03C root/direct-flow discovery,V04C dynamic/return proof,BYTE-V03C-DISCOVERY,,V03C,Unresolved remains explicit; never inferred as data.
0FF79E,0FFC2D,CANDIDATE,CANDIDATE_ONLY,canonical LoROM physical ownership; mirrors do not duplicate bytes,V03C root/direct-flow discovery,V04C dynamic/return proof,BYTE-V03C-DISCOVERY,,V03C,Candidate is not production authority.
0FFC2E,0FFCAE,UNRESOLVED,EXPLICIT_UNKNOWN,canonical LoROM physical ownership; mirrors do not duplicate bytes,V03C root/direct-flow discovery,V04C dynamic/return proof,BYTE-V03C-DISCOVERY,,V03C,Unresolved remains explicit; never inferred as data.
0FFCAF,0FFCF0,CANDIDATE,CANDIDATE_ONLY,canonical LoROM physical ownership; mirrors do not duplicate bytes,V03C root/direct-flow discovery,V04C dynamic/return proof,BYTE-V03C-DISCOVERY,,V03C,Candidate is not production authority.
0FFCF1,0FFD1C,UNRESOLVED,EXPLICIT_UNKNOWN,canonical LoROM physical ownership; mirrors do not duplicate bytes,V03C root/direct-flow discovery,V04C dynamic/return proof,BYTE-V03C-DISCOVERY,,V03C,Unresolved remains explicit; never inferred as data.
0FFD1D,0FFD4A,CANDIDATE,CANDIDATE_ONLY,canonical LoROM physical ownership; mirrors do not duplicate bytes,V03C root/direct-flow discovery,V04C dynamic/return proof,BYTE-V03C-DISCOVERY,,V03C,Candidate is not production authority.
0FFD4B,0FFFFF,UNRESOLVED,EXPLICIT_UNKNOWN,canonical LoROM physical ownership; mirrors do not duplicate bytes,V03C root/direct-flow discovery,V04C dynamic/return proof,BYTE-V03C-DISCOVERY,,V03C,Unresolved remains explicit; never inferred as data.
