Boundary_ID,Context,Physical,Instruction,Class,Disposition,Reason,Candidate_Target,Stack_Bytes,Stack_Proof,A_SP_Rel,X_SP_Rel,Failure_Rule
V04B00001,80:81BF:E1M1X1:C?:DBR??:S0,0001BF,RTI/IMP,INTERRUPT_REENTRY,FAIL_CLOSED,asynchronous vector root has no source-proved interrupted context frame,,0,EMPTY,?,?,static dispatch must reject this context/edge; no generic runtime decoder or guessed continuation
V04B00002,80:81BF:E1M1X1:C?:DBR??:S0,0001BF,RTI/IMP,INTERRUPT_REENTRY,FAIL_CLOSED,asynchronous vector root has no source-proved interrupted context frame,,0,EMPTY,?,?,static dispatch must reject this context/edge; no generic runtime decoder or guessed continuation
V04B00003,80:81BF:E0M0X0:C?:DBR??:S0,0001BF,RTI/IMP,INTERRUPT_REENTRY,FAIL_CLOSED,asynchronous vector root has no source-proved interrupted context frame,,0,EMPTY,?,?,static dispatch must reject this context/edge; no generic runtime decoder or guessed continuation
V04B00004,80:81BF:E0M0X1:C?:DBR??:S0,0001BF,RTI/IMP,INTERRUPT_REENTRY,FAIL_CLOSED,asynchronous vector root has no source-proved interrupted context frame,,0,EMPTY,?,?,static dispatch must reject this context/edge; no generic runtime decoder or guessed continuation
V04B00005,80:81BF:E0M1X0:C?:DBR??:S0,0001BF,RTI/IMP,INTERRUPT_REENTRY,FAIL_CLOSED,asynchronous vector root has no source-proved interrupted context frame,,0,EMPTY,?,?,static dispatch must reject this context/edge; no generic runtime decoder or guessed continuation
V04B00006,80:81BF:E0M1X1:C?:DBR??:S0,0001BF,RTI/IMP,INTERRUPT_REENTRY,FAIL_CLOSED,asynchronous vector root has no source-proved interrupted context frame,,0,EMPTY,?,?,static dispatch must reject this context/edge; no generic runtime decoder or guessed continuation
V04B00007,80:81BF:E0M0X0:C?:DBR??:S0,0001BF,RTI/IMP,INTERRUPT_REENTRY,FAIL_CLOSED,asynchronous vector root has no source-proved interrupted context frame,,0,EMPTY,?,?,static dispatch must reject this context/edge; no generic runtime decoder or guessed continuation
V04B00008,80:81BF:E0M0X1:C?:DBR??:S0,0001BF,RTI/IMP,INTERRUPT_REENTRY,FAIL_CLOSED,asynchronous vector root has no source-proved interrupted context frame,,0,EMPTY,?,?,static dispatch must reject this context/edge; no generic runtime decoder or guessed continuation
V04B00009,80:81BF:E0M1X0:C?:DBR??:S0,0001BF,RTI/IMP,INTERRUPT_REENTRY,FAIL_CLOSED,asynchronous vector root has no source-proved interrupted context frame,,0,EMPTY,?,?,static dispatch must reject this context/edge; no generic runtime decoder or guessed continuation
V04B00010,80:81BF:E0M1X1:C?:DBR??:S0,0001BF,RTI/IMP,INTERRUPT_REENTRY,FAIL_CLOSED,asynchronous vector root has no source-proved interrupted context frame,,0,EMPTY,?,?,static dispatch must reject this context/edge; no generic runtime decoder or guessed continuation
V04B00011,80:81BF:E0M0X0:C?:DBR??:S0,0001BF,RTI/IMP,INTERRUPT_REENTRY,FAIL_CLOSED,asynchronous vector root has no source-proved interrupted context frame,,0,EMPTY,?,?,static dispatch must reject this context/edge; no generic runtime decoder or guessed continuation
V04B00012,80:81BF:E0M0X1:C?:DBR??:S0,0001BF,RTI/IMP,INTERRUPT_REENTRY,FAIL_CLOSED,asynchronous vector root has no source-proved interrupted context frame,,0,EMPTY,?,?,static dispatch must reject this context/edge; no generic runtime decoder or guessed continuation
V04B00013,80:81BF:E0M1X0:C?:DBR??:S0,0001BF,RTI/IMP,INTERRUPT_REENTRY,FAIL_CLOSED,asynchronous vector root has no source-proved interrupted context frame,,0,EMPTY,?,?,static dispatch must reject this context/edge; no generic runtime decoder or guessed continuation
V04B00014,80:81BF:E0M1X1:C?:DBR??:S0,0001BF,RTI/IMP,INTERRUPT_REENTRY,FAIL_CLOSED,asynchronous vector root has no source-proved interrupted context frame,,0,EMPTY,?,?,static dispatch must reject this context/edge; no generic runtime decoder or guessed continuation
V04B00015,80:8181:E1M1X1:C?:DBR80:S1,000181,JSR/ABS_X_IND,DYNAMIC_TARGET,FAIL_CLOSED,indexed/indirect call lacks finite source-proved index/target producer,,1,DBR[1]=?,?,?,static dispatch must reject this context/edge; no generic runtime decoder or guessed continuation
V04B00016,80:8181:E0M1X1:C?:DBR80:S1,000181,JSR/ABS_X_IND,DYNAMIC_TARGET,FAIL_CLOSED,indexed/indirect call lacks finite source-proved index/target producer,,1,DBR[1]=?,?,?,static dispatch must reject this context/edge; no generic runtime decoder or guessed continuation
V04B00017,80:821A:E1M1X1:C?:DBR80:S2,00021A,JSR/ABS_X_IND,DYNAMIC_TARGET,FAIL_CLOSED,indexed/indirect call lacks finite source-proved index/target producer,,2,STATUS[1]=?|DBR[1]=?,?,?,static dispatch must reject this context/edge; no generic runtime decoder or guessed continuation
V04B00018,80:821A:E0M1X1:C?:DBR80:S2,00021A,JSR/ABS_X_IND,DYNAMIC_TARGET,FAIL_CLOSED,indexed/indirect call lacks finite source-proved index/target producer,,2,STATUS[1]=?|DBR[1]=?,?,?,static dispatch must reject this context/edge; no generic runtime decoder or guessed continuation
V04B00019,80:821A:E0M1X1:C?:DBR80:S2,00021A,JSR/ABS_X_IND,DYNAMIC_TARGET,FAIL_CLOSED,indexed/indirect call lacks finite source-proved index/target producer,,2,STATUS[1]=?|DBR[1]=?,?,?,static dispatch must reject this context/edge; no generic runtime decoder or guessed continuation
V04B00020,80:821A:E0M1X1:C?:DBR80:S2,00021A,JSR/ABS_X_IND,DYNAMIC_TARGET,FAIL_CLOSED,indexed/indirect call lacks finite source-proved index/target producer,,2,STATUS[1]=?|DBR[1]=?,?,?,static dispatch must reject this context/edge; no generic runtime decoder or guessed continuation
V04B00021,80:821A:E0M1X1:C?:DBR80:S2,00021A,JSR/ABS_X_IND,DYNAMIC_TARGET,FAIL_CLOSED,indexed/indirect call lacks finite source-proved index/target producer,,2,STATUS[1]=?|DBR[1]=?,?,?,static dispatch must reject this context/edge; no generic runtime decoder or guessed continuation
V04B00022,80:8196:E1M1X1:C?:DBR??:S0,000196,RTI/IMP,INTERRUPT_REENTRY,FAIL_CLOSED,asynchronous vector root has no source-proved interrupted context frame,,0,EMPTY,?,?,static dispatch must reject this context/edge; no generic runtime decoder or guessed continuation
V04B00023,80:8196:E0M0X0:C?:DBR??:S0,000196,RTI/IMP,INTERRUPT_REENTRY,FAIL_CLOSED,asynchronous vector root has no source-proved interrupted context frame,,0,EMPTY,?,?,static dispatch must reject this context/edge; no generic runtime decoder or guessed continuation
V04B00024,80:8227:E1M1X1:C?:DBR??:S0,000227,RTI/IMP,INTERRUPT_REENTRY,FAIL_CLOSED,asynchronous vector root has no source-proved interrupted context frame,,0,EMPTY,?,?,static dispatch must reject this context/edge; no generic runtime decoder or guessed continuation
V04B00025,80:8227:E0M0X0:C?:DBR??:S0,000227,RTI/IMP,INTERRUPT_REENTRY,FAIL_CLOSED,asynchronous vector root has no source-proved interrupted context frame,,0,EMPTY,?,?,static dispatch must reject this context/edge; no generic runtime decoder or guessed continuation
V04B00026,80:8227:E0M0X1:C?:DBR??:S0,000227,RTI/IMP,INTERRUPT_REENTRY,FAIL_CLOSED,asynchronous vector root has no source-proved interrupted context frame,,0,EMPTY,?,?,static dispatch must reject this context/edge; no generic runtime decoder or guessed continuation
V04B00027,80:8227:E0M1X0:C?:DBR??:S0,000227,RTI/IMP,INTERRUPT_REENTRY,FAIL_CLOSED,asynchronous vector root has no source-proved interrupted context frame,,0,EMPTY,?,?,static dispatch must reject this context/edge; no generic runtime decoder or guessed continuation
V04B00028,80:8227:E0M1X1:C?:DBR??:S0,000227,RTI/IMP,INTERRUPT_REENTRY,FAIL_CLOSED,asynchronous vector root has no source-proved interrupted context frame,,0,EMPTY,?,?,static dispatch must reject this context/edge; no generic runtime decoder or guessed continuation
V04B00029,80:83A2:E0M0X0:C?:DBR81:S0,0003A2,RTL/IMP,RETURN,FAIL_CLOSED,logical call-frame producer not on top of source-proved stack,,0,EMPTY,?,?,static dispatch must reject this context/edge; no generic runtime decoder or guessed continuation
V04B00030,80:83A2:E0M0X0:C?:DBR81:S0,0003A2,RTL/IMP,RETURN,FAIL_CLOSED,logical call-frame producer not on top of source-proved stack,,0,EMPTY,?,?,static dispatch must reject this context/edge; no generic runtime decoder or guessed continuation
V04B00031,81:AD20:E0M1X1:C?:DBR81:S0,00AD20,RTS/IMP,RETURN,FAIL_CLOSED,logical call-frame producer not on top of source-proved stack,,0,EMPTY,?,?,static dispatch must reject this context/edge; no generic runtime decoder or guessed continuation
V04B00032,81:9D98:E0M0X0:C?:DBR81:S0,009D98,RTS/IMP,RETURN,FAIL_CLOSED,logical call-frame producer not on top of source-proved stack,,0,EMPTY,?,?,static dispatch must reject this context/edge; no generic runtime decoder or guessed continuation
V04B00033,81:9D98:E0M0X0:C?:DBR81:S0,009D98,RTS/IMP,RETURN,FAIL_CLOSED,logical call-frame producer not on top of source-proved stack,,0,EMPTY,?,?,static dispatch must reject this context/edge; no generic runtime decoder or guessed continuation
V04B00034,81:9D98:E0M0X0:C?:DBR81:S0,009D98,RTS/IMP,RETURN,FAIL_CLOSED,logical call-frame producer not on top of source-proved stack,,0,EMPTY,?,?,static dispatch must reject this context/edge; no generic runtime decoder or guessed continuation
V04B00035,81:9D98:E0M0X0:C?:DBR81:S0,009D98,RTS/IMP,RETURN,FAIL_CLOSED,logical call-frame producer not on top of source-proved stack,,0,EMPTY,?,?,static dispatch must reject this context/edge; no generic runtime decoder or guessed continuation
V04B00036,81:9D98:E0M0X0:C?:DBR81:S0,009D98,RTS/IMP,RETURN,FAIL_CLOSED,logical call-frame producer not on top of source-proved stack,,0,EMPTY,?,?,static dispatch must reject this context/edge; no generic runtime decoder or guessed continuation
V04B00037,81:9D98:E0M0X0:C?:DBR81:S0,009D98,RTS/IMP,RETURN,FAIL_CLOSED,logical call-frame producer not on top of source-proved stack,,0,EMPTY,?,?,static dispatch must reject this context/edge; no generic runtime decoder or guessed continuation
V04B00038,81:9E7A:E0M0X0:C?:DBR81:S0,009E7A,RTS/IMP,RETURN,FAIL_CLOSED,logical call-frame producer not on top of source-proved stack,,0,EMPTY,?,?,static dispatch must reject this context/edge; no generic runtime decoder or guessed continuation
V04B00039,81:9E7A:E0M0X0:C?:DBR81:S0,009E7A,RTS/IMP,RETURN,FAIL_CLOSED,logical call-frame producer not on top of source-proved stack,,0,EMPTY,?,?,static dispatch must reject this context/edge; no generic runtime decoder or guessed continuation
V04B00040,81:9E7A:E0M0X0:C?:DBR81:S0,009E7A,RTS/IMP,RETURN,FAIL_CLOSED,logical call-frame producer not on top of source-proved stack,,0,EMPTY,?,?,static dispatch must reject this context/edge; no generic runtime decoder or guessed continuation
V04B00041,81:9E7A:E0M0X0:C?:DBR81:S0,009E7A,RTS/IMP,RETURN,FAIL_CLOSED,logical call-frame producer not on top of source-proved stack,,0,EMPTY,?,?,static dispatch must reject this context/edge; no generic runtime decoder or guessed continuation
V04B00042,80:8362:E0M0X0:C?:DBR81:S0,000362,RTL/IMP,RETURN,FAIL_CLOSED,logical call-frame producer not on top of source-proved stack,,0,EMPTY,?,?,static dispatch must reject this context/edge; no generic runtime decoder or guessed continuation
V04B00043,80:8362:E0M0X0:C?:DBR81:S0,000362,RTL/IMP,RETURN,FAIL_CLOSED,logical call-frame producer not on top of source-proved stack,,0,EMPTY,?,?,static dispatch must reject this context/edge; no generic runtime decoder or guessed continuation
V04B00044,80:8362:E0M0X0:C?:DBR81:S0,000362,RTL/IMP,RETURN,FAIL_CLOSED,logical call-frame producer not on top of source-proved stack,,0,EMPTY,?,?,static dispatch must reject this context/edge; no generic runtime decoder or guessed continuation
V04B00045,80:8362:E0M0X0:C?:DBR81:S0,000362,RTL/IMP,RETURN,FAIL_CLOSED,logical call-frame producer not on top of source-proved stack,,0,EMPTY,?,?,static dispatch must reject this context/edge; no generic runtime decoder or guessed continuation
V04B00046,80:8362:E0M0X0:C?:DBR81:S0,000362,RTL/IMP,RETURN,FAIL_CLOSED,logical call-frame producer not on top of source-proved stack,,0,EMPTY,?,?,static dispatch must reject this context/edge; no generic runtime decoder or guessed continuation
V04B00047,81:F700:E0M1X1:C0:DBR81:S0,00F700,RTS/IMP,RETURN,FAIL_CLOSED,logical call-frame producer not on top of source-proved stack,,0,EMPTY,?,?,static dispatch must reject this context/edge; no generic runtime decoder or guessed continuation
V04B00048,81:F6F6:E0M1X1:C0:DBR81:S0,00F6F6,RTS/IMP,RETURN,FAIL_CLOSED,logical call-frame producer not on top of source-proved stack,,0,EMPTY,?,?,static dispatch must reject this context/edge; no generic runtime decoder or guessed continuation
V04B00049,81:F537:E0M1X1:C?:DBR81:S0,00F537,RTS/IMP,RETURN,FAIL_CLOSED,logical call-frame producer not on top of source-proved stack,,0,EMPTY,?,?,static dispatch must reject this context/edge; no generic runtime decoder or guessed continuation
V04B00050,81:F77A:E0M1X1:C0:DBR81:S0,00F77A,RTS/IMP,RETURN,FAIL_CLOSED,logical call-frame producer not on top of source-proved stack,,0,EMPTY,?,?,static dispatch must reject this context/edge; no generic runtime decoder or guessed continuation
V04B00051,81:F6EE:E0M1X1:C0:DBR81:S0,00F6EE,RTS/IMP,RETURN,FAIL_CLOSED,logical call-frame producer not on top of source-proved stack,,0,EMPTY,?,?,static dispatch must reject this context/edge; no generic runtime decoder or guessed continuation
V04B00052,81:F77C:E0M1X1:C1:DBR81:S0,00F77C,RTS/IMP,RETURN,FAIL_CLOSED,logical call-frame producer not on top of source-proved stack,,0,EMPTY,?,?,static dispatch must reject this context/edge; no generic runtime decoder or guessed continuation
V04B00053,81:F6AB:E0M1X1:C1:DBR81:S0,00F6AB,RTS/IMP,RETURN,FAIL_CLOSED,logical call-frame producer not on top of source-proved stack,,0,EMPTY,?,?,static dispatch must reject this context/edge; no generic runtime decoder or guessed continuation
V04B00054,81:F7EB:E0M1X1:C0:DBR81:S0,00F7EB,RTS/IMP,RETURN,FAIL_CLOSED,logical call-frame producer not on top of source-proved stack,,0,EMPTY,?,?,static dispatch must reject this context/edge; no generic runtime decoder or guessed continuation
V04B00055,81:F7ED:E0M1X1:C1:DBR81:S0,00F7ED,RTS/IMP,RETURN,FAIL_CLOSED,logical call-frame producer not on top of source-proved stack,,0,EMPTY,?,?,static dispatch must reject this context/edge; no generic runtime decoder or guessed continuation
V04B00056,81:F71B:E0M1X1:C0:DBR81:S0,00F71B,RTS/IMP,RETURN,FAIL_CLOSED,logical call-frame producer not on top of source-proved stack,,0,EMPTY,?,?,static dispatch must reject this context/edge; no generic runtime decoder or guessed continuation
V04B00057,81:F713:E0M1X1:C1:DBR81:S0,00F713,RTS/IMP,RETURN,FAIL_CLOSED,logical call-frame producer not on top of source-proved stack,,0,EMPTY,?,?,static dispatch must reject this context/edge; no generic runtime decoder or guessed continuation
