Candidate_ID,Physical,Canonical_CPU,Register,V03_Claim,V04_Disposition,Effective_Addresses,Notes
V03A0001,0079FD,00:F9FD,2142,GRAPH_REACHED_BANK_UNPROVED,SOURCE_PROVED_MMIO,802142;812142,Only source-proved path+effective-bank facts may establish MMIO.
V03A0002,007A27,00:FA27,2142,GRAPH_REACHED_BANK_UNPROVED,SOURCE_PROVED_MMIO,802142;812142,Only source-proved path+effective-bank facts may establish MMIO.
V03A0003,007A42,00:FA42,2140,GRAPH_REACHED_BANK_UNPROVED,SOURCE_PROVED_MMIO,802140,Only source-proved path+effective-bank facts may establish MMIO.
V03A0004,007A4D,00:FA4D,2140,GRAPH_REACHED_BANK_UNPROVED,SOURCE_PROVED_MMIO,802140,Only source-proved path+effective-bank facts may establish MMIO.
V03A0005,007A61,00:FA61,2142,GRAPH_REACHED_BANK_UNPROVED,SOURCE_PROVED_MMIO,802142,Only source-proved path+effective-bank facts may establish MMIO.
V03A0006,007A69,00:FA69,2143,GRAPH_REACHED_BANK_UNPROVED,SOURCE_PROVED_MMIO,802143,Only source-proved path+effective-bank facts may establish MMIO.
V03A0007,007A7B,00:FA7B,2141,GRAPH_REACHED_BANK_UNPROVED,SOURCE_PROVED_MMIO,802141,Only source-proved path+effective-bank facts may establish MMIO.
V03A0008,007A80,00:FA80,2140,GRAPH_REACHED_BANK_UNPROVED,SOURCE_PROVED_MMIO,802140,Only source-proved path+effective-bank facts may establish MMIO.
V03A0009,007A83,00:FA83,2140,GRAPH_REACHED_BANK_UNPROVED,SOURCE_PROVED_MMIO,802140,Only source-proved path+effective-bank facts may establish MMIO.
V03A0010,007A8D,00:FA8D,2141,GRAPH_REACHED_BANK_UNPROVED,SOURCE_PROVED_MMIO,802141,Only source-proved path+effective-bank facts may establish MMIO.
V03A0011,007A92,00:FA92,2140,GRAPH_REACHED_BANK_UNPROVED,SOURCE_PROVED_MMIO,802140,Only source-proved path+effective-bank facts may establish MMIO.
V03A0012,007A95,00:FA95,2140,GRAPH_REACHED_BANK_UNPROVED,SOURCE_PROVED_MMIO,802140,Only source-proved path+effective-bank facts may establish MMIO.
V03A0013,007AA8,00:FAA8,2142,GRAPH_REACHED_BANK_UNPROVED,SOURCE_PROVED_MMIO,802142,Only source-proved path+effective-bank facts may establish MMIO.
V03A0014,007AAD,00:FAAD,2141,GRAPH_REACHED_BANK_UNPROVED,SOURCE_PROVED_MMIO,802141,Only source-proved path+effective-bank facts may establish MMIO.
V03A0015,007AB5,00:FAB5,2140,GRAPH_REACHED_BANK_UNPROVED,SOURCE_PROVED_MMIO,802140,Only source-proved path+effective-bank facts may establish MMIO.
V03A0016,007AC4,00:FAC4,2142,GRAPH_REACHED_BANK_UNPROVED,SOURCE_PROVED_MMIO,802142,Only source-proved path+effective-bank facts may establish MMIO.
V03A0017,007ACC,00:FACC,2142,GRAPH_REACHED_BANK_UNPROVED,SOURCE_PROVED_MMIO,802142,Only source-proved path+effective-bank facts may establish MMIO.
V03A0018,007ADE,00:FADE,2140,GRAPH_REACHED_BANK_UNPROVED,SOURCE_PROVED_MMIO,802140,Only source-proved path+effective-bank facts may establish MMIO.
V03A0019,007C5B,00:FC5B,2141,ALL_OFFSET_ONLY,REJECTED_V03_CANDIDATE,,Only source-proved path+effective-bank facts may establish MMIO.
V03A0020,007C5E,00:FC5E,2140,ALL_OFFSET_ONLY,REJECTED_V03_CANDIDATE,,Only source-proved path+effective-bank facts may establish MMIO.
V03A0021,007C6F,00:FC6F,2140,ALL_OFFSET_ONLY,REJECTED_V03_CANDIDATE,,Only source-proved path+effective-bank facts may establish MMIO.
V03A0022,007C78,00:FC78,2141,ALL_OFFSET_ONLY,REJECTED_V03_CANDIDATE,,Only source-proved path+effective-bank facts may establish MMIO.
V03A0023,007C7B,00:FC7B,2140,ALL_OFFSET_ONLY,REJECTED_V03_CANDIDATE,,Only source-proved path+effective-bank facts may establish MMIO.
V03A0024,007C98,00:FC98,2141,ALL_OFFSET_ONLY,REJECTED_V03_CANDIDATE,,Only source-proved path+effective-bank facts may establish MMIO.
V03A0025,007C9B,00:FC9B,2140,ALL_OFFSET_ONLY,REJECTED_V03_CANDIDATE,,Only source-proved path+effective-bank facts may establish MMIO.
V03A0026,007C9E,00:FC9E,2140,ALL_OFFSET_ONLY,REJECTED_V03_CANDIDATE,,Only source-proved path+effective-bank facts may establish MMIO.
V03A0027,007CA7,00:FCA7,2140,ALL_OFFSET_ONLY,REJECTED_V03_CANDIDATE,,Only source-proved path+effective-bank facts may establish MMIO.
V03A0028,007CB0,00:FCB0,2140,ALL_OFFSET_ONLY,REJECTED_V03_CANDIDATE,,Only source-proved path+effective-bank facts may establish MMIO.
V03A0029,007CB3,00:FCB3,2140,ALL_OFFSET_ONLY,REJECTED_V03_CANDIDATE,,Only source-proved path+effective-bank facts may establish MMIO.
V03A0030,007CB8,00:FCB8,2140,ALL_OFFSET_ONLY,REJECTED_V03_CANDIDATE,,Only source-proved path+effective-bank facts may establish MMIO.
V03A0031,09A952,13:A952,2141,ALL_OFFSET_ONLY,REJECTED_V03_CANDIDATE,,Only source-proved path+effective-bank facts may establish MMIO.
V03A0032,0B7B78,16:FB78,2140,ALL_OFFSET_ONLY,REJECTED_V03_CANDIDATE,,Only source-proved path+effective-bank facts may establish MMIO.
V03A0033,0B9B38,17:9B38,2142,ALL_OFFSET_ONLY,REJECTED_V03_CANDIDATE,,Only source-proved path+effective-bank facts may establish MMIO.
V03A0034,0C7CBB,18:FCBB,2141,ALL_OFFSET_ONLY,REJECTED_V03_CANDIDATE,,Only source-proved path+effective-bank facts may establish MMIO.
V03A0035,0F0D6D,1E:8D6D,2143,ALL_OFFSET_ONLY,REJECTED_V03_CANDIDATE,,Only source-proved path+effective-bank facts may establish MMIO.
