Key,Key_Hex,Class,Boundary_Row_Count,Has_Proved_Successor,Production_Failure
80:8181:E0M1X1,04040C0B,DYNAMIC_TARGET,1,NO,JS_STOP_UNPROVED_DYNAMIC_TARGET
80:8181:E1M1X1,04040C0F,DYNAMIC_TARGET,1,NO,JS_STOP_UNPROVED_DYNAMIC_TARGET
80:8196:E0M0X0,04040CB0,INTERRUPT_REENTRY,1,NO,JS_STOP_UNPROVED_INTERRUPT_REENTRY
80:8196:E1M1X1,04040CB7,INTERRUPT_REENTRY,1,NO,JS_STOP_UNPROVED_INTERRUPT_REENTRY
80:81BF:E0M0X0,04040DF8,INTERRUPT_REENTRY,3,NO,JS_STOP_UNPROVED_INTERRUPT_REENTRY
80:81BF:E0M0X1,04040DF9,INTERRUPT_REENTRY,3,NO,JS_STOP_UNPROVED_INTERRUPT_REENTRY
80:81BF:E0M1X0,04040DFA,INTERRUPT_REENTRY,3,NO,JS_STOP_UNPROVED_INTERRUPT_REENTRY
80:81BF:E0M1X1,04040DFB,INTERRUPT_REENTRY,3,NO,JS_STOP_UNPROVED_INTERRUPT_REENTRY
80:81BF:E1M1X1,04040DFF,INTERRUPT_REENTRY,2,NO,JS_STOP_UNPROVED_INTERRUPT_REENTRY
80:821A:E0M1X1,040410D3,DYNAMIC_TARGET,4,NO,JS_STOP_UNPROVED_DYNAMIC_TARGET
80:821A:E1M1X1,040410D7,DYNAMIC_TARGET,1,NO,JS_STOP_UNPROVED_DYNAMIC_TARGET
80:8227:E0M0X0,04041138,INTERRUPT_REENTRY,1,NO,JS_STOP_UNPROVED_INTERRUPT_REENTRY
80:8227:E0M0X1,04041139,INTERRUPT_REENTRY,1,NO,JS_STOP_UNPROVED_INTERRUPT_REENTRY
80:8227:E0M1X0,0404113A,INTERRUPT_REENTRY,1,NO,JS_STOP_UNPROVED_INTERRUPT_REENTRY
80:8227:E0M1X1,0404113B,INTERRUPT_REENTRY,1,NO,JS_STOP_UNPROVED_INTERRUPT_REENTRY
80:8227:E1M1X1,0404113F,INTERRUPT_REENTRY,1,NO,JS_STOP_UNPROVED_INTERRUPT_REENTRY
80:8362:E0M0X0,04041B10,RETURN,5,NO,JS_STOP_UNPROVED_RETURN
80:83A2:E0M0X0,04041D10,RETURN,2,YES,JS_STOP_UNPROVED_RETURN
81:9D98:E0M0X0,040CECC0,RETURN,6,NO,JS_STOP_UNPROVED_RETURN
81:9E7A:E0M0X0,040CF3D0,RETURN,4,YES,JS_STOP_UNPROVED_RETURN
81:AD20:E0M1X1,040D6903,RETURN,1,NO,JS_STOP_UNPROVED_RETURN
81:F537:E0M1X1,040FA9BB,RETURN,1,NO,JS_STOP_UNPROVED_RETURN
81:F6AB:E0M1X1,040FB55B,RETURN,1,YES,JS_STOP_UNPROVED_RETURN
81:F6EE:E0M1X1,040FB773,RETURN,1,YES,JS_STOP_UNPROVED_RETURN
81:F6F6:E0M1X1,040FB7B3,RETURN,1,YES,JS_STOP_UNPROVED_RETURN
81:F700:E0M1X1,040FB803,RETURN,1,YES,JS_STOP_UNPROVED_RETURN
81:F713:E0M1X1,040FB89B,RETURN,1,YES,JS_STOP_UNPROVED_RETURN
81:F71B:E0M1X1,040FB8DB,RETURN,1,YES,JS_STOP_UNPROVED_RETURN
81:F77A:E0M1X1,040FBBD3,RETURN,1,YES,JS_STOP_UNPROVED_RETURN
81:F77C:E0M1X1,040FBBE3,RETURN,1,YES,JS_STOP_UNPROVED_RETURN
81:F7EB:E0M1X1,040FBF5B,RETURN,1,YES,JS_STOP_UNPROVED_RETURN
81:F7ED:E0M1X1,040FBF6B,RETURN,1,YES,JS_STOP_UNPROVED_RETURN
