Register,Direct_Read_Count,Direct_Write_Count,DMA_Delivery_Count,Reached,Implemented,Certified,First_Proved_Physical,First_Proved_Context,Production_Value_Domain,Observed_Value_Domain,Semantic_Class
2100,0,9,0,YES,YES,YES,096F7C,V04C000295,00-FF_GENERAL,NOT_USED_AS_STATIC_AUTHORITY,WRITE_STATE_OR_READ_OPEN_BUS
2101,0,13,0,YES,YES,YES,000140,V04C000506,00-FF_GENERAL,NOT_USED_AS_STATIC_AUTHORITY,WRITE_STATE_OR_READ_OPEN_BUS
2102,0,12,0,YES,YES,YES,00241F,V04C004274,00-FF_GENERAL,NOT_USED_AS_STATIC_AUTHORITY,WRITE_STATE_OR_READ_OPEN_BUS
2103,0,0,0,NO,YES,NOT_REACHED,,,00-FF_GENERAL,NOT_USED_AS_STATIC_AUTHORITY,WRITE_STATE_OR_READ_OPEN_BUS
2104,0,360,2,YES,YES,YES,002428,V04C004293,00-FF_GENERAL,NOT_USED_AS_STATIC_AUTHORITY,WRITE_STATE_OR_READ_OPEN_BUS
2105,0,5,0,YES,YES,YES,096F81,V04C000318,00-FF_GENERAL,NOT_USED_AS_STATIC_AUTHORITY,WRITE_STATE_OR_READ_OPEN_BUS
2106,0,1,0,YES,YES,YES,096F81,V04C000315,00-FF_GENERAL,NOT_USED_AS_STATIC_AUTHORITY,WRITE_STATE_OR_READ_OPEN_BUS
2107,0,5,0,YES,YES,YES,096F81,V04C000312,00-FF_GENERAL,NOT_USED_AS_STATIC_AUTHORITY,WRITE_STATE_OR_READ_OPEN_BUS
2108,0,4,0,YES,YES,YES,096F81,V04C000309,00-FF_GENERAL,NOT_USED_AS_STATIC_AUTHORITY,WRITE_STATE_OR_READ_OPEN_BUS
2109,0,6,0,YES,YES,YES,096F81,V04C000306,00-FF_GENERAL,NOT_USED_AS_STATIC_AUTHORITY,WRITE_STATE_OR_READ_OPEN_BUS
210A,0,1,0,YES,YES,YES,096F81,V04C000303,00-FF_GENERAL,NOT_USED_AS_STATIC_AUTHORITY,WRITE_STATE_OR_READ_OPEN_BUS
210B,0,5,0,YES,YES,YES,096F81,V04C000300,00-FF_GENERAL,NOT_USED_AS_STATIC_AUTHORITY,WRITE_STATE_OR_READ_OPEN_BUS
210C,0,3,0,YES,YES,YES,096F81,V04C000297,00-FF_GENERAL,NOT_USED_AS_STATIC_AUTHORITY,WRITE_STATE_OR_READ_OPEN_BUS
210D,0,24,0,YES,YES,YES,096F89,V04C000353,00-FF_GENERAL,NOT_USED_AS_STATIC_AUTHORITY,WRITE_STATE_OR_READ_OPEN_BUS
210E,0,24,0,YES,YES,YES,096F89,V04C000349,00-FF_GENERAL,NOT_USED_AS_STATIC_AUTHORITY,WRITE_STATE_OR_READ_OPEN_BUS
210F,0,24,0,YES,YES,YES,096F89,V04C000345,00-FF_GENERAL,NOT_USED_AS_STATIC_AUTHORITY,WRITE_STATE_OR_READ_OPEN_BUS
2110,0,24,0,YES,YES,YES,096F89,V04C000341,00-FF_GENERAL,NOT_USED_AS_STATIC_AUTHORITY,WRITE_STATE_OR_READ_OPEN_BUS
2111,0,24,0,YES,YES,YES,096F89,V04C000337,00-FF_GENERAL,NOT_USED_AS_STATIC_AUTHORITY,WRITE_STATE_OR_READ_OPEN_BUS
2112,0,24,0,YES,YES,YES,096F89,V04C000333,00-FF_GENERAL,NOT_USED_AS_STATIC_AUTHORITY,WRITE_STATE_OR_READ_OPEN_BUS
2113,0,2,0,YES,YES,YES,096F89,V04C000329,00-FF_GENERAL,NOT_USED_AS_STATIC_AUTHORITY,WRITE_STATE_OR_READ_OPEN_BUS
2114,0,2,0,YES,YES,YES,096F89,V04C000325,00-FF_GENERAL,NOT_USED_AS_STATIC_AUTHORITY,WRITE_STATE_OR_READ_OPEN_BUS
2115,0,62,0,YES,YES,YES,096F94,V04C000358,00-FF_GENERAL,NOT_USED_AS_STATIC_AUTHORITY,WRITE_STATE_OR_READ_OPEN_BUS
2116,0,71,0,YES,YES,YES,096F99,V04C000372,00-FF_GENERAL,NOT_USED_AS_STATIC_AUTHORITY,WRITE_STATE_OR_READ_OPEN_BUS
2117,0,18,0,YES,YES,YES,096F99,V04C000369,00-FF_GENERAL,NOT_USED_AS_STATIC_AUTHORITY,WRITE_STATE_OR_READ_OPEN_BUS
2118,0,94,4,YES,YES,YES,096F99,V04C000366,00-FF_GENERAL,NOT_USED_AS_STATIC_AUTHORITY,WRITE_STATE_OR_READ_OPEN_BUS
2119,0,31,4,YES,YES,YES,096F99,V04C000363,00-FF_GENERAL,NOT_USED_AS_STATIC_AUTHORITY,WRITE_STATE_OR_READ_OPEN_BUS
211A,0,1,0,YES,YES,YES,096F99,V04C000360,00-FF_GENERAL,NOT_USED_AS_STATIC_AUTHORITY,WRITE_STATE_OR_READ_OPEN_BUS
211B,0,2,0,YES,YES,YES,096F9F,V04C000375,00-FF_GENERAL,NOT_USED_AS_STATIC_AUTHORITY,WRITE_STATE_OR_READ_OPEN_BUS
211C,0,2,0,YES,YES,YES,096FA7,V04C000378,00-FF_GENERAL,NOT_USED_AS_STATIC_AUTHORITY,WRITE_STATE_OR_READ_OPEN_BUS
211D,0,2,0,YES,YES,YES,096FAD,V04C000380,00-FF_GENERAL,NOT_USED_AS_STATIC_AUTHORITY,WRITE_STATE_OR_READ_OPEN_BUS
211E,0,2,0,YES,YES,YES,096FB3,V04C000382,00-FF_GENERAL,NOT_USED_AS_STATIC_AUTHORITY,WRITE_STATE_OR_READ_OPEN_BUS
211F,0,2,0,YES,YES,YES,096FBB,V04C000385,00-FF_GENERAL,NOT_USED_AS_STATIC_AUTHORITY,WRITE_STATE_OR_READ_OPEN_BUS
2120,0,2,0,YES,YES,YES,096FC1,V04C000387,00-FF_GENERAL,NOT_USED_AS_STATIC_AUTHORITY,WRITE_STATE_OR_READ_OPEN_BUS
2121,0,19,0,YES,YES,YES,00406E,V04C009286,00-FF_GENERAL,NOT_USED_AS_STATIC_AUTHORITY,WRITE_STATE_OR_READ_OPEN_BUS
2122,0,0,1,YES,YES,YES,,,00-FF_GENERAL,NOT_USED_AS_STATIC_AUTHORITY,WRITE_STATE_OR_READ_OPEN_BUS
2123,0,0,0,NO,YES,NOT_REACHED,,,00-FF_GENERAL,NOT_USED_AS_STATIC_AUTHORITY,WRITE_STATE_OR_READ_OPEN_BUS
2124,0,0,0,NO,YES,NOT_REACHED,,,00-FF_GENERAL,NOT_USED_AS_STATIC_AUTHORITY,WRITE_STATE_OR_READ_OPEN_BUS
2125,0,0,0,NO,YES,NOT_REACHED,,,00-FF_GENERAL,NOT_USED_AS_STATIC_AUTHORITY,WRITE_STATE_OR_READ_OPEN_BUS
2126,0,0,0,NO,YES,NOT_REACHED,,,00-FF_GENERAL,NOT_USED_AS_STATIC_AUTHORITY,WRITE_STATE_OR_READ_OPEN_BUS
2127,0,0,0,NO,YES,NOT_REACHED,,,00-FF_GENERAL,NOT_USED_AS_STATIC_AUTHORITY,WRITE_STATE_OR_READ_OPEN_BUS
2128,0,1,0,YES,YES,YES,096FC9,V04C000411,00-FF_GENERAL,NOT_USED_AS_STATIC_AUTHORITY,WRITE_STATE_OR_READ_OPEN_BUS
2129,0,1,0,YES,YES,YES,096FC9,V04C000408,00-FF_GENERAL,NOT_USED_AS_STATIC_AUTHORITY,WRITE_STATE_OR_READ_OPEN_BUS
212A,0,1,0,YES,YES,YES,096FC9,V04C000405,00-FF_GENERAL,NOT_USED_AS_STATIC_AUTHORITY,WRITE_STATE_OR_READ_OPEN_BUS
212B,0,1,0,YES,YES,YES,096FC9,V04C000402,00-FF_GENERAL,NOT_USED_AS_STATIC_AUTHORITY,WRITE_STATE_OR_READ_OPEN_BUS
212C,0,17,0,YES,YES,YES,096FC9,V04C000399,00-FF_GENERAL,NOT_USED_AS_STATIC_AUTHORITY,WRITE_STATE_OR_READ_OPEN_BUS
212D,0,3,0,YES,YES,YES,096FC9,V04C000396,00-FF_GENERAL,NOT_USED_AS_STATIC_AUTHORITY,WRITE_STATE_OR_READ_OPEN_BUS
212E,0,1,0,YES,YES,YES,096FC9,V04C000393,00-FF_GENERAL,NOT_USED_AS_STATIC_AUTHORITY,WRITE_STATE_OR_READ_OPEN_BUS
212F,0,1,0,YES,YES,YES,096FC9,V04C000390,00-FF_GENERAL,NOT_USED_AS_STATIC_AUTHORITY,WRITE_STATE_OR_READ_OPEN_BUS
2130,0,2,0,YES,YES,YES,096FD1,V04C000418,00-FF_GENERAL,NOT_USED_AS_STATIC_AUTHORITY,WRITE_STATE_OR_READ_OPEN_BUS
2131,0,3,0,YES,YES,YES,096FD4,V04C000419,00-FF_GENERAL,NOT_USED_AS_STATIC_AUTHORITY,WRITE_STATE_OR_READ_OPEN_BUS
2132,0,3,0,YES,YES,YES,096FD9,V04C000421,00-FF_GENERAL,NOT_USED_AS_STATIC_AUTHORITY,WRITE_STATE_OR_READ_OPEN_BUS
2133,0,1,0,YES,YES,YES,096FDC,V04C000422,00-FF_GENERAL,NOT_USED_AS_STATIC_AUTHORITY,WRITE_STATE_OR_READ_OPEN_BUS
2134,0,0,0,NO,YES,NOT_REACHED,,,READ_SEMANTICS,NOT_USED_AS_STATIC_AUTHORITY,READ_STATE_OR_LATCH
2135,0,0,0,NO,YES,NOT_REACHED,,,READ_SEMANTICS,NOT_USED_AS_STATIC_AUTHORITY,READ_STATE_OR_LATCH
2136,0,0,0,NO,YES,NOT_REACHED,,,READ_SEMANTICS,NOT_USED_AS_STATIC_AUTHORITY,READ_STATE_OR_LATCH
2137,0,0,0,NO,YES,NOT_REACHED,,,READ_SEMANTICS,NOT_USED_AS_STATIC_AUTHORITY,READ_STATE_OR_LATCH
2138,0,0,0,NO,YES,NOT_REACHED,,,READ_SEMANTICS,NOT_USED_AS_STATIC_AUTHORITY,READ_STATE_OR_LATCH
2139,0,0,0,NO,YES,NOT_REACHED,,,READ_SEMANTICS,NOT_USED_AS_STATIC_AUTHORITY,READ_STATE_OR_LATCH
213A,0,0,0,NO,YES,NOT_REACHED,,,READ_SEMANTICS,NOT_USED_AS_STATIC_AUTHORITY,READ_STATE_OR_LATCH
213B,0,0,0,NO,YES,NOT_REACHED,,,READ_SEMANTICS,NOT_USED_AS_STATIC_AUTHORITY,READ_STATE_OR_LATCH
213C,0,0,0,NO,YES,NOT_REACHED,,,READ_SEMANTICS,NOT_USED_AS_STATIC_AUTHORITY,READ_STATE_OR_LATCH
213D,0,0,0,NO,YES,NOT_REACHED,,,READ_SEMANTICS,NOT_USED_AS_STATIC_AUTHORITY,READ_STATE_OR_LATCH
213E,0,0,0,NO,YES,NOT_REACHED,,,READ_SEMANTICS,NOT_USED_AS_STATIC_AUTHORITY,READ_RENDERER_DEPENDENT_STATUS
213F,1,0,0,YES,YES,YES,097079,V04C000557,READ_SEMANTICS,NOT_USED_AS_STATIC_AUTHORITY,READ_STATE_OR_LATCH
