Register,Path,Access,Physical,Context,Instruction,Profile
2100,CPU_DIRECT,WRITE,0023B2,V04C019493,STA/ABS,
2100,CPU_DIRECT,WRITE,0023B2,V04C020742,STA/ABS,
2100,CPU_DIRECT,WRITE,0023B2,V04C021876,STA/ABS,
2100,CPU_DIRECT,WRITE,0023B2,V04C022892,STA/ABS,
2100,CPU_DIRECT,WRITE,0023FD,V04C023723,STA/ABS,
2100,CPU_DIRECT,WRITE,0023FD,V04C024143,STA/ABS,
2100,CPU_DIRECT,WRITE,0023FD,V04C025829,STA/ABS,
2100,CPU_DIRECT,WRITE,002411,V04C024084,STA/ABS,
2100,CPU_DIRECT,WRITE,096F7C,V04C000295,STA/ABS,
2101,CPU_DIRECT,WRITE,000140,V04C000506,STA/ABS,
2101,CPU_DIRECT,WRITE,000140,V04C000513,STA/ABS,
2101,CPU_DIRECT,WRITE,009DB1,V04C002972,STA/ABS,
2101,CPU_DIRECT,WRITE,009DB1,V04C003022,STA/ABS,
2101,CPU_DIRECT,WRITE,009DB1,V04C005228,STA/ABS,
2101,CPU_DIRECT,WRITE,009DB1,V04C005730,STA/ABS,
2101,CPU_DIRECT,WRITE,009DB1,V04C005992,STA/ABS,
2101,CPU_DIRECT,WRITE,009DB1,V04C006110,STA/ABS,
2101,CPU_DIRECT,WRITE,009DB1,V04C006437,STA/ABS,
2101,CPU_DIRECT,WRITE,009DB1,V04C006937,STA/ABS,
2101,CPU_DIRECT,WRITE,009DB1,V04C006944,STA/ABS,
2101,CPU_DIRECT,WRITE,009DB1,V04C008071,STA/ABS,
2101,CPU_DIRECT,WRITE,009DB1,V04C008315,STA/ABS,
2102,CPU_DIRECT,WRITE,00241F,V04C004274,STZ/ABS,
2102,CPU_DIRECT,WRITE,00241F,V04C004978,STZ/ABS,
2102,CPU_DIRECT,WRITE,00241F,V04C006662,STZ/ABS,
2102,CPU_DIRECT,WRITE,00241F,V04C007194,STZ/ABS,
2102,CPU_DIRECT,WRITE,00241F,V04C007293,STZ/ABS,
2102,CPU_DIRECT,WRITE,00241F,V04C008146,STZ/ABS,
2102,CPU_DIRECT,WRITE,00241F,V04C008945,STZ/ABS,
2102,CPU_DIRECT,WRITE,00241F,V04C009180,STZ/ABS,
2102,CPU_DIRECT,WRITE,009CC0,V04C018894,STZ/ABS,
2102,CPU_DIRECT,WRITE,009CC0,V04C021498,STZ/ABS,
2102,CPU_DIRECT,WRITE,009CDB,V04C019340,STA/ABS,
2102,CPU_DIRECT,WRITE,009CDB,V04C021779,STA/ABS,
2104,CPU_DIRECT,WRITE,002428,V04C004293,STA/ABS,
2104,CPU_DIRECT,WRITE,002428,V04C004311,STA/ABS,
2104,CPU_DIRECT,WRITE,002428,V04C004319,STA/ABS,
2104,CPU_DIRECT,WRITE,002428,V04C004327,STA/ABS,
2104,CPU_DIRECT,WRITE,002428,V04C004335,STA/ABS,
2104,CPU_DIRECT,WRITE,002428,V04C004343,STA/ABS,
2104,CPU_DIRECT,WRITE,002428,V04C004351,STA/ABS,
2104,CPU_DIRECT,WRITE,002428,V04C004359,STA/ABS,
2104,CPU_DIRECT,WRITE,002428,V04C004367,STA/ABS,
2104,CPU_DIRECT,WRITE,002428,V04C005040,STA/ABS,
2104,CPU_DIRECT,WRITE,002428,V04C005153,STA/ABS,
2104,CPU_DIRECT,WRITE,002428,V04C005241,STA/ABS,
2104,CPU_DIRECT,WRITE,002428,V04C005319,STA/ABS,
2104,CPU_DIRECT,WRITE,002428,V04C005401,STA/ABS,
2104,CPU_DIRECT,WRITE,002428,V04C005528,STA/ABS,
2104,CPU_DIRECT,WRITE,002428,V04C005667,STA/ABS,
2104,CPU_DIRECT,WRITE,002428,V04C005806,STA/ABS,
2104,CPU_DIRECT,WRITE,002428,V04C005950,STA/ABS,
2104,CPU_DIRECT,WRITE,002428,V04C006724,STA/ABS,
2104,CPU_DIRECT,WRITE,002428,V04C006829,STA/ABS,
2104,CPU_DIRECT,WRITE,002428,V04C006911,STA/ABS,
2104,CPU_DIRECT,WRITE,002428,V04C006983,STA/ABS,
2104,CPU_DIRECT,WRITE,002428,V04C007055,STA/ABS,
2104,CPU_DIRECT,WRITE,002428,V04C007127,STA/ABS,
2104,CPU_DIRECT,WRITE,002428,V04C007199,STA/ABS,
2104,CPU_DIRECT,WRITE,002428,V04C007236,STA/ABS,
2104,CPU_DIRECT,WRITE,002428,V04C007296,STA/ABS,
2104,CPU_DIRECT,WRITE,002428,V04C007354,STA/ABS,
2104,CPU_DIRECT,WRITE,002428,V04C007355,STA/ABS,
2104,CPU_DIRECT,WRITE,002428,V04C007418,STA/ABS,
2104,CPU_DIRECT,WRITE,002428,V04C007469,STA/ABS,
2104,CPU_DIRECT,WRITE,002428,V04C007470,STA/ABS,
2104,CPU_DIRECT,WRITE,002428,V04C007583,STA/ABS,
2104,CPU_DIRECT,WRITE,002428,V04C007584,STA/ABS,
2104,CPU_DIRECT,WRITE,002428,V04C007710,STA/ABS,
2104,CPU_DIRECT,WRITE,002428,V04C007711,STA/ABS,
2104,CPU_DIRECT,WRITE,002428,V04C007818,STA/ABS,
2104,CPU_DIRECT,WRITE,002428,V04C007819,STA/ABS,
2104,CPU_DIRECT,WRITE,002428,V04C007948,STA/ABS,
2104,CPU_DIRECT,WRITE,002428,V04C007949,STA/ABS,
2104,CPU_DIRECT,WRITE,002428,V04C008106,STA/ABS,
2104,CPU_DIRECT,WRITE,002428,V04C008107,STA/ABS,
2104,CPU_DIRECT,WRITE,002428,V04C008205,STA/ABS,
2104,CPU_DIRECT,WRITE,002428,V04C008231,STA/ABS,
2104,CPU_DIRECT,WRITE,002428,V04C008232,STA/ABS,
2104,CPU_DIRECT,WRITE,002428,V04C008312,STA/ABS,
2104,CPU_DIRECT,WRITE,002428,V04C008337,STA/ABS,
2104,CPU_DIRECT,WRITE,002428,V04C008408,STA/ABS,
2104,CPU_DIRECT,WRITE,002428,V04C008464,STA/ABS,
2104,CPU_DIRECT,WRITE,002428,V04C008520,STA/ABS,
2104,CPU_DIRECT,WRITE,002428,V04C008576,STA/ABS,
2104,CPU_DIRECT,WRITE,002428,V04C008627,STA/ABS,
2104,CPU_DIRECT,WRITE,002428,V04C008675,STA/ABS,
2104,CPU_DIRECT,WRITE,002428,V04C008741,STA/ABS,
2104,CPU_DIRECT,WRITE,002428,V04C009005,STA/ABS,
2104,CPU_DIRECT,WRITE,002428,V04C009118,STA/ABS,
2104,CPU_DIRECT,WRITE,002428,V04C009240,STA/ABS,
2104,CPU_DIRECT,WRITE,002428,V04C009241,STA/ABS,
2104,CPU_DIRECT,WRITE,002428,V04C009396,STA/ABS,
2104,CPU_DIRECT,WRITE,002428,V04C009397,STA/ABS,
2104,CPU_DIRECT,WRITE,002428,V04C009562,STA/ABS,
2104,CPU_DIRECT,WRITE,002428,V04C009563,STA/ABS,
2104,CPU_DIRECT,WRITE,002428,V04C009692,STA/ABS,
2104,CPU_DIRECT,WRITE,002428,V04C009693,STA/ABS,
2104,CPU_DIRECT,WRITE,002428,V04C009809,STA/ABS,
2104,CPU_DIRECT,WRITE,002428,V04C009810,STA/ABS,
2104,CPU_DIRECT,WRITE,002428,V04C009891,STA/ABS,
2104,CPU_DIRECT,WRITE,002428,V04C009892,STA/ABS,
2104,CPU_DIRECT,WRITE,002428,V04C009977,STA/ABS,
2104,CPU_DIRECT,WRITE,002428,V04C009978,STA/ABS,
2104,CPU_DIRECT,WRITE,002428,V04C010071,STA/ABS,
2104,CPU_DIRECT,WRITE,002428,V04C010128,STA/ABS,
2104,CPU_DIRECT,WRITE,00242D,V04C004302,STA/ABS,
2104,CPU_DIRECT,WRITE,00242D,V04C004313,STA/ABS,
2104,CPU_DIRECT,WRITE,00242D,V04C004321,STA/ABS,
2104,CPU_DIRECT,WRITE,00242D,V04C004329,STA/ABS,
2104,CPU_DIRECT,WRITE,00242D,V04C004337,STA/ABS,
2104,CPU_DIRECT,WRITE,00242D,V04C004345,STA/ABS,
2104,CPU_DIRECT,WRITE,00242D,V04C004353,STA/ABS,
2104,CPU_DIRECT,WRITE,00242D,V04C004361,STA/ABS,
2104,CPU_DIRECT,WRITE,00242D,V04C004369,STA/ABS,
2104,CPU_DIRECT,WRITE,00242D,V04C005071,STA/ABS,
2104,CPU_DIRECT,WRITE,00242D,V04C005175,STA/ABS,
2104,CPU_DIRECT,WRITE,00242D,V04C005262,STA/ABS,
2104,CPU_DIRECT,WRITE,00242D,V04C005339,STA/ABS,
2104,CPU_DIRECT,WRITE,00242D,V04C005429,STA/ABS,
2104,CPU_DIRECT,WRITE,00242D,V04C005564,STA/ABS,
2104,CPU_DIRECT,WRITE,00242D,V04C005699,STA/ABS,
2104,CPU_DIRECT,WRITE,00242D,V04C005846,STA/ABS,
2104,CPU_DIRECT,WRITE,00242D,V04C005981,STA/ABS,
2104,CPU_DIRECT,WRITE,00242D,V04C006750,STA/ABS,
2104,CPU_DIRECT,WRITE,00242D,V04C006853,STA/ABS,
2104,CPU_DIRECT,WRITE,00242D,V04C006929,STA/ABS,
2104,CPU_DIRECT,WRITE,00242D,V04C007001,STA/ABS,
2104,CPU_DIRECT,WRITE,00242D,V04C007073,STA/ABS,
2104,CPU_DIRECT,WRITE,00242D,V04C007145,STA/ABS,
2104,CPU_DIRECT,WRITE,00242D,V04C007218,STA/ABS,
2104,CPU_DIRECT,WRITE,00242D,V04C007262,STA/ABS,
2104,CPU_DIRECT,WRITE,00242D,V04C007326,STA/ABS,
2104,CPU_DIRECT,WRITE,00242D,V04C007386,STA/ABS,
2104,CPU_DIRECT,WRITE,00242D,V04C007387,STA/ABS,
2104,CPU_DIRECT,WRITE,00242D,V04C007447,STA/ABS,
2104,CPU_DIRECT,WRITE,00242D,V04C007493,STA/ABS,
2104,CPU_DIRECT,WRITE,00242D,V04C007494,STA/ABS,
2104,CPU_DIRECT,WRITE,00242D,V04C007618,STA/ABS,
2104,CPU_DIRECT,WRITE,00242D,V04C007619,STA/ABS,
2104,CPU_DIRECT,WRITE,00242D,V04C007738,STA/ABS,
2104,CPU_DIRECT,WRITE,00242D,V04C007739,STA/ABS,
2104,CPU_DIRECT,WRITE,00242D,V04C007846,STA/ABS,
2104,CPU_DIRECT,WRITE,00242D,V04C007847,STA/ABS,
2104,CPU_DIRECT,WRITE,00242D,V04C007990,STA/ABS,
2104,CPU_DIRECT,WRITE,00242D,V04C007991,STA/ABS,
2104,CPU_DIRECT,WRITE,00242D,V04C008144,STA/ABS,
2104,CPU_DIRECT,WRITE,00242D,V04C008145,STA/ABS,
2104,CPU_DIRECT,WRITE,00242D,V04C008233,STA/ABS,
2104,CPU_DIRECT,WRITE,00242D,V04C008258,STA/ABS,
2104,CPU_DIRECT,WRITE,00242D,V04C008259,STA/ABS,
2104,CPU_DIRECT,WRITE,00242D,V04C008338,STA/ABS,
2104,CPU_DIRECT,WRITE,00242D,V04C008364,STA/ABS,
2104,CPU_DIRECT,WRITE,00242D,V04C008422,STA/ABS,
2104,CPU_DIRECT,WRITE,00242D,V04C008478,STA/ABS,
2104,CPU_DIRECT,WRITE,00242D,V04C008534,STA/ABS,
2104,CPU_DIRECT,WRITE,00242D,V04C008590,STA/ABS,
2104,CPU_DIRECT,WRITE,00242D,V04C008639,STA/ABS,
2104,CPU_DIRECT,WRITE,00242D,V04C008688,STA/ABS,
2104,CPU_DIRECT,WRITE,00242D,V04C008761,STA/ABS,
2104,CPU_DIRECT,WRITE,00242D,V04C009034,STA/ABS,
2104,CPU_DIRECT,WRITE,00242D,V04C009149,STA/ABS,
2104,CPU_DIRECT,WRITE,00242D,V04C009273,STA/ABS,
2104,CPU_DIRECT,WRITE,00242D,V04C009274,STA/ABS,
2104,CPU_DIRECT,WRITE,00242D,V04C009441,STA/ABS,
2104,CPU_DIRECT,WRITE,00242D,V04C009442,STA/ABS,
2104,CPU_DIRECT,WRITE,00242D,V04C009599,STA/ABS,
2104,CPU_DIRECT,WRITE,00242D,V04C009600,STA/ABS,
2104,CPU_DIRECT,WRITE,00242D,V04C009724,STA/ABS,
2104,CPU_DIRECT,WRITE,00242D,V04C009725,STA/ABS,
2104,CPU_DIRECT,WRITE,00242D,V04C009837,STA/ABS,
2104,CPU_DIRECT,WRITE,00242D,V04C009838,STA/ABS,
2104,CPU_DIRECT,WRITE,00242D,V04C009910,STA/ABS,
2104,CPU_DIRECT,WRITE,00242D,V04C009911,STA/ABS,
2104,CPU_DIRECT,WRITE,00242D,V04C010002,STA/ABS,
2104,CPU_DIRECT,WRITE,00242D,V04C010003,STA/ABS,
2104,CPU_DIRECT,WRITE,00242D,V04C010086,STA/ABS,
2104,CPU_DIRECT,WRITE,00242D,V04C010145,STA/ABS,
2104,CPU_DIRECT,WRITE,002430,V04C004305,STZ/ABS,
2104,CPU_DIRECT,WRITE,002430,V04C004314,STZ/ABS,
2104,CPU_DIRECT,WRITE,002430,V04C004322,STZ/ABS,
2104,CPU_DIRECT,WRITE,002430,V04C004330,STZ/ABS,
2104,CPU_DIRECT,WRITE,002430,V04C004338,STZ/ABS,
2104,CPU_DIRECT,WRITE,002430,V04C004346,STZ/ABS,
2104,CPU_DIRECT,WRITE,002430,V04C004354,STZ/ABS,
2104,CPU_DIRECT,WRITE,002430,V04C004362,STZ/ABS,
2104,CPU_DIRECT,WRITE,002430,V04C004370,STZ/ABS,
2104,CPU_DIRECT,WRITE,002430,V04C005089,STZ/ABS,
2104,CPU_DIRECT,WRITE,002430,V04C005186,STZ/ABS,
2104,CPU_DIRECT,WRITE,002430,V04C005272,STZ/ABS,
2104,CPU_DIRECT,WRITE,002430,V04C005348,STZ/ABS,
2104,CPU_DIRECT,WRITE,002430,V04C005445,STZ/ABS,
2104,CPU_DIRECT,WRITE,002430,V04C005579,STZ/ABS,
2104,CPU_DIRECT,WRITE,002430,V04C005715,STZ/ABS,
2104,CPU_DIRECT,WRITE,002430,V04C005864,STZ/ABS,
2104,CPU_DIRECT,WRITE,002430,V04C005998,STZ/ABS,
2104,CPU_DIRECT,WRITE,002430,V04C006763,STZ/ABS,
2104,CPU_DIRECT,WRITE,002430,V04C006864,STZ/ABS,
2104,CPU_DIRECT,WRITE,002430,V04C006938,STZ/ABS,
2104,CPU_DIRECT,WRITE,002430,V04C007010,STZ/ABS,
2104,CPU_DIRECT,WRITE,002430,V04C007082,STZ/ABS,
2104,CPU_DIRECT,WRITE,002430,V04C007154,STZ/ABS,
2104,CPU_DIRECT,WRITE,002430,V04C007228,STZ/ABS,
2104,CPU_DIRECT,WRITE,002430,V04C007277,STZ/ABS,
2104,CPU_DIRECT,WRITE,002430,V04C007342,STZ/ABS,
2104,CPU_DIRECT,WRITE,002430,V04C007399,STZ/ABS,
2104,CPU_DIRECT,WRITE,002430,V04C007400,STZ/ABS,
2104,CPU_DIRECT,WRITE,002430,V04C007461,STZ/ABS,
2104,CPU_DIRECT,WRITE,002430,V04C007506,STZ/ABS,
2104,CPU_DIRECT,WRITE,002430,V04C007507,STZ/ABS,
2104,CPU_DIRECT,WRITE,002430,V04C007634,STZ/ABS,
2104,CPU_DIRECT,WRITE,002430,V04C007635,STZ/ABS,
2104,CPU_DIRECT,WRITE,002430,V04C007753,STZ/ABS,
2104,CPU_DIRECT,WRITE,002430,V04C007754,STZ/ABS,
2104,CPU_DIRECT,WRITE,002430,V04C007860,STZ/ABS,
2104,CPU_DIRECT,WRITE,002430,V04C007861,STZ/ABS,
2104,CPU_DIRECT,WRITE,002430,V04C008010,STZ/ABS,
2104,CPU_DIRECT,WRITE,002430,V04C008011,STZ/ABS,
2104,CPU_DIRECT,WRITE,002430,V04C008159,STZ/ABS,
2104,CPU_DIRECT,WRITE,002430,V04C008160,STZ/ABS,
2104,CPU_DIRECT,WRITE,002430,V04C008246,STZ/ABS,
2104,CPU_DIRECT,WRITE,002430,V04C008272,STZ/ABS,
2104,CPU_DIRECT,WRITE,002430,V04C008273,STZ/ABS,
2104,CPU_DIRECT,WRITE,002430,V04C008351,STZ/ABS,
2104,CPU_DIRECT,WRITE,002430,V04C008378,STZ/ABS,
2104,CPU_DIRECT,WRITE,002430,V04C008429,STZ/ABS,
2104,CPU_DIRECT,WRITE,002430,V04C008485,STZ/ABS,
2104,CPU_DIRECT,WRITE,002430,V04C008541,STZ/ABS,
2104,CPU_DIRECT,WRITE,002430,V04C008597,STZ/ABS,
2104,CPU_DIRECT,WRITE,002430,V04C008645,STZ/ABS,
2104,CPU_DIRECT,WRITE,002430,V04C008695,STZ/ABS,
2104,CPU_DIRECT,WRITE,002430,V04C008772,STZ/ABS,
2104,CPU_DIRECT,WRITE,002430,V04C009047,STZ/ABS,
2104,CPU_DIRECT,WRITE,002430,V04C009164,STZ/ABS,
2104,CPU_DIRECT,WRITE,002430,V04C009292,STZ/ABS,
2104,CPU_DIRECT,WRITE,002430,V04C009293,STZ/ABS,
2104,CPU_DIRECT,WRITE,002430,V04C009460,STZ/ABS,
2104,CPU_DIRECT,WRITE,002430,V04C009461,STZ/ABS,
2104,CPU_DIRECT,WRITE,002430,V04C009615,STZ/ABS,
2104,CPU_DIRECT,WRITE,002430,V04C009616,STZ/ABS,
2104,CPU_DIRECT,WRITE,002430,V04C009739,STZ/ABS,
2104,CPU_DIRECT,WRITE,002430,V04C009740,STZ/ABS,
2104,CPU_DIRECT,WRITE,002430,V04C009850,STZ/ABS,
2104,CPU_DIRECT,WRITE,002430,V04C009851,STZ/ABS,
2104,CPU_DIRECT,WRITE,002430,V04C009920,STZ/ABS,
2104,CPU_DIRECT,WRITE,002430,V04C009921,STZ/ABS,
2104,CPU_DIRECT,WRITE,002430,V04C010016,STZ/ABS,
2104,CPU_DIRECT,WRITE,002430,V04C010017,STZ/ABS,
2104,CPU_DIRECT,WRITE,002430,V04C010093,STZ/ABS,
2104,CPU_DIRECT,WRITE,002430,V04C010154,STZ/ABS,
2104,CPU_DIRECT,WRITE,002433,V04C004307,STZ/ABS,
2104,CPU_DIRECT,WRITE,002433,V04C004315,STZ/ABS,
2104,CPU_DIRECT,WRITE,002433,V04C004323,STZ/ABS,
2104,CPU_DIRECT,WRITE,002433,V04C004331,STZ/ABS,
2104,CPU_DIRECT,WRITE,002433,V04C004339,STZ/ABS,
2104,CPU_DIRECT,WRITE,002433,V04C004347,STZ/ABS,
2104,CPU_DIRECT,WRITE,002433,V04C004355,STZ/ABS,
2104,CPU_DIRECT,WRITE,002433,V04C004363,STZ/ABS,
2104,CPU_DIRECT,WRITE,002433,V04C004371,STZ/ABS,
2104,CPU_DIRECT,WRITE,002433,V04C005103,STZ/ABS,
2104,CPU_DIRECT,WRITE,002433,V04C005197,STZ/ABS,
2104,CPU_DIRECT,WRITE,002433,V04C005282,STZ/ABS,
2104,CPU_DIRECT,WRITE,002433,V04C005357,STZ/ABS,
2104,CPU_DIRECT,WRITE,002433,V04C005461,STZ/ABS,
2104,CPU_DIRECT,WRITE,002433,V04C005597,STZ/ABS,
2104,CPU_DIRECT,WRITE,002433,V04C005731,STZ/ABS,
2104,CPU_DIRECT,WRITE,002433,V04C005881,STZ/ABS,
2104,CPU_DIRECT,WRITE,002433,V04C006013,STZ/ABS,
2104,CPU_DIRECT,WRITE,002433,V04C006777,STZ/ABS,
2104,CPU_DIRECT,WRITE,002433,V04C006874,STZ/ABS,
2104,CPU_DIRECT,WRITE,002433,V04C006947,STZ/ABS,
2104,CPU_DIRECT,WRITE,002433,V04C007019,STZ/ABS,
2104,CPU_DIRECT,WRITE,002433,V04C007091,STZ/ABS,
2104,CPU_DIRECT,WRITE,002433,V04C007163,STZ/ABS,
2104,CPU_DIRECT,WRITE,002433,V04C007240,STZ/ABS,
2104,CPU_DIRECT,WRITE,002433,V04C007292,STZ/ABS,
2104,CPU_DIRECT,WRITE,002433,V04C007358,STZ/ABS,
2104,CPU_DIRECT,WRITE,002433,V04C007414,STZ/ABS,
2104,CPU_DIRECT,WRITE,002433,V04C007415,STZ/ABS,
2104,CPU_DIRECT,WRITE,002433,V04C007473,STZ/ABS,
2104,CPU_DIRECT,WRITE,002433,V04C007519,STZ/ABS,
2104,CPU_DIRECT,WRITE,002433,V04C007520,STZ/ABS,
2104,CPU_DIRECT,WRITE,002433,V04C007649,STZ/ABS,
2104,CPU_DIRECT,WRITE,002433,V04C007650,STZ/ABS,
2104,CPU_DIRECT,WRITE,002433,V04C007766,STZ/ABS,
2104,CPU_DIRECT,WRITE,002433,V04C007767,STZ/ABS,
2104,CPU_DIRECT,WRITE,002433,V04C007876,STZ/ABS,
2104,CPU_DIRECT,WRITE,002433,V04C007877,STZ/ABS,
2104,CPU_DIRECT,WRITE,002433,V04C008028,STZ/ABS,
2104,CPU_DIRECT,WRITE,002433,V04C008029,STZ/ABS,
2104,CPU_DIRECT,WRITE,002433,V04C008174,STZ/ABS,
2104,CPU_DIRECT,WRITE,002433,V04C008175,STZ/ABS,
2104,CPU_DIRECT,WRITE,002433,V04C008260,STZ/ABS,
2104,CPU_DIRECT,WRITE,002433,V04C008286,STZ/ABS,
2104,CPU_DIRECT,WRITE,002433,V04C008287,STZ/ABS,
2104,CPU_DIRECT,WRITE,002433,V04C008365,STZ/ABS,
2104,CPU_DIRECT,WRITE,002433,V04C008390,STZ/ABS,
2104,CPU_DIRECT,WRITE,002433,V04C008436,STZ/ABS,
2104,CPU_DIRECT,WRITE,002433,V04C008492,STZ/ABS,
2104,CPU_DIRECT,WRITE,002433,V04C008548,STZ/ABS,
2104,CPU_DIRECT,WRITE,002433,V04C008603,STZ/ABS,
2104,CPU_DIRECT,WRITE,002433,V04C008651,STZ/ABS,
2104,CPU_DIRECT,WRITE,002433,V04C008703,STZ/ABS,
2104,CPU_DIRECT,WRITE,002433,V04C008784,STZ/ABS,
2104,CPU_DIRECT,WRITE,002433,V04C009060,STZ/ABS,
2104,CPU_DIRECT,WRITE,002433,V04C009179,STZ/ABS,
2104,CPU_DIRECT,WRITE,002433,V04C009311,STZ/ABS,
2104,CPU_DIRECT,WRITE,002433,V04C009312,STZ/ABS,
2104,CPU_DIRECT,WRITE,002433,V04C009481,STZ/ABS,
2104,CPU_DIRECT,WRITE,002433,V04C009482,STZ/ABS,
2104,CPU_DIRECT,WRITE,002433,V04C009631,STZ/ABS,
2104,CPU_DIRECT,WRITE,002433,V04C009632,STZ/ABS,
2104,CPU_DIRECT,WRITE,002433,V04C009753,STZ/ABS,
2104,CPU_DIRECT,WRITE,002433,V04C009754,STZ/ABS,
2104,CPU_DIRECT,WRITE,002433,V04C009859,STZ/ABS,
2104,CPU_DIRECT,WRITE,002433,V04C009860,STZ/ABS,
2104,CPU_DIRECT,WRITE,002433,V04C009930,STZ/ABS,
2104,CPU_DIRECT,WRITE,002433,V04C009931,STZ/ABS,
2104,CPU_DIRECT,WRITE,002433,V04C010028,STZ/ABS,
2104,CPU_DIRECT,WRITE,002433,V04C010029,STZ/ABS,
2104,CPU_DIRECT,WRITE,002433,V04C010100,STZ/ABS,
2104,CPU_DIRECT,WRITE,002433,V04C010163,STZ/ABS,
2104,CPU_DIRECT,WRITE,00243D,V04C004376,STA/ABS,
2104,CPU_DIRECT,WRITE,00243D,V04C004379,STA/ABS,
2104,CPU_DIRECT,WRITE,00243D,V04C004382,STA/ABS,
2104,CPU_DIRECT,WRITE,00243D,V04C004385,STA/ABS,
2104,CPU_DIRECT,WRITE,00243D,V04C004388,STA/ABS,
2104,CPU_DIRECT,WRITE,00243D,V04C004391,STA/ABS,
2104,CPU_DIRECT,WRITE,00243D,V04C004394,STA/ABS,
2104,CPU_DIRECT,WRITE,00243D,V04C004397,STA/ABS,
2104,CPU_DIRECT,WRITE,00243D,V04C004400,STA/ABS,
2104,CPU_DIRECT,WRITE,00243D,V04C006085,STA/ABS,
2104,CPU_DIRECT,WRITE,00243D,V04C006132,STA/ABS,
2104,CPU_DIRECT,WRITE,00243D,V04C006188,STA/ABS,
2104,CPU_DIRECT,WRITE,00243D,V04C006254,STA/ABS,
2104,CPU_DIRECT,WRITE,00243D,V04C006315,STA/ABS,
2104,CPU_DIRECT,WRITE,00243D,V04C006378,STA/ABS,
2104,CPU_DIRECT,WRITE,00243D,V04C006440,STA/ABS,
2104,CPU_DIRECT,WRITE,00243D,V04C006493,STA/ABS,
2104,CPU_DIRECT,WRITE,00243D,V04C006543,STA/ABS,
2104,CPU_DIRECT,WRITE,00243D,V04C007537,STA/ABS,
2104,CPU_DIRECT,WRITE,00243D,V04C007587,STA/ABS,
2104,CPU_DIRECT,WRITE,00243D,V04C007638,STA/ABS,
2104,CPU_DIRECT,WRITE,00243D,V04C007683,STA/ABS,
2104,CPU_DIRECT,WRITE,00243D,V04C007728,STA/ABS,
2104,CPU_DIRECT,WRITE,00243D,V04C007770,STA/ABS,
2104,CPU_DIRECT,WRITE,00243D,V04C007808,STA/ABS,
2104,CPU_DIRECT,WRITE,00243D,V04C007850,STA/ABS,
2104,CPU_DIRECT,WRITE,00243D,V04C007896,STA/ABS,
2104,CPU_DIRECT,WRITE,00243D,V04C008349,STA/ABS,
2104,CPU_DIRECT,WRITE,00243D,V04C008389,STA/ABS,
2104,CPU_DIRECT,WRITE,00243D,V04C008413,STA/ABS,
2104,CPU_DIRECT,WRITE,00243D,V04C008428,STA/ABS,
2104,CPU_DIRECT,WRITE,00243D,V04C008434,STA/ABS,
2104,CPU_DIRECT,WRITE,00243D,V04C008449,STA/ABS,
2104,CPU_DIRECT,WRITE,00243D,V04C008455,STA/ABS,
2104,CPU_DIRECT,WRITE,00243D,V04C008470,STA/ABS,
2104,CPU_DIRECT,WRITE,00243D,V04C008476,STA/ABS,
2104,CPU_DIRECT,WRITE,00243D,V04C008491,STA/ABS,
2104,CPU_DIRECT,WRITE,00243D,V04C008497,STA/ABS,
2104,CPU_DIRECT,WRITE,00243D,V04C008512,STA/ABS,
2104,CPU_DIRECT,WRITE,00243D,V04C008518,STA/ABS,
2104,CPU_DIRECT,WRITE,00243D,V04C008533,STA/ABS,
2104,CPU_DIRECT,WRITE,00243D,V04C008539,STA/ABS,
2104,CPU_DIRECT,WRITE,00243D,V04C008554,STA/ABS,
2104,CPU_DIRECT,WRITE,00243D,V04C008575,STA/ABS,
2104,CPU_DIRECT,WRITE,00243D,V04C008596,STA/ABS,
2104,CPU_DIRECT,WRITE,00243D,V04C008846,STA/ABS,
2104,CPU_DIRECT,WRITE,00243D,V04C008880,STA/ABS,
2104,CPU_DIRECT,WRITE,00243D,V04C008910,STA/ABS,
2104,CPU_DIRECT,WRITE,00243D,V04C008944,STA/ABS,
2104,CPU_DIRECT,WRITE,00243D,V04C008988,STA/ABS,
2104,CPU_DIRECT,WRITE,00243D,V04C009033,STA/ABS,
2104,CPU_DIRECT,WRITE,00243D,V04C009074,STA/ABS,
2104,CPU_DIRECT,WRITE,00243D,V04C009117,STA/ABS,
2104,CPU_DIRECT,WRITE,00243D,V04C009163,STA/ABS,
2104,CPU_DIRECT,WRITE,00243D,V04C010078,STA/ABS,
2104,CPU_DIRECT,WRITE,00243D,V04C010099,STA/ABS,
2104,CPU_DIRECT,WRITE,00243D,V04C010120,STA/ABS,
2104,CPU_DIRECT,WRITE,00243D,V04C010144,STA/ABS,
2104,CPU_DIRECT,WRITE,00243D,V04C010172,STA/ABS,
2104,CPU_DIRECT,WRITE,00243D,V04C010204,STA/ABS,
2104,CPU_DIRECT,WRITE,00243D,V04C010216,STA/ABS,
2104,CPU_DIRECT,WRITE,00243D,V04C010234,STA/ABS,
2104,CPU_DIRECT,WRITE,00243D,V04C010243,STA/ABS,
2104,CPU_DIRECT,WRITE,00243D,V04C010254,STA/ABS,
2104,CPU_DIRECT,WRITE,00243D,V04C010260,STA/ABS,
2104,CPU_DIRECT,WRITE,00243D,V04C010269,STA/ABS,
2104,CPU_DIRECT,WRITE,00243D,V04C010275,STA/ABS,
2104,CPU_DIRECT,WRITE,00243D,V04C010290,STA/ABS,
2104,CPU_DIRECT,WRITE,00243D,V04C010306,STA/ABS,
2104,CPU_DIRECT,WRITE,00243D,V04C010324,STA/ABS,
2104,CPU_DIRECT,WRITE,00243D,V04C010344,STA/ABS,
2104,CPU_DIRECT,WRITE,00243D,V04C010372,STA/ABS,
2104,DMA_BBUS,WRITE,009CD3,V08C_SOURCE_PROFILE,DMA/HDMA,SRC-819CC6-CH4-OAM-0100
2104,DMA_BBUS,WRITE,009CEE,V08C_SOURCE_PROFILE,DMA/HDMA,SRC-819CE1-CH4-OAM-0010
2105,CPU_DIRECT,WRITE,00013B,V04C000502,STA/ABS,
2105,CPU_DIRECT,WRITE,00013B,V04C000509,STA/ABS,
2105,CPU_DIRECT,WRITE,00F46C,V04C011206,STA/ABS,
2105,CPU_DIRECT,WRITE,00F52C,V04C024227,STA/ABS,
2105,CPU_DIRECT,WRITE,096F81,V04C000318,STZ/ABS_X,
2106,CPU_DIRECT,WRITE,096F81,V04C000315,STZ/ABS_X,
2107,CPU_DIRECT,WRITE,000145,V04C000510,STA/ABS,
2107,CPU_DIRECT,WRITE,000145,V04C000517,STA/ABS,
2107,CPU_DIRECT,WRITE,00F471,V04C011240,STA/ABS,
2107,CPU_DIRECT,WRITE,00F51D,V04C024144,STA/ABS,
2107,CPU_DIRECT,WRITE,096F81,V04C000312,STZ/ABS_X,
2108,CPU_DIRECT,WRITE,00014A,V04C000514,STA/ABS,
2108,CPU_DIRECT,WRITE,00014A,V04C000521,STA/ABS,
2108,CPU_DIRECT,WRITE,00F522,V04C024170,STA/ABS,
2108,CPU_DIRECT,WRITE,096F81,V04C000309,STZ/ABS_X,
2109,CPU_DIRECT,WRITE,00014F,V04C000518,STA/ABS,
2109,CPU_DIRECT,WRITE,00014F,V04C000525,STA/ABS,
2109,CPU_DIRECT,WRITE,00AF4F,V04C006917,STA/ABS,
2109,CPU_DIRECT,WRITE,00AF4F,V04C008013,STA/ABS,
2109,CPU_DIRECT,WRITE,00BA47,V04C006065,STA/ABS,
2109,CPU_DIRECT,WRITE,096F81,V04C000306,STZ/ABS_X,
210A,CPU_DIRECT,WRITE,096F81,V04C000303,STZ/ABS_X,
210B,CPU_DIRECT,WRITE,000154,V04C000522,STA/ABS,
210B,CPU_DIRECT,WRITE,000154,V04C000529,STA/ABS,
210B,CPU_DIRECT,WRITE,00F476,V04C011266,STA/ABS,
210B,CPU_DIRECT,WRITE,00F527,V04C024196,STA/ABS,
210B,CPU_DIRECT,WRITE,096F81,V04C000300,STZ/ABS_X,
210C,CPU_DIRECT,WRITE,000159,V04C000526,STA/ABS,
210C,CPU_DIRECT,WRITE,000159,V04C000533,STA/ABS,
210C,CPU_DIRECT,WRITE,096F81,V04C000297,STZ/ABS_X,
210D,CPU_DIRECT,WRITE,009DB4,V04C002989,STZ/ABS,
210D,CPU_DIRECT,WRITE,009DB4,V04C003035,STZ/ABS,
210D,CPU_DIRECT,WRITE,009DB4,V04C005239,STZ/ABS,
210D,CPU_DIRECT,WRITE,009DB4,V04C005746,STZ/ABS,
210D,CPU_DIRECT,WRITE,009DB4,V04C006007,STZ/ABS,
210D,CPU_DIRECT,WRITE,009DB4,V04C006127,STZ/ABS,
210D,CPU_DIRECT,WRITE,009DB4,V04C006455,STZ/ABS,
210D,CPU_DIRECT,WRITE,009DB4,V04C006946,STZ/ABS,
210D,CPU_DIRECT,WRITE,009DB4,V04C006953,STZ/ABS,
210D,CPU_DIRECT,WRITE,009DB4,V04C008090,STZ/ABS,
210D,CPU_DIRECT,WRITE,009DB4,V04C008327,STZ/ABS,
210D,CPU_DIRECT,WRITE,009DB7,V04C003005,STZ/ABS,
210D,CPU_DIRECT,WRITE,009DB7,V04C003049,STZ/ABS,
210D,CPU_DIRECT,WRITE,009DB7,V04C005250,STZ/ABS,
210D,CPU_DIRECT,WRITE,009DB7,V04C005765,STZ/ABS,
210D,CPU_DIRECT,WRITE,009DB7,V04C006022,STZ/ABS,
210D,CPU_DIRECT,WRITE,009DB7,V04C006144,STZ/ABS,
210D,CPU_DIRECT,WRITE,009DB7,V04C006473,STZ/ABS,
210D,CPU_DIRECT,WRITE,009DB7,V04C006955,STZ/ABS,
210D,CPU_DIRECT,WRITE,009DB7,V04C006962,STZ/ABS,
210D,CPU_DIRECT,WRITE,009DB7,V04C008109,STZ/ABS,
210D,CPU_DIRECT,WRITE,009DB7,V04C008341,STZ/ABS,
210D,CPU_DIRECT,WRITE,096F89,V04C000353,STZ/ABS_X,
210D,CPU_DIRECT,WRITE,096F8C,V04C000354,STZ/ABS_X,
210E,CPU_DIRECT,WRITE,009DC8,V04C003099,STA/ABS,
210E,CPU_DIRECT,WRITE,009DC8,V04C003153,STA/ABS,
210E,CPU_DIRECT,WRITE,009DC8,V04C005308,STA/ABS,
210E,CPU_DIRECT,WRITE,009DC8,V04C005880,STA/ABS,
210E,CPU_DIRECT,WRITE,009DC8,V04C006109,STA/ABS,
210E,CPU_DIRECT,WRITE,009DC8,V04C006270,STA/ABS,
210E,CPU_DIRECT,WRITE,009DC8,V04C006574,STA/ABS,
210E,CPU_DIRECT,WRITE,009DC8,V04C007009,STA/ABS,
210E,CPU_DIRECT,WRITE,009DC8,V04C007016,STA/ABS,
210E,CPU_DIRECT,WRITE,009DC8,V04C008206,STA/ABS,
210E,CPU_DIRECT,WRITE,009DC8,V04C008411,STA/ABS,
210E,CPU_DIRECT,WRITE,009DCB,V04C003116,STA/ABS,
210E,CPU_DIRECT,WRITE,009DCB,V04C003169,STA/ABS,
210E,CPU_DIRECT,WRITE,009DCB,V04C005317,STA/ABS,
210E,CPU_DIRECT,WRITE,009DCB,V04C005896,STA/ABS,
210E,CPU_DIRECT,WRITE,009DCB,V04C006126,STA/ABS,
210E,CPU_DIRECT,WRITE,009DCB,V04C006289,STA/ABS,
210E,CPU_DIRECT,WRITE,009DCB,V04C006590,STA/ABS,
210E,CPU_DIRECT,WRITE,009DCB,V04C007018,STA/ABS,
210E,CPU_DIRECT,WRITE,009DCB,V04C007025,STA/ABS,
210E,CPU_DIRECT,WRITE,009DCB,V04C008220,STA/ABS,
210E,CPU_DIRECT,WRITE,009DCB,V04C008418,STA/ABS,
210E,CPU_DIRECT,WRITE,096F89,V04C000349,STZ/ABS_X,
210E,CPU_DIRECT,WRITE,096F8C,V04C000350,STZ/ABS_X,
210F,CPU_DIRECT,WRITE,009DBA,V04C003019,STZ/ABS,
210F,CPU_DIRECT,WRITE,009DBA,V04C003066,STZ/ABS,
210F,CPU_DIRECT,WRITE,009DBA,V04C005260,STZ/ABS,
210F,CPU_DIRECT,WRITE,009DBA,V04C005784,STZ/ABS,
210F,CPU_DIRECT,WRITE,009DBA,V04C006035,STZ/ABS,
210F,CPU_DIRECT,WRITE,009DBA,V04C006163,STZ/ABS,
210F,CPU_DIRECT,WRITE,009DBA,V04C006490,STZ/ABS,
210F,CPU_DIRECT,WRITE,009DBA,V04C006964,STZ/ABS,
210F,CPU_DIRECT,WRITE,009DBA,V04C006971,STZ/ABS,
210F,CPU_DIRECT,WRITE,009DBA,V04C008128,STZ/ABS,
210F,CPU_DIRECT,WRITE,009DBA,V04C008354,STZ/ABS,
210F,CPU_DIRECT,WRITE,009DBD,V04C003034,STZ/ABS,
210F,CPU_DIRECT,WRITE,009DBD,V04C003083,STZ/ABS,
210F,CPU_DIRECT,WRITE,009DBD,V04C005270,STZ/ABS,
210F,CPU_DIRECT,WRITE,009DBD,V04C005805,STZ/ABS,
210F,CPU_DIRECT,WRITE,009DBD,V04C006049,STZ/ABS,
210F,CPU_DIRECT,WRITE,009DBD,V04C006183,STZ/ABS,
210F,CPU_DIRECT,WRITE,009DBD,V04C006507,STZ/ABS,
210F,CPU_DIRECT,WRITE,009DBD,V04C006973,STZ/ABS,
210F,CPU_DIRECT,WRITE,009DBD,V04C006980,STZ/ABS,
210F,CPU_DIRECT,WRITE,009DBD,V04C008147,STZ/ABS,
210F,CPU_DIRECT,WRITE,009DBD,V04C008368,STZ/ABS,
210F,CPU_DIRECT,WRITE,096F89,V04C000345,STZ/ABS_X,
210F,CPU_DIRECT,WRITE,096F8C,V04C000346,STZ/ABS_X,
2110,CPU_DIRECT,WRITE,009DCE,V04C003134,STA/ABS,
2110,CPU_DIRECT,WRITE,009DCE,V04C003185,STA/ABS,
2110,CPU_DIRECT,WRITE,009DCE,V04C005327,STA/ABS,
2110,CPU_DIRECT,WRITE,009DCE,V04C005914,STA/ABS,
2110,CPU_DIRECT,WRITE,009DCE,V04C006143,STA/ABS,
2110,CPU_DIRECT,WRITE,009DCE,V04C006310,STA/ABS,
2110,CPU_DIRECT,WRITE,009DCE,V04C006604,STA/ABS,
2110,CPU_DIRECT,WRITE,009DCE,V04C007027,STA/ABS,
2110,CPU_DIRECT,WRITE,009DCE,V04C007034,STA/ABS,
2110,CPU_DIRECT,WRITE,009DCE,V04C008234,STA/ABS,
2110,CPU_DIRECT,WRITE,009DCE,V04C008425,STA/ABS,
2110,CPU_DIRECT,WRITE,009DD1,V04C003152,STA/ABS,
2110,CPU_DIRECT,WRITE,009DD1,V04C003198,STA/ABS,
2110,CPU_DIRECT,WRITE,009DD1,V04C005337,STA/ABS,
2110,CPU_DIRECT,WRITE,009DD1,V04C005931,STA/ABS,
2110,CPU_DIRECT,WRITE,009DD1,V04C006162,STA/ABS,
2110,CPU_DIRECT,WRITE,009DD1,V04C006331,STA/ABS,
2110,CPU_DIRECT,WRITE,009DD1,V04C006617,STA/ABS,
2110,CPU_DIRECT,WRITE,009DD1,V04C007036,STA/ABS,
2110,CPU_DIRECT,WRITE,009DD1,V04C007043,STA/ABS,
2110,CPU_DIRECT,WRITE,009DD1,V04C008247,STA/ABS,
2110,CPU_DIRECT,WRITE,009DD1,V04C008432,STA/ABS,
2110,CPU_DIRECT,WRITE,096F89,V04C000341,STZ/ABS_X,
2110,CPU_DIRECT,WRITE,096F8C,V04C000342,STZ/ABS_X,
2111,CPU_DIRECT,WRITE,009DC0,V04C003048,STZ/ABS,
2111,CPU_DIRECT,WRITE,009DC0,V04C003100,STZ/ABS,
2111,CPU_DIRECT,WRITE,009DC0,V04C005280,STZ/ABS,
2111,CPU_DIRECT,WRITE,009DC0,V04C005826,STZ/ABS,
2111,CPU_DIRECT,WRITE,009DC0,V04C006064,STZ/ABS,
2111,CPU_DIRECT,WRITE,009DC0,V04C006203,STZ/ABS,
2111,CPU_DIRECT,WRITE,009DC0,V04C006524,STZ/ABS,
2111,CPU_DIRECT,WRITE,009DC0,V04C006982,STZ/ABS,
2111,CPU_DIRECT,WRITE,009DC0,V04C006989,STZ/ABS,
2111,CPU_DIRECT,WRITE,009DC0,V04C008162,STZ/ABS,
2111,CPU_DIRECT,WRITE,009DC0,V04C008382,STZ/ABS,
2111,CPU_DIRECT,WRITE,009DC3,V04C003065,STZ/ABS,
2111,CPU_DIRECT,WRITE,009DC3,V04C003117,STZ/ABS,
2111,CPU_DIRECT,WRITE,009DC3,V04C005290,STZ/ABS,
2111,CPU_DIRECT,WRITE,009DC3,V04C005845,STZ/ABS,
2111,CPU_DIRECT,WRITE,009DC3,V04C006079,STZ/ABS,
2111,CPU_DIRECT,WRITE,009DC3,V04C006225,STZ/ABS,
2111,CPU_DIRECT,WRITE,009DC3,V04C006540,STZ/ABS,
2111,CPU_DIRECT,WRITE,009DC3,V04C006991,STZ/ABS,
2111,CPU_DIRECT,WRITE,009DC3,V04C006998,STZ/ABS,
2111,CPU_DIRECT,WRITE,009DC3,V04C008177,STZ/ABS,
2111,CPU_DIRECT,WRITE,009DC3,V04C008394,STZ/ABS,
2111,CPU_DIRECT,WRITE,096F89,V04C000337,STZ/ABS_X,
2111,CPU_DIRECT,WRITE,096F8C,V04C000338,STZ/ABS_X,
2112,CPU_DIRECT,WRITE,009DD4,V04C003168,STA/ABS,
2112,CPU_DIRECT,WRITE,009DD4,V04C003213,STA/ABS,
2112,CPU_DIRECT,WRITE,009DD4,V04C005346,STA/ABS,
2112,CPU_DIRECT,WRITE,009DD4,V04C005949,STA/ABS,
2112,CPU_DIRECT,WRITE,009DD4,V04C006182,STA/ABS,
2112,CPU_DIRECT,WRITE,009DD4,V04C006351,STA/ABS,
2112,CPU_DIRECT,WRITE,009DD4,V04C006631,STA/ABS,
2112,CPU_DIRECT,WRITE,009DD4,V04C007045,STA/ABS,
2112,CPU_DIRECT,WRITE,009DD4,V04C007052,STA/ABS,
2112,CPU_DIRECT,WRITE,009DD4,V04C008261,STA/ABS,
2112,CPU_DIRECT,WRITE,009DD4,V04C008439,STA/ABS,
2112,CPU_DIRECT,WRITE,009DD7,V04C003184,STA/ABS,
2112,CPU_DIRECT,WRITE,009DD7,V04C003229,STA/ABS,
2112,CPU_DIRECT,WRITE,009DD7,V04C005355,STA/ABS,
2112,CPU_DIRECT,WRITE,009DD7,V04C005964,STA/ABS,
2112,CPU_DIRECT,WRITE,009DD7,V04C006202,STA/ABS,
2112,CPU_DIRECT,WRITE,009DD7,V04C006372,STA/ABS,
2112,CPU_DIRECT,WRITE,009DD7,V04C006646,STA/ABS,
2112,CPU_DIRECT,WRITE,009DD7,V04C007054,STA/ABS,
2112,CPU_DIRECT,WRITE,009DD7,V04C007061,STA/ABS,
2112,CPU_DIRECT,WRITE,009DD7,V04C008275,STA/ABS,
2112,CPU_DIRECT,WRITE,009DD7,V04C008446,STA/ABS,
2112,CPU_DIRECT,WRITE,096F89,V04C000333,STZ/ABS_X,
2112,CPU_DIRECT,WRITE,096F8C,V04C000334,STZ/ABS_X,
2113,CPU_DIRECT,WRITE,096F89,V04C000329,STZ/ABS_X,
2113,CPU_DIRECT,WRITE,096F8C,V04C000330,STZ/ABS_X,
2114,CPU_DIRECT,WRITE,096F89,V04C000325,STZ/ABS_X,
2114,CPU_DIRECT,WRITE,096F8C,V04C000326,STZ/ABS_X,
2115,CPU_DIRECT,WRITE,0003D1,V04C002180,STA/ABS,
2115,CPU_DIRECT,WRITE,0003D1,V04C004795,STA/ABS,
2115,CPU_DIRECT,WRITE,0003D1,V04C004797,STA/ABS,
2115,CPU_DIRECT,WRITE,0003D1,V04C006413,STA/ABS,
2115,CPU_DIRECT,WRITE,0003D1,V04C009704,STA/ABS,
2115,CPU_DIRECT,WRITE,0003D1,V04C009986,STA/ABS,
2115,CPU_DIRECT,WRITE,0003D1,V04C010315,STA/ABS,
2115,CPU_DIRECT,WRITE,0003D1,V04C011611,STA/ABS,
2115,CPU_DIRECT,WRITE,0003D1,V04C012371,STA/ABS,
2115,CPU_DIRECT,WRITE,0003D1,V04C012861,STA/ABS,
2115,CPU_DIRECT,WRITE,0003D1,V04C013357,STA/ABS,
2115,CPU_DIRECT,WRITE,0003D1,V04C013904,STA/ABS,
2115,CPU_DIRECT,WRITE,0003D1,V04C014548,STA/ABS,
2115,CPU_DIRECT,WRITE,0003D1,V04C015329,STA/ABS,
2115,CPU_DIRECT,WRITE,0003D1,V04C016146,STA/ABS,
2115,CPU_DIRECT,WRITE,0003D1,V04C016351,STA/ABS,
2115,CPU_DIRECT,WRITE,0003D1,V04C016856,STA/ABS,
2115,CPU_DIRECT,WRITE,0003D1,V04C017476,STA/ABS,
2115,CPU_DIRECT,WRITE,0003D1,V04C018049,STA/ABS,
2115,CPU_DIRECT,WRITE,0003D1,V04C019875,STA/ABS,
2115,CPU_DIRECT,WRITE,0003D1,V04C022089,STA/ABS,
2115,CPU_DIRECT,WRITE,0021FF,V04C004413,STA/ABS,
2115,CPU_DIRECT,WRITE,0021FF,V04C008148,STA/ABS,
2115,CPU_DIRECT,WRITE,0021FF,V04C008625,STA/ABS,
2115,CPU_DIRECT,WRITE,0021FF,V04C008674,STA/ABS,
2115,CPU_DIRECT,WRITE,0021FF,V04C009395,STA/ABS,
2115,CPU_DIRECT,WRITE,0021FF,V04C010343,STA/ABS,
2115,CPU_DIRECT,WRITE,0021FF,V04C010561,STA/ABS,
2115,CPU_DIRECT,WRITE,002229,V04C012266,STA/ABS,
2115,CPU_DIRECT,WRITE,002229,V04C012637,STA/ABS,
2115,CPU_DIRECT,WRITE,002229,V04C013091,STA/ABS,
2115,CPU_DIRECT,WRITE,002229,V04C013620,STA/ABS,
2115,CPU_DIRECT,WRITE,002229,V04C014203,STA/ABS,
2115,CPU_DIRECT,WRITE,002229,V04C014921,STA/ABS,
2115,CPU_DIRECT,WRITE,002229,V04C015738,STA/ABS,
2115,CPU_DIRECT,WRITE,002229,V04C016516,STA/ABS,
2115,CPU_DIRECT,WRITE,002229,V04C017165,STA/ABS,
2115,CPU_DIRECT,WRITE,002229,V04C019643,STA/ABS,
2115,CPU_DIRECT,WRITE,0022FA,V04C012641,STA/ABS,
2115,CPU_DIRECT,WRITE,0022FA,V04C013095,STA/ABS,
2115,CPU_DIRECT,WRITE,0022FA,V04C013624,STA/ABS,
2115,CPU_DIRECT,WRITE,0022FA,V04C014207,STA/ABS,
2115,CPU_DIRECT,WRITE,0022FA,V04C014925,STA/ABS,
2115,CPU_DIRECT,WRITE,0022FA,V04C015742,STA/ABS,
2115,CPU_DIRECT,WRITE,0022FA,V04C016520,STA/ABS,
2115,CPU_DIRECT,WRITE,0022FA,V04C017170,STA/ABS,
2115,CPU_DIRECT,WRITE,0022FA,V04C017771,STA/ABS,
2115,CPU_DIRECT,WRITE,0022FA,V04C020111,STA/ABS,
2115,CPU_DIRECT,WRITE,002357,V04C012560,STA/ABS,
2115,CPU_DIRECT,WRITE,002357,V04C012999,STA/ABS,
2115,CPU_DIRECT,WRITE,002357,V04C013515,STA/ABS,
2115,CPU_DIRECT,WRITE,002357,V04C014080,STA/ABS,
2115,CPU_DIRECT,WRITE,002357,V04C014773,STA/ABS,
2115,CPU_DIRECT,WRITE,002357,V04C015575,STA/ABS,
2115,CPU_DIRECT,WRITE,002357,V04C016376,STA/ABS,
2115,CPU_DIRECT,WRITE,002357,V04C017047,STA/ABS,
2115,CPU_DIRECT,WRITE,002357,V04C017648,STA/ABS,
2115,CPU_DIRECT,WRITE,002357,V04C020028,STA/ABS,
2115,CPU_DIRECT,WRITE,009D47,V04C001830,STA/ABS,
2115,CPU_DIRECT,WRITE,009D47,V04C001847,STA/ABS,
2115,CPU_DIRECT,WRITE,009D47,V04C003641,STA/ABS,
2115,CPU_DIRECT,WRITE,096F94,V04C000358,STA/ABS,
2116,CPU_DIRECT,WRITE,0003D6,V04C002192,STA/ABS,
2116,CPU_DIRECT,WRITE,0003D6,V04C004813,STA/ABS,
2116,CPU_DIRECT,WRITE,0003D6,V04C004815,STA/ABS,
2116,CPU_DIRECT,WRITE,0003D6,V04C006449,STA/ABS,
2116,CPU_DIRECT,WRITE,0003D6,V04C009735,STA/ABS,
2116,CPU_DIRECT,WRITE,0003D6,V04C010012,STA/ABS,
2116,CPU_DIRECT,WRITE,0003D6,V04C010327,STA/ABS,
2116,CPU_DIRECT,WRITE,0003D6,V04C011641,STA/ABS,
2116,CPU_DIRECT,WRITE,0003D6,V04C012445,STA/ABS,
2116,CPU_DIRECT,WRITE,0003D6,V04C012956,STA/ABS,
2116,CPU_DIRECT,WRITE,0003D6,V04C013467,STA/ABS,
2116,CPU_DIRECT,WRITE,0003D6,V04C014022,STA/ABS,
2116,CPU_DIRECT,WRITE,0003D6,V04C014701,STA/ABS,
2116,CPU_DIRECT,WRITE,0003D6,V04C015497,STA/ABS,
2116,CPU_DIRECT,WRITE,0003D6,V04C016305,STA/ABS,
2116,CPU_DIRECT,WRITE,0003D6,V04C016494,STA/ABS,
2116,CPU_DIRECT,WRITE,0003D6,V04C016985,STA/ABS,
2116,CPU_DIRECT,WRITE,0003D6,V04C017589,STA/ABS,
2116,CPU_DIRECT,WRITE,0003D6,V04C018150,STA/ABS,
2116,CPU_DIRECT,WRITE,0003D6,V04C019965,STA/ABS,
2116,CPU_DIRECT,WRITE,0003D6,V04C022170,STA/ABS,
2116,CPU_DIRECT,WRITE,002205,V04C004415,STA/ABS,
2116,CPU_DIRECT,WRITE,002205,V04C008178,STA/ABS,
2116,CPU_DIRECT,WRITE,002205,V04C008637,STA/ABS,
2116,CPU_DIRECT,WRITE,002205,V04C008687,STA/ABS,
2116,CPU_DIRECT,WRITE,002205,V04C009440,STA/ABS,
2116,CPU_DIRECT,WRITE,002205,V04C010361,STA/ABS,
2116,CPU_DIRECT,WRITE,002205,V04C010593,STA/ABS,
2116,CPU_DIRECT,WRITE,002242,V04C012818,STA/ABS,
2116,CPU_DIRECT,WRITE,002242,V04C013304,STA/ABS,
2116,CPU_DIRECT,WRITE,002242,V04C013851,STA/ABS,
2116,CPU_DIRECT,WRITE,002242,V04C014164,STA/ABS,
2116,CPU_DIRECT,WRITE,002242,V04C014482,STA/ABS,
2116,CPU_DIRECT,WRITE,002242,V04C014870,STA/ABS,
2116,CPU_DIRECT,WRITE,002242,V04C015252,STA/ABS,
2116,CPU_DIRECT,WRITE,002242,V04C015681,STA/ABS,
2116,CPU_DIRECT,WRITE,002242,V04C016072,STA/ABS,
2116,CPU_DIRECT,WRITE,002242,V04C020262,STA/ABS,
2116,CPU_DIRECT,WRITE,002242,V04C020855,STA/ABS,
2116,CPU_DIRECT,WRITE,002242,V04C021304,STA/ABS,
2116,CPU_DIRECT,WRITE,002242,V04C022022,STA/ABS,
2116,CPU_DIRECT,WRITE,002242,V04C022799,STA/ABS,
2116,CPU_DIRECT,WRITE,002242,V04C022992,STA/ABS,
2116,CPU_DIRECT,WRITE,002242,V04C023108,STA/ABS,
2116,CPU_DIRECT,WRITE,002242,V04C023295,STA/ABS,
2116,CPU_DIRECT,WRITE,002313,V04C013101,STA/ABS,
2116,CPU_DIRECT,WRITE,002313,V04C013630,STA/ABS,
2116,CPU_DIRECT,WRITE,002313,V04C014040,STA/ABS,
2116,CPU_DIRECT,WRITE,002313,V04C014213,STA/ABS,
2116,CPU_DIRECT,WRITE,002313,V04C014719,STA/ABS,
2116,CPU_DIRECT,WRITE,002313,V04C014931,STA/ABS,
2116,CPU_DIRECT,WRITE,002313,V04C015280,STA/ABS,
2116,CPU_DIRECT,WRITE,002313,V04C015515,STA/ABS,
2116,CPU_DIRECT,WRITE,002313,V04C015748,STA/ABS,
2116,CPU_DIRECT,WRITE,002313,V04C020443,STA/ABS,
2116,CPU_DIRECT,WRITE,002313,V04C020825,STA/ABS,
2116,CPU_DIRECT,WRITE,002313,V04C021119,STA/ABS,
2116,CPU_DIRECT,WRITE,002313,V04C021467,STA/ABS,
2116,CPU_DIRECT,WRITE,002370,V04C013005,STA/ABS,
2116,CPU_DIRECT,WRITE,002370,V04C013521,STA/ABS,
2116,CPU_DIRECT,WRITE,002370,V04C013921,STA/ABS,
2116,CPU_DIRECT,WRITE,002370,V04C014086,STA/ABS,
2116,CPU_DIRECT,WRITE,002370,V04C014565,STA/ABS,
2116,CPU_DIRECT,WRITE,002370,V04C014779,STA/ABS,
2116,CPU_DIRECT,WRITE,002370,V04C015346,STA/ABS,
2116,CPU_DIRECT,WRITE,002370,V04C015581,STA/ABS,
2116,CPU_DIRECT,WRITE,002370,V04C016162,STA/ABS,
2116,CPU_DIRECT,WRITE,002370,V04C020379,STA/ABS,
2116,CPU_DIRECT,WRITE,002370,V04C020796,STA/ABS,
2116,CPU_DIRECT,WRITE,00F67B,V04C025689,STA/ABS,
2116,CPU_DIRECT,WRITE,096F99,V04C000372,STZ/ABS_X,
2117,CPU_DIRECT,WRITE,002247,V04C012914,STA/ABS,
2117,CPU_DIRECT,WRITE,002247,V04C013418,STA/ABS,
2117,CPU_DIRECT,WRITE,002247,V04C013966,STA/ABS,
2117,CPU_DIRECT,WRITE,002247,V04C014298,STA/ABS,
2117,CPU_DIRECT,WRITE,002247,V04C014628,STA/ABS,
2117,CPU_DIRECT,WRITE,002247,V04C015028,STA/ABS,
2117,CPU_DIRECT,WRITE,002247,V04C015417,STA/ABS,
2117,CPU_DIRECT,WRITE,002247,V04C015847,STA/ABS,
2117,CPU_DIRECT,WRITE,002247,V04C016231,STA/ABS,
2117,CPU_DIRECT,WRITE,002247,V04C020322,STA/ABS,
2117,CPU_DIRECT,WRITE,002247,V04C020887,STA/ABS,
2117,CPU_DIRECT,WRITE,002247,V04C021343,STA/ABS,
2117,CPU_DIRECT,WRITE,002247,V04C022091,STA/ABS,
2117,CPU_DIRECT,WRITE,002247,V04C022833,STA/ABS,
2117,CPU_DIRECT,WRITE,002247,V04C023002,STA/ABS,
2117,CPU_DIRECT,WRITE,002247,V04C023123,STA/ABS,
2117,CPU_DIRECT,WRITE,002247,V04C023310,STA/ABS,
2117,CPU_DIRECT,WRITE,096F99,V04C000369,STZ/ABS_X,
2118,CPU_DIRECT,WRITE,0004EF,V04C002796,STA/ABS,
2118,CPU_DIRECT,WRITE,0004EF,V04C003120,STA/ABS,
2118,CPU_DIRECT,WRITE,0004EF,V04C003204,STA/ABS,
2118,CPU_DIRECT,WRITE,0004EF,V04C003592,STA/ABS,
2118,CPU_DIRECT,WRITE,0004EF,V04C003623,STA/ABS,
2118,CPU_DIRECT,WRITE,0004EF,V04C003772,STA/ABS,
2118,CPU_DIRECT,WRITE,0004EF,V04C003776,STA/ABS,
2118,CPU_DIRECT,WRITE,0004EF,V04C004028,STA/ABS,
2118,CPU_DIRECT,WRITE,0004EF,V04C004047,STA/ABS,
2118,CPU_DIRECT,WRITE,0004EF,V04C004052,STA/ABS,
2118,CPU_DIRECT,WRITE,0004EF,V04C004160,STA/ABS,
2118,CPU_DIRECT,WRITE,0004EF,V04C004165,STA/ABS,
2118,CPU_DIRECT,WRITE,0004EF,V04C004205,STA/ABS,
2118,CPU_DIRECT,WRITE,0004EF,V04C004289,STA/ABS,
2118,CPU_DIRECT,WRITE,0004EF,V04C004296,STA/ABS,
2118,CPU_DIRECT,WRITE,0004EF,V04C020512,STA/ABS,
2118,CPU_DIRECT,WRITE,0004EF,V04C020941,STA/ABS,
2118,CPU_DIRECT,WRITE,0004EF,V04C021040,STA/ABS,
2118,CPU_DIRECT,WRITE,0004EF,V04C021391,STA/ABS,
2118,CPU_DIRECT,WRITE,0004EF,V04C021421,STA/ABS,
2118,CPU_DIRECT,WRITE,0004EF,V04C021611,STA/ABS,
2118,CPU_DIRECT,WRITE,0004EF,V04C021615,STA/ABS,
2118,CPU_DIRECT,WRITE,0004EF,V04C022137,STA/ABS,
2118,CPU_DIRECT,WRITE,0004EF,V04C022181,STA/ABS,
2118,CPU_DIRECT,WRITE,0004EF,V04C022186,STA/ABS,
2118,CPU_DIRECT,WRITE,0004EF,V04C022453,STA/ABS,
2118,CPU_DIRECT,WRITE,0004EF,V04C022458,STA/ABS,
2118,CPU_DIRECT,WRITE,0004EF,V04C022556,STA/ABS,
2118,CPU_DIRECT,WRITE,0004EF,V04C022839,STA/ABS,
2118,CPU_DIRECT,WRITE,0004EF,V04C022857,STA/ABS,
2118,CPU_DIRECT,WRITE,002211,V04C004419,STA/ABS,
2118,CPU_DIRECT,WRITE,002211,V04C004422,STA/ABS,
2118,CPU_DIRECT,WRITE,002211,V04C004425,STA/ABS,
2118,CPU_DIRECT,WRITE,002211,V04C004428,STA/ABS,
2118,CPU_DIRECT,WRITE,002211,V04C004431,STA/ABS,
2118,CPU_DIRECT,WRITE,002211,V04C004434,STA/ABS,
2118,CPU_DIRECT,WRITE,002211,V04C004437,STA/ABS,
2118,CPU_DIRECT,WRITE,002211,V04C004440,STA/ABS,
2118,CPU_DIRECT,WRITE,002211,V04C004443,STA/ABS,
2118,CPU_DIRECT,WRITE,002211,V04C008235,STA/ABS,
2118,CPU_DIRECT,WRITE,002211,V04C008276,STA/ABS,
2118,CPU_DIRECT,WRITE,002211,V04C008314,STA/ABS,
2118,CPU_DIRECT,WRITE,002211,V04C008353,STA/ABS,
2118,CPU_DIRECT,WRITE,002211,V04C008393,STA/ABS,
2118,CPU_DIRECT,WRITE,002211,V04C008417,STA/ABS,
2118,CPU_DIRECT,WRITE,002211,V04C008438,STA/ABS,
2118,CPU_DIRECT,WRITE,002211,V04C008459,STA/ABS,
2118,CPU_DIRECT,WRITE,002211,V04C008480,STA/ABS,
2118,CPU_DIRECT,WRITE,002211,V04C008661,STA/ABS,
2118,CPU_DIRECT,WRITE,002211,V04C008679,STA/ABS,
2118,CPU_DIRECT,WRITE,002211,V04C008701,STA/ABS,
2118,CPU_DIRECT,WRITE,002211,V04C008720,STA/ABS,
2118,CPU_DIRECT,WRITE,002211,V04C008729,STA/ABS,
2118,CPU_DIRECT,WRITE,002211,V04C008750,STA/ABS,
2118,CPU_DIRECT,WRITE,002211,V04C008759,STA/ABS,
2118,CPU_DIRECT,WRITE,002211,V04C008783,STA/ABS,
2118,CPU_DIRECT,WRITE,002211,V04C008795,STA/ABS,
2118,CPU_DIRECT,WRITE,002211,V04C008822,STA/ABS,
2118,CPU_DIRECT,WRITE,002211,V04C008832,STA/ABS,
2118,CPU_DIRECT,WRITE,002211,V04C008857,STA/ABS,
2118,CPU_DIRECT,WRITE,002211,V04C008867,STA/ABS,
2118,CPU_DIRECT,WRITE,002211,V04C008889,STA/ABS,
2118,CPU_DIRECT,WRITE,002211,V04C008898,STA/ABS,
2118,CPU_DIRECT,WRITE,002211,V04C008920,STA/ABS,
2118,CPU_DIRECT,WRITE,002211,V04C008957,STA/ABS,
2118,CPU_DIRECT,WRITE,002211,V04C009003,STA/ABS,
2118,CPU_DIRECT,WRITE,002211,V04C009521,STA/ABS,
2118,CPU_DIRECT,WRITE,002211,V04C009582,STA/ABS,
2118,CPU_DIRECT,WRITE,002211,V04C009630,STA/ABS,
2118,CPU_DIRECT,WRITE,002211,V04C009676,STA/ABS,
2118,CPU_DIRECT,WRITE,002211,V04C009723,STA/ABS,
2118,CPU_DIRECT,WRITE,002211,V04C009765,STA/ABS,
2118,CPU_DIRECT,WRITE,002211,V04C009808,STA/ABS,
2118,CPU_DIRECT,WRITE,002211,V04C009849,STA/ABS,
2118,CPU_DIRECT,WRITE,002211,V04C009874,STA/ABS,
2118,CPU_DIRECT,WRITE,002211,V04C010409,STA/ABS,
2118,CPU_DIRECT,WRITE,002211,V04C010449,STA/ABS,
2118,CPU_DIRECT,WRITE,002211,V04C010495,STA/ABS,
2118,CPU_DIRECT,WRITE,002211,V04C010543,STA/ABS,
2118,CPU_DIRECT,WRITE,002211,V04C010592,STA/ABS,
2118,CPU_DIRECT,WRITE,002211,V04C010639,STA/ABS,
2118,CPU_DIRECT,WRITE,002211,V04C010657,STA/ABS,
2118,CPU_DIRECT,WRITE,002211,V04C010689,STA/ABS,
2118,CPU_DIRECT,WRITE,002211,V04C010708,STA/ABS,
2118,CPU_DIRECT,WRITE,002211,V04C010744,STA/ABS,
2118,CPU_DIRECT,WRITE,002211,V04C010761,STA/ABS,
2118,CPU_DIRECT,WRITE,002211,V04C010789,STA/ABS,
2118,CPU_DIRECT,WRITE,002211,V04C010803,STA/ABS,
2118,CPU_DIRECT,WRITE,002211,V04C010847,STA/ABS,
2118,CPU_DIRECT,WRITE,002211,V04C010887,STA/ABS,
2118,CPU_DIRECT,WRITE,002211,V04C010921,STA/ABS,
2118,CPU_DIRECT,WRITE,002211,V04C010958,STA/ABS,
2118,CPU_DIRECT,WRITE,002211,V04C010999,STA/ABS,
2118,CPU_DIRECT,WRITE,096F99,V04C000366,STZ/ABS_X,
2118,DMA_BBUS,WRITE,00226F,V08C_SOURCE_PROFILE,DMA/HDMA,SRC-80A24C-CH0-VRAM-0100
2118,DMA_BBUS,WRITE,002325,V08C_SOURCE_PROFILE,DMA/HDMA,SRC-80A2FF-CH0-VRAM-0080
2118,DMA_BBUS,WRITE,002382,V08C_SOURCE_PROFILE,DMA/HDMA,SRC-80A35C-CH0-VRAM-0040
2118,DMA_BBUS,WRITE,00F681;00F68E,V08C_SOURCE_PROFILE,DMA/HDMA,SRC-81F678-CH0-VRAM-1000
2119,CPU_DIRECT,WRITE,0004F3,V04C002826,STA/ABS,
2119,CPU_DIRECT,WRITE,0004F3,V04C003156,STA/ABS,
2119,CPU_DIRECT,WRITE,0004F3,V04C003236,STA/ABS,
2119,CPU_DIRECT,WRITE,0004F3,V04C003644,STA/ABS,
2119,CPU_DIRECT,WRITE,0004F3,V04C003670,STA/ABS,
2119,CPU_DIRECT,WRITE,0004F3,V04C003815,STA/ABS,
2119,CPU_DIRECT,WRITE,0004F3,V04C003819,STA/ABS,
2119,CPU_DIRECT,WRITE,0004F3,V04C004061,STA/ABS,
2119,CPU_DIRECT,WRITE,0004F3,V04C004082,STA/ABS,
2119,CPU_DIRECT,WRITE,0004F3,V04C004088,STA/ABS,
2119,CPU_DIRECT,WRITE,0004F3,V04C004188,STA/ABS,
2119,CPU_DIRECT,WRITE,0004F3,V04C004192,STA/ABS,
2119,CPU_DIRECT,WRITE,0004F3,V04C004224,STA/ABS,
2119,CPU_DIRECT,WRITE,0004F3,V04C004299,STA/ABS,
2119,CPU_DIRECT,WRITE,0004F3,V04C004304,STA/ABS,
2119,CPU_DIRECT,WRITE,0004F3,V04C020566,STA/ABS,
2119,CPU_DIRECT,WRITE,0004F3,V04C020979,STA/ABS,
2119,CPU_DIRECT,WRITE,0004F3,V04C021076,STA/ABS,
2119,CPU_DIRECT,WRITE,0004F3,V04C021445,STA/ABS,
2119,CPU_DIRECT,WRITE,0004F3,V04C021476,STA/ABS,
2119,CPU_DIRECT,WRITE,0004F3,V04C021668,STA/ABS,
2119,CPU_DIRECT,WRITE,0004F3,V04C021672,STA/ABS,
2119,CPU_DIRECT,WRITE,0004F3,V04C022219,STA/ABS,
2119,CPU_DIRECT,WRITE,0004F3,V04C022264,STA/ABS,
2119,CPU_DIRECT,WRITE,0004F3,V04C022270,STA/ABS,
2119,CPU_DIRECT,WRITE,0004F3,V04C022520,STA/ABS,
2119,CPU_DIRECT,WRITE,0004F3,V04C022524,STA/ABS,
2119,CPU_DIRECT,WRITE,0004F3,V04C022611,STA/ABS,
2119,CPU_DIRECT,WRITE,0004F3,V04C022870,STA/ABS,
2119,CPU_DIRECT,WRITE,0004F3,V04C022885,STA/ABS,
2119,CPU_DIRECT,WRITE,096F99,V04C000363,STZ/ABS_X,
2119,DMA_BBUS,WRITE,00226F,V08C_SOURCE_PROFILE,DMA/HDMA,SRC-80A24C-CH0-VRAM-0100
2119,DMA_BBUS,WRITE,002325,V08C_SOURCE_PROFILE,DMA/HDMA,SRC-80A2FF-CH0-VRAM-0080
2119,DMA_BBUS,WRITE,002382,V08C_SOURCE_PROFILE,DMA/HDMA,SRC-80A35C-CH0-VRAM-0040
2119,DMA_BBUS,WRITE,00F681;00F68E,V08C_SOURCE_PROFILE,DMA/HDMA,SRC-81F678-CH0-VRAM-1000
211A,CPU_DIRECT,WRITE,096F99,V04C000360,STZ/ABS_X,
211B,CPU_DIRECT,WRITE,096F9F,V04C000375,STZ/ABS,
211B,CPU_DIRECT,WRITE,096FA4,V04C000377,STA/ABS,
211C,CPU_DIRECT,WRITE,096FA7,V04C000378,STZ/ABS,
211C,CPU_DIRECT,WRITE,096FAA,V04C000379,STZ/ABS,
211D,CPU_DIRECT,WRITE,096FAD,V04C000380,STZ/ABS,
211D,CPU_DIRECT,WRITE,096FB0,V04C000381,STZ/ABS,
211E,CPU_DIRECT,WRITE,096FB3,V04C000382,STZ/ABS,
211E,CPU_DIRECT,WRITE,096FB8,V04C000384,STA/ABS,
211F,CPU_DIRECT,WRITE,096FBB,V04C000385,STZ/ABS,
211F,CPU_DIRECT,WRITE,096FBE,V04C000386,STZ/ABS,
2120,CPU_DIRECT,WRITE,096FC1,V04C000387,STZ/ABS,
2120,CPU_DIRECT,WRITE,096FC4,V04C000388,STZ/ABS,
2121,CPU_DIRECT,WRITE,00406E,V04C009286,STZ/ABS,
2121,CPU_DIRECT,WRITE,00406E,V04C009348,STZ/ABS,
2121,CPU_DIRECT,WRITE,00406E,V04C009702,STZ/ABS,
2121,CPU_DIRECT,WRITE,00406E,V04C009748,STZ/ABS,
2121,CPU_DIRECT,WRITE,00406E,V04C009954,STZ/ABS,
2121,CPU_DIRECT,WRITE,00406E,V04C009992,STZ/ABS,
2121,CPU_DIRECT,WRITE,00406E,V04C011808,STZ/ABS,
2121,CPU_DIRECT,WRITE,00406E,V04C012054,STZ/ABS,
2121,CPU_DIRECT,WRITE,00406E,V04C012358,STZ/ABS,
2121,CPU_DIRECT,WRITE,00406E,V04C012757,STZ/ABS,
2121,CPU_DIRECT,WRITE,00406E,V04C013233,STZ/ABS,
2121,CPU_DIRECT,WRITE,00406E,V04C013778,STZ/ABS,
2121,CPU_DIRECT,WRITE,00406E,V04C014397,STZ/ABS,
2121,CPU_DIRECT,WRITE,00406E,V04C015155,STZ/ABS,
2121,CPU_DIRECT,WRITE,00406E,V04C015977,STZ/ABS,
2121,CPU_DIRECT,WRITE,00406E,V04C018849,STZ/ABS,
2121,CPU_DIRECT,WRITE,00406E,V04C018879,STZ/ABS,
2121,CPU_DIRECT,WRITE,00406E,V04C019898,STZ/ABS,
2121,CPU_DIRECT,WRITE,00406E,V04C020628,STZ/ABS,
2122,DMA_BBUS,WRITE,004073,V08C_SOURCE_PROFILE,DMA/HDMA,SRC-80C2FC-CH3-CGRAM-0200
2128,CPU_DIRECT,WRITE,096FC9,V04C000411,STZ/ABS_X,
2129,CPU_DIRECT,WRITE,096FC9,V04C000408,STZ/ABS_X,
212A,CPU_DIRECT,WRITE,096FC9,V04C000405,STZ/ABS_X,
212B,CPU_DIRECT,WRITE,096FC9,V04C000402,STZ/ABS_X,
212C,CPU_DIRECT,WRITE,00015E,V04C000530,STA/ABS,
212C,CPU_DIRECT,WRITE,00015E,V04C000537,STA/ABS,
212C,CPU_DIRECT,WRITE,009D42,V04C001810,STA/ABS,
212C,CPU_DIRECT,WRITE,009D42,V04C001826,STA/ABS,
212C,CPU_DIRECT,WRITE,009D42,V04C003589,STA/ABS,
212C,CPU_DIRECT,WRITE,00F47B,V04C011292,STA/ABS,
212C,CPU_DIRECT,WRITE,00F4DE,V04C013990,STA/ABS,
212C,CPU_DIRECT,WRITE,00F4DE,V04C014306,STA/ABS,
212C,CPU_DIRECT,WRITE,00F4DE,V04C014658,STA/ABS,
212C,CPU_DIRECT,WRITE,00F4DE,V04C015042,STA/ABS,
212C,CPU_DIRECT,WRITE,00F4DE,V04C015452,STA/ABS,
212C,CPU_DIRECT,WRITE,00F4DE,V04C015864,STA/ABS,
212C,CPU_DIRECT,WRITE,00F4DE,V04C016259,STA/ABS,
212C,CPU_DIRECT,WRITE,00F4DE,V04C016613,STA/ABS,
212C,CPU_DIRECT,WRITE,00F4DE,V04C016950,STA/ABS,
212C,CPU_DIRECT,WRITE,00F531,V04C024261,STA/ABS,
212C,CPU_DIRECT,WRITE,096FC9,V04C000399,STZ/ABS_X,
212D,CPU_DIRECT,WRITE,000161,V04C000532,STZ/ABS,
212D,CPU_DIRECT,WRITE,000161,V04C000539,STZ/ABS,
212D,CPU_DIRECT,WRITE,096FC9,V04C000396,STZ/ABS_X,
212E,CPU_DIRECT,WRITE,096FC9,V04C000393,STZ/ABS_X,
212F,CPU_DIRECT,WRITE,096FC9,V04C000390,STZ/ABS_X,
2130,CPU_DIRECT,WRITE,00F650,V04C027385,STZ/ABS,
2130,CPU_DIRECT,WRITE,096FD1,V04C000418,STA/ABS,
2131,CPU_DIRECT,WRITE,00F534,V04C024280,STZ/ABS,
2131,CPU_DIRECT,WRITE,00F65D,V04C027422,STA/ABS,
2131,CPU_DIRECT,WRITE,096FD4,V04C000419,STZ/ABS,
2132,CPU_DIRECT,WRITE,00F658,V04C027407,STA/ABS,
2132,CPU_DIRECT,WRITE,00F66E,V04C027685,STA/ABS,
2132,CPU_DIRECT,WRITE,096FD9,V04C000421,STA/ABS,
2133,CPU_DIRECT,WRITE,096FDC,V04C000422,STZ/ABS,
213F,CPU_DIRECT,READ,097079,V04C000557,LDA/ABS,
