context,physical,register,kind,value,mode,proof,definition_contexts,authority
80:813B:E0M1X1,00013B,2105,BGMODE,09,1,ROM_CFG_BACKWARD_IMMEDIATE_DEFINITION,80:8139:E0M1X1,ROM_SOURCE_STATIC_PROOF_ONLY
80:828E:E0M1X1,00028E,2105,BGMODE,09,1,ROM_CFG_BACKWARD_IMMEDIATE_DEFINITION,80:8283:E0M1X1,ROM_SOURCE_STATIC_PROOF_ONLY
80:A251:E0M1X1,002251,4301,DMA_BBUS_DESTINATION,18,,ROM_CFG_BACKWARD_IMMEDIATE_DEFINITION,80:A24F:E0M1X1,ROM_SOURCE_STATIC_PROOF_ONLY
80:A2A7:E0M1X1,0022A7,4301,DMA_BBUS_DESTINATION,18,,ROM_CFG_BACKWARD_IMMEDIATE_DEFINITION,80:A2A5:E0M1X1,ROM_SOURCE_STATIC_PROOF_ONLY
80:A304:E0M1X1,002304,4301,DMA_BBUS_DESTINATION,18,,ROM_CFG_BACKWARD_IMMEDIATE_DEFINITION,80:A302:E0M1X1,ROM_SOURCE_STATIC_PROOF_ONLY
80:A361:E0M1X1,002361,4301,DMA_BBUS_DESTINATION,18,,ROM_CFG_BACKWARD_IMMEDIATE_DEFINITION,80:A35F:E0M1X1,ROM_SOURCE_STATIC_PROOF_ONLY
80:C0BF:E0M1X0,0040BF,4311,DMA_BBUS_DESTINATION,18,,ROM_CFG_BACKWARD_IMMEDIATE_DEFINITION,80:C0BD:E0M1X0,ROM_SOURCE_STATIC_PROOF_ONLY
80:C2CA:E0M1X1,0042CA,2133,SETINI,00,,STZ_ENCODED_ZERO,,ROM_SOURCE_STATIC_PROOF_ONLY
80:C2DE:E0M1X1,0042DE,2105,BGMODE,09,1,ROM_CFG_BACKWARD_IMMEDIATE_DEFINITION,80:C2DC:E0M1X1,ROM_SOURCE_STATIC_PROOF_ONLY
80:C301:E0M1X1,004301,4331,DMA_BBUS_DESTINATION,22,,ROM_CFG_BACKWARD_IMMEDIATE_DEFINITION,80:C2FF:E0M1X1,ROM_SOURCE_STATIC_PROOF_ONLY
80:C746:E0M1X1,004746,4341,DMA_BBUS_DESTINATION,04,,ROM_CFG_BACKWARD_IMMEDIATE_DEFINITION,80:C744:E0M1X1,ROM_SOURCE_STATIC_PROOF_ONLY
80:C97F:E0M1X1,00497F,4311,DMA_BBUS_DESTINATION,18,,ROM_CFG_BACKWARD_IMMEDIATE_DEFINITION,80:C97D:E0M1X1,ROM_SOURCE_STATIC_PROOF_ONLY
80:D504:E0M1X0,005504,4371,DMA_BBUS_DESTINATION,80,,ROM_CFG_BACKWARD_IMMEDIATE_DEFINITION,80:D502:E0M1X0,ROM_SOURCE_STATIC_PROOF_ONLY
80:D52D:E0M1X0,00552D,4371,DMA_BBUS_DESTINATION,80,,ROM_CFG_BACKWARD_IMMEDIATE_DEFINITION,80:D52B:E0M1X0,ROM_SOURCE_STATIC_PROOF_ONLY
80:EA7C:E0M1X1,006A7C,4301,DMA_BBUS_DESTINATION,18,,ROM_CFG_BACKWARD_IMMEDIATE_DEFINITION,80:EA7A:E0M1X1,ROM_SOURCE_STATIC_PROOF_ONLY
80:EA7F:E0M1X1,006A7F,4351,DMA_BBUS_DESTINATION,18,,ROM_CFG_BACKWARD_IMMEDIATE_DEFINITION,80:EA7A:E0M1X1,ROM_SOURCE_STATIC_PROOF_ONLY
80:EB65:E0M1X1,006B65,4301,DMA_BBUS_DESTINATION,18,,ROM_CFG_BACKWARD_IMMEDIATE_DEFINITION,80:EB63:E0M1X1,ROM_SOURCE_STATIC_PROOF_ONLY
80:EE33:E0M1X1,006E33,4301,DMA_BBUS_DESTINATION,18,,ROM_CFG_BACKWARD_IMMEDIATE_DEFINITION,80:EE31:E0M1X1,ROM_SOURCE_STATIC_PROOF_ONLY
80:EE36:E0M1X1,006E36,4351,DMA_BBUS_DESTINATION,18,,ROM_CFG_BACKWARD_IMMEDIATE_DEFINITION,80:EE31:E0M1X1,ROM_SOURCE_STATIC_PROOF_ONLY
80:EF1C:E0M1X1,006F1C,4301,DMA_BBUS_DESTINATION,18,,ROM_CFG_BACKWARD_IMMEDIATE_DEFINITION,80:EF1A:E0M1X1,ROM_SOURCE_STATIC_PROOF_ONLY
80:F2A5:E0M1X1,0072A5,4301,DMA_BBUS_DESTINATION,18,,ROM_CFG_BACKWARD_IMMEDIATE_DEFINITION,80:F2A3:E0M1X1,ROM_SOURCE_STATIC_PROOF_ONLY
80:F2A8:E0M1X1,0072A8,4351,DMA_BBUS_DESTINATION,18,,ROM_CFG_BACKWARD_IMMEDIATE_DEFINITION,80:F2A3:E0M1X1,ROM_SOURCE_STATIC_PROOF_ONLY
80:F38E:E0M1X1,00738E,4301,DMA_BBUS_DESTINATION,18,,ROM_CFG_BACKWARD_IMMEDIATE_DEFINITION,80:F38C:E0M1X1,ROM_SOURCE_STATIC_PROOF_ONLY
80:F65C:E0M1X1,00765C,4301,DMA_BBUS_DESTINATION,18,,ROM_CFG_BACKWARD_IMMEDIATE_DEFINITION,80:F65A:E0M1X1,ROM_SOURCE_STATIC_PROOF_ONLY
80:F65F:E0M1X1,00765F,4351,DMA_BBUS_DESTINATION,18,,ROM_CFG_BACKWARD_IMMEDIATE_DEFINITION,80:F65A:E0M1X1,ROM_SOURCE_STATIC_PROOF_ONLY
80:F745:E0M1X1,007745,4301,DMA_BBUS_DESTINATION,18,,ROM_CFG_BACKWARD_IMMEDIATE_DEFINITION,80:F743:E0M1X1,ROM_SOURCE_STATIC_PROOF_ONLY
81:93E9:E0M1X1,0093E9,2105,BGMODE,0C,4,ROM_CFG_BACKWARD_IMMEDIATE_DEFINITION,81:93E7:E0M1X1,ROM_SOURCE_STATIC_PROOF_ONLY
81:94D9:E0M1X1,0094D9,2105,BGMODE,09,1,ROM_CFG_BACKWARD_IMMEDIATE_DEFINITION,81:94D7:E0M1X1,ROM_SOURCE_STATIC_PROOF_ONLY
81:9C74:E0M1X1,009C74,4341,DMA_BBUS_DESTINATION,04,,ROM_CFG_BACKWARD_IMMEDIATE_DEFINITION,81:9C72:E0M1X1,ROM_SOURCE_STATIC_PROOF_ONLY
81:A7DC:E0M1X1,00A7DC,2105,BGMODE,09,1,ROM_CFG_BACKWARD_IMMEDIATE_DEFINITION,81:A7DA:E0M1X1,ROM_SOURCE_STATIC_PROOF_ONLY
81:AA48:E0M1X1,00AA48,4301,DMA_BBUS_DESTINATION,18,,ROM_CFG_BACKWARD_IMMEDIATE_DEFINITION,81:AA46:E0M1X1,ROM_SOURCE_STATIC_PROOF_ONLY
81:CF84:E0M1X1,00CF84,2105,BGMODE,07,7,ROM_CFG_BACKWARD_IMMEDIATE_DEFINITION,81:CF82:E0M1X1,ROM_SOURCE_STATIC_PROOF_ONLY
81:D0F4:E0M1X1,00D0F4,2105,BGMODE,09,1,ROM_CFG_BACKWARD_IMMEDIATE_DEFINITION,81:D0F2:E0M1X1,ROM_SOURCE_STATIC_PROOF_ONLY
81:D6CB:E0M1X1,00D6CB,2105,BGMODE,00,0,STZ_ENCODED_ZERO,,ROM_SOURCE_STATIC_PROOF_ONLY
81:D73F:E0M1X0,00D73F,2105,BGMODE,07,7,ROM_CFG_BACKWARD_IMMEDIATE_DEFINITION,81:D73D:E0M1X0,ROM_SOURCE_STATIC_PROOF_ONLY
81:D8B7:E0M1X1,00D8B7,2105,BGMODE,09,1,ROM_CFG_BACKWARD_IMMEDIATE_DEFINITION,81:D8B5:E0M1X1,ROM_SOURCE_STATIC_PROOF_ONLY
81:F46C:E0M1X1,00F46C,2105,BGMODE,0B,3,ROM_CFG_BACKWARD_IMMEDIATE_DEFINITION,81:F46A:E0M1X1,ROM_SOURCE_STATIC_PROOF_ONLY
81:F52C:E0M1X1,00F52C,2105,BGMODE,09,1,ROM_CFG_BACKWARD_IMMEDIATE_DEFINITION,81:F52A:E0M1X1,ROM_SOURCE_STATIC_PROOF_ONLY
81:F693:E0M1X1,00F693,4301,DMA_BBUS_DESTINATION,18,,ROM_CFG_BACKWARD_IMMEDIATE_DEFINITION,81:F691:E0M1X1,ROM_SOURCE_STATIC_PROOF_ONLY
92:EDD5:E0M1X1,096DD5,4371,DMA_BBUS_DESTINATION,26,,ROM_CFG_BACKWARD_IMMEDIATE_DEFINITION,92:EDD3:E0M1X1,ROM_SOURCE_STATIC_PROOF_ONLY
92:EFDC:E0M1X1,096FDC,2133,SETINI,00,,STZ_ENCODED_ZERO,,ROM_SOURCE_STATIC_PROOF_ONLY
92:F28E:E0M1X1,09728E,4361,DMA_BBUS_DESTINATION,26,,ROM_CFG_BACKWARD_IMMEDIATE_DEFINITION,92:F28C:E0M1X1,ROM_SOURCE_STATIC_PROOF_ONLY
9F:FAA4:E0M1X1,0FFAA4,2105,BGMODE,09,1,ROM_CFG_BACKWARD_IMMEDIATE_DEFINITION,9F:FAA2:E0M1X1,ROM_SOURCE_STATIC_PROOF_ONLY
