context,physical,bytes,mnemonic,mode,access,base_address,canonical_register,area,indexed,authority
80:8088:E0M1X1,000088,9C0042,STZ,ABS,WRITE,4200,4200,CPU_IO,NO,ROM_SOURCE_STATIC_PROOF_ONLY
80:80D9:E0M1X1,0000D9,9C0042,STZ,ABS,WRITE,4200,4200,CPU_IO,NO,ROM_SOURCE_STATIC_PROOF_ONLY
80:813B:E0M1X1,00013B,8D0521,STA,ABS,WRITE,2105,2105,PPU,NO,ROM_SOURCE_STATIC_PROOF_ONLY
80:8140:E0M1X1,000140,8D0121,STA,ABS,WRITE,2101,2101,PPU,NO,ROM_SOURCE_STATIC_PROOF_ONLY
80:8145:E0M1X1,000145,8D0721,STA,ABS,WRITE,2107,2107,PPU,NO,ROM_SOURCE_STATIC_PROOF_ONLY
80:814A:E0M1X1,00014A,8D0821,STA,ABS,WRITE,2108,2108,PPU,NO,ROM_SOURCE_STATIC_PROOF_ONLY
80:814F:E0M1X1,00014F,8D0921,STA,ABS,WRITE,2109,2109,PPU,NO,ROM_SOURCE_STATIC_PROOF_ONLY
80:8154:E0M1X1,000154,8D0B21,STA,ABS,WRITE,210B,210B,PPU,NO,ROM_SOURCE_STATIC_PROOF_ONLY
80:8159:E0M1X1,000159,8D0C21,STA,ABS,WRITE,210C,210C,PPU,NO,ROM_SOURCE_STATIC_PROOF_ONLY
80:815E:E0M1X1,00015E,8D2C21,STA,ABS,WRITE,212C,212C,PPU,NO,ROM_SOURCE_STATIC_PROOF_ONLY
80:8161:E0M1X1,000161,9C2D21,STZ,ABS,WRITE,212D,212D,PPU,NO,ROM_SOURCE_STATIC_PROOF_ONLY
80:8177:E0M1X1,000177,AD1042,LDA,ABS,READ,4210,4210,CPU_IO,NO,ROM_SOURCE_STATIC_PROOF_ONLY
80:8210:E0M1X1,000210,AD1142,LDA,ABS,READ,4211,4211,CPU_IO,NO,ROM_SOURCE_STATIC_PROOF_ONLY
80:8249:E0M1X1,000249,8D0942,STA,ABS,WRITE,4209,4209,CPU_IO,NO,ROM_SOURCE_STATIC_PROOF_ONLY
80:824C:E0M1X1,00024C,9C0A42,STZ,ABS,WRITE,420A,420A,CPU_IO,NO,ROM_SOURCE_STATIC_PROOF_ONLY
80:8255:E0M1X1,000255,AD1242,LDA,ABS,READ,4212,4212,CPU_IO,NO,ROM_SOURCE_STATIC_PROOF_ONLY
80:825C:E0M1X1,00025C,8E0D21,STX,ABS,WRITE,210D,210D,PPU,NO,ROM_SOURCE_STATIC_PROOF_ONLY
80:825F:E0M1X1,00025F,8C0D21,STY,ABS,WRITE,210D,210D,PPU,NO,ROM_SOURCE_STATIC_PROOF_ONLY
80:8262:E0M1X1,000262,8E1121,STX,ABS,WRITE,2111,2111,PPU,NO,ROM_SOURCE_STATIC_PROOF_ONLY
80:8265:E0M1X1,000265,8C1121,STY,ABS,WRITE,2111,2111,PPU,NO,ROM_SOURCE_STATIC_PROOF_ONLY
80:826F:E0M1X1,00026F,AD1242,LDA,ABS,READ,4212,4212,CPU_IO,NO,ROM_SOURCE_STATIC_PROOF_ONLY
80:8276:E0M1X1,000276,8E0D21,STX,ABS,WRITE,210D,210D,PPU,NO,ROM_SOURCE_STATIC_PROOF_ONLY
80:8279:E0M1X1,000279,8C0D21,STY,ABS,WRITE,210D,210D,PPU,NO,ROM_SOURCE_STATIC_PROOF_ONLY
80:827C:E0M1X1,00027C,8E1121,STX,ABS,WRITE,2111,2111,PPU,NO,ROM_SOURCE_STATIC_PROOF_ONLY
80:827F:E0M1X1,00027F,8C1121,STY,ABS,WRITE,2111,2111,PPU,NO,ROM_SOURCE_STATIC_PROOF_ONLY
80:8287:E0M1X1,000287,AD1242,LDA,ABS,READ,4212,4212,CPU_IO,NO,ROM_SOURCE_STATIC_PROOF_ONLY
80:828E:E0M1X1,00028E,8E0521,STX,ABS,WRITE,2105,2105,PPU,NO,ROM_SOURCE_STATIC_PROOF_ONLY
80:8291:E0M1X1,000291,9C0D21,STZ,ABS,WRITE,210D,210D,PPU,NO,ROM_SOURCE_STATIC_PROOF_ONLY
80:8294:E0M1X1,000294,9C0D21,STZ,ABS,WRITE,210D,210D,PPU,NO,ROM_SOURCE_STATIC_PROOF_ONLY
80:8297:E0M1X1,000297,8C0E21,STY,ABS,WRITE,210E,210E,PPU,NO,ROM_SOURCE_STATIC_PROOF_ONLY
80:829A:E0M1X1,00029A,8C0E21,STY,ABS,WRITE,210E,210E,PPU,NO,ROM_SOURCE_STATIC_PROOF_ONLY
80:83D1:E0M0X0,0003D1,8D1521,STA,ABS,WRITE,2115,2115,PPU,NO,ROM_SOURCE_STATIC_PROOF_ONLY
80:83D6:E0M0X0,0003D6,8D1621,STA,ABS,WRITE,2116,2116,PPU,NO,ROM_SOURCE_STATIC_PROOF_ONLY
80:84EF:E0M1X0,0004EF,8D1821,STA,ABS,WRITE,2118,2118,PPU,NO,ROM_SOURCE_STATIC_PROOF_ONLY
80:84F3:E0M1X0,0004F3,8D1921,STA,ABS,WRITE,2119,2119,PPU,NO,ROM_SOURCE_STATIC_PROOF_ONLY
80:A1FF:E0M0X0,0021FF,8D1521,STA,ABS,WRITE,2115,2115,PPU,NO,ROM_SOURCE_STATIC_PROOF_ONLY
80:A205:E0M0X0,002205,8D1621,STA,ABS,WRITE,2116,2116,PPU,NO,ROM_SOURCE_STATIC_PROOF_ONLY
80:A211:E0M0X0,002211,8D1821,STA,ABS,WRITE,2118,2118,PPU,NO,ROM_SOURCE_STATIC_PROOF_ONLY
80:A229:E0M0X0,002229,8D1521,STA,ABS,WRITE,2115,2115,PPU,NO,ROM_SOURCE_STATIC_PROOF_ONLY
80:A242:E0M1X1,002242,8D1621,STA,ABS,WRITE,2116,2116,PPU,NO,ROM_SOURCE_STATIC_PROOF_ONLY
80:A247:E0M1X1,002247,8D1721,STA,ABS,WRITE,2117,2117,PPU,NO,ROM_SOURCE_STATIC_PROOF_ONLY
80:A24C:E0M1X1,00224C,8D0043,STA,ABS,WRITE,4300,4300,DMA_HDMA,NO,ROM_SOURCE_STATIC_PROOF_ONLY
80:A251:E0M1X1,002251,8D0143,STA,ABS,WRITE,4301,4301,DMA_HDMA,NO,ROM_SOURCE_STATIC_PROOF_ONLY
80:A256:E0M1X1,002256,8D0243,STA,ABS,WRITE,4302,4302,DMA_HDMA,NO,ROM_SOURCE_STATIC_PROOF_ONLY
80:A25B:E0M1X1,00225B,8D0343,STA,ABS,WRITE,4303,4303,DMA_HDMA,NO,ROM_SOURCE_STATIC_PROOF_ONLY
80:A260:E0M1X1,002260,8D0443,STA,ABS,WRITE,4304,4304,DMA_HDMA,NO,ROM_SOURCE_STATIC_PROOF_ONLY
80:A265:E0M1X1,002265,8D0543,STA,ABS,WRITE,4305,4305,DMA_HDMA,NO,ROM_SOURCE_STATIC_PROOF_ONLY
80:A26A:E0M1X1,00226A,8D0643,STA,ABS,WRITE,4306,4306,DMA_HDMA,NO,ROM_SOURCE_STATIC_PROOF_ONLY
80:A26F:E0M1X1,00226F,8D0B42,STA,ABS,WRITE,420B,420B,CPU_IO,NO,ROM_SOURCE_STATIC_PROOF_ONLY
80:A29D:E0M1X1,00229D,8D1521,STA,ABS,WRITE,2115,2115,PPU,NO,ROM_SOURCE_STATIC_PROOF_ONLY
80:A2A2:E0M1X1,0022A2,8D0043,STA,ABS,WRITE,4300,4300,DMA_HDMA,NO,ROM_SOURCE_STATIC_PROOF_ONLY
80:A2A7:E0M1X1,0022A7,8D0143,STA,ABS,WRITE,4301,4301,DMA_HDMA,NO,ROM_SOURCE_STATIC_PROOF_ONLY
80:A2AC:E0M1X1,0022AC,8D0443,STA,ABS,WRITE,4304,4304,DMA_HDMA,NO,ROM_SOURCE_STATIC_PROOF_ONLY
80:A2B6:E0M0X0,0022B6,8D1621,STA,ABS,WRITE,2116,2116,PPU,NO,ROM_SOURCE_STATIC_PROOF_ONLY
80:A2BB:E0M0X0,0022BB,8D0243,STA,ABS,WRITE,4302,4302,DMA_HDMA,NO,ROM_SOURCE_STATIC_PROOF_ONLY
80:A2C1:E0M0X0,0022C1,8D0543,STA,ABS,WRITE,4305,4305,DMA_HDMA,NO,ROM_SOURCE_STATIC_PROOF_ONLY
80:A2C8:E0M1X1,0022C8,8D0B42,STA,ABS,WRITE,420B,420B,CPU_IO,NO,ROM_SOURCE_STATIC_PROOF_ONLY
80:A2FA:E0M1X1,0022FA,8D1521,STA,ABS,WRITE,2115,2115,PPU,NO,ROM_SOURCE_STATIC_PROOF_ONLY
80:A2FF:E0M1X1,0022FF,8D0043,STA,ABS,WRITE,4300,4300,DMA_HDMA,NO,ROM_SOURCE_STATIC_PROOF_ONLY
80:A304:E0M1X1,002304,8D0143,STA,ABS,WRITE,4301,4301,DMA_HDMA,NO,ROM_SOURCE_STATIC_PROOF_ONLY
80:A309:E0M1X1,002309,8D0443,STA,ABS,WRITE,4304,4304,DMA_HDMA,NO,ROM_SOURCE_STATIC_PROOF_ONLY
80:A313:E0M0X0,002313,8D1621,STA,ABS,WRITE,2116,2116,PPU,NO,ROM_SOURCE_STATIC_PROOF_ONLY
80:A318:E0M0X0,002318,8D0243,STA,ABS,WRITE,4302,4302,DMA_HDMA,NO,ROM_SOURCE_STATIC_PROOF_ONLY
80:A31E:E0M0X0,00231E,8D0543,STA,ABS,WRITE,4305,4305,DMA_HDMA,NO,ROM_SOURCE_STATIC_PROOF_ONLY
80:A325:E0M1X1,002325,8D0B42,STA,ABS,WRITE,420B,420B,CPU_IO,NO,ROM_SOURCE_STATIC_PROOF_ONLY
80:A357:E0M1X1,002357,8D1521,STA,ABS,WRITE,2115,2115,PPU,NO,ROM_SOURCE_STATIC_PROOF_ONLY
80:A35C:E0M1X1,00235C,8D0043,STA,ABS,WRITE,4300,4300,DMA_HDMA,NO,ROM_SOURCE_STATIC_PROOF_ONLY
80:A361:E0M1X1,002361,8D0143,STA,ABS,WRITE,4301,4301,DMA_HDMA,NO,ROM_SOURCE_STATIC_PROOF_ONLY
80:A366:E0M1X1,002366,8D0443,STA,ABS,WRITE,4304,4304,DMA_HDMA,NO,ROM_SOURCE_STATIC_PROOF_ONLY
80:A370:E0M0X0,002370,8D1621,STA,ABS,WRITE,2116,2116,PPU,NO,ROM_SOURCE_STATIC_PROOF_ONLY
80:A375:E0M0X0,002375,8D0243,STA,ABS,WRITE,4302,4302,DMA_HDMA,NO,ROM_SOURCE_STATIC_PROOF_ONLY
80:A37B:E0M0X0,00237B,8D0543,STA,ABS,WRITE,4305,4305,DMA_HDMA,NO,ROM_SOURCE_STATIC_PROOF_ONLY
80:A382:E0M1X1,002382,8D0B42,STA,ABS,WRITE,420B,420B,CPU_IO,NO,ROM_SOURCE_STATIC_PROOF_ONLY
80:A3B2:E0M1X1,0023B2,8D0021,STA,ABS,WRITE,2100,2100,PPU,NO,ROM_SOURCE_STATIC_PROOF_ONLY
80:A3FD:E0M1X1,0023FD,8D0021,STA,ABS,WRITE,2100,2100,PPU,NO,ROM_SOURCE_STATIC_PROOF_ONLY
80:A411:E0M1X1,002411,8D0021,STA,ABS,WRITE,2100,2100,PPU,NO,ROM_SOURCE_STATIC_PROOF_ONLY
80:A41F:E0M0X0,00241F,9C0221,STZ,ABS,WRITE,2102,2102,PPU,NO,ROM_SOURCE_STATIC_PROOF_ONLY
80:A428:E0M1X1,002428,8D0421,STA,ABS,WRITE,2104,2104,PPU,NO,ROM_SOURCE_STATIC_PROOF_ONLY
80:A42D:E0M1X1,00242D,8D0421,STA,ABS,WRITE,2104,2104,PPU,NO,ROM_SOURCE_STATIC_PROOF_ONLY
80:A430:E0M1X1,002430,9C0421,STZ,ABS,WRITE,2104,2104,PPU,NO,ROM_SOURCE_STATIC_PROOF_ONLY
80:A433:E0M1X1,002433,9C0421,STZ,ABS,WRITE,2104,2104,PPU,NO,ROM_SOURCE_STATIC_PROOF_ONLY
80:A43D:E0M1X1,00243D,8D0421,STA,ABS,WRITE,2104,2104,PPU,NO,ROM_SOURCE_STATIC_PROOF_ONLY
80:A444:E0M1X1,002444,AD1242,LDA,ABS,READ,4212,4212,CPU_IO,NO,ROM_SOURCE_STATIC_PROOF_ONLY
80:BD31:E0M1X1,003D31,9C0042,STZ,ABS,WRITE,4200,4200,CPU_IO,NO,ROM_SOURCE_STATIC_PROOF_ONLY
80:BD42:E0M1X1,003D42,8D0942,STA,ABS,WRITE,4209,4209,CPU_IO,NO,ROM_SOURCE_STATIC_PROOF_ONLY
80:BD45:E0M1X1,003D45,9C0A42,STZ,ABS,WRITE,420A,420A,CPU_IO,NO,ROM_SOURCE_STATIC_PROOF_ONLY
80:BD50:E0M1X1,003D50,8D0042,STA,ABS,WRITE,4200,4200,CPU_IO,NO,ROM_SOURCE_STATIC_PROOF_ONLY
80:BD57:E0M1X1,003D57,8D1521,STA,ABS,WRITE,2115,2115,PPU,NO,ROM_SOURCE_STATIC_PROOF_ONLY
80:BD6D:E0M0X0,003D6D,8E1621,STX,ABS,WRITE,2116,2116,PPU,NO,ROM_SOURCE_STATIC_PROOF_ONLY
80:BD73:E0M0X0,003D73,8D1821,STA,ABS,WRITE,2118,2118,PPU,NO,ROM_SOURCE_STATIC_PROOF_ONLY
80:BD79:E0M0X0,003D79,8D1821,STA,ABS,WRITE,2118,2118,PPU,NO,ROM_SOURCE_STATIC_PROOF_ONLY
80:BD7F:E0M0X0,003D7F,8D1821,STA,ABS,WRITE,2118,2118,PPU,NO,ROM_SOURCE_STATIC_PROOF_ONLY
80:BD85:E0M0X0,003D85,8D1821,STA,ABS,WRITE,2118,2118,PPU,NO,ROM_SOURCE_STATIC_PROOF_ONLY
80:BD8B:E0M0X0,003D8B,8D1821,STA,ABS,WRITE,2118,2118,PPU,NO,ROM_SOURCE_STATIC_PROOF_ONLY
80:BD91:E0M0X0,003D91,8D1821,STA,ABS,WRITE,2118,2118,PPU,NO,ROM_SOURCE_STATIC_PROOF_ONLY
80:BD97:E0M0X0,003D97,8D1821,STA,ABS,WRITE,2118,2118,PPU,NO,ROM_SOURCE_STATIC_PROOF_ONLY
80:BD9D:E0M0X0,003D9D,8D1821,STA,ABS,WRITE,2118,2118,PPU,NO,ROM_SOURCE_STATIC_PROOF_ONLY
80:BDBE:E0M0X0,003DBE,8E1621,STX,ABS,WRITE,2116,2116,PPU,NO,ROM_SOURCE_STATIC_PROOF_ONLY
80:BDC7:E0M0X0,003DC7,8D1821,STA,ABS,WRITE,2118,2118,PPU,NO,ROM_SOURCE_STATIC_PROOF_ONLY
80:BDE0:E0M0X0,003DE0,8E1621,STX,ABS,WRITE,2116,2116,PPU,NO,ROM_SOURCE_STATIC_PROOF_ONLY
80:BDE6:E0M0X0,003DE6,8D1821,STA,ABS,WRITE,2118,2118,PPU,NO,ROM_SOURCE_STATIC_PROOF_ONLY
80:BDEC:E0M0X0,003DEC,8D1821,STA,ABS,WRITE,2118,2118,PPU,NO,ROM_SOURCE_STATIC_PROOF_ONLY
80:BDF2:E0M0X0,003DF2,8D1821,STA,ABS,WRITE,2118,2118,PPU,NO,ROM_SOURCE_STATIC_PROOF_ONLY
80:BE08:E0M0X0,003E08,8E1621,STX,ABS,WRITE,2116,2116,PPU,NO,ROM_SOURCE_STATIC_PROOF_ONLY
80:BE0E:E0M0X0,003E0E,8D1821,STA,ABS,WRITE,2118,2118,PPU,NO,ROM_SOURCE_STATIC_PROOF_ONLY
80:BE14:E0M0X0,003E14,8D1821,STA,ABS,WRITE,2118,2118,PPU,NO,ROM_SOURCE_STATIC_PROOF_ONLY
80:BED0:E0M1X1,003ED0,8D0721,STA,ABS,WRITE,2107,2107,PPU,NO,ROM_SOURCE_STATIC_PROOF_ONLY
80:BED5:E0M1X1,003ED5,8D0821,STA,ABS,WRITE,2108,2108,PPU,NO,ROM_SOURCE_STATIC_PROOF_ONLY
80:BEDA:E0M1X1,003EDA,8D0D21,STA,ABS,WRITE,210D,210D,PPU,NO,ROM_SOURCE_STATIC_PROOF_ONLY
80:BEDF:E0M1X1,003EDF,8D0D21,STA,ABS,WRITE,210D,210D,PPU,NO,ROM_SOURCE_STATIC_PROOF_ONLY
80:BEE4:E0M1X1,003EE4,8D0E21,STA,ABS,WRITE,210E,210E,PPU,NO,ROM_SOURCE_STATIC_PROOF_ONLY
80:BEE9:E0M1X1,003EE9,8D0E21,STA,ABS,WRITE,210E,210E,PPU,NO,ROM_SOURCE_STATIC_PROOF_ONLY
80:BEEF:E0M1X1,003EEF,8D0F21,STA,ABS,WRITE,210F,210F,PPU,NO,ROM_SOURCE_STATIC_PROOF_ONLY
80:BEF5:E0M1X1,003EF5,8D0F21,STA,ABS,WRITE,210F,210F,PPU,NO,ROM_SOURCE_STATIC_PROOF_ONLY
80:BEFB:E0M1X1,003EFB,8D1021,STA,ABS,WRITE,2110,2110,PPU,NO,ROM_SOURCE_STATIC_PROOF_ONLY
80:BF01:E0M1X1,003F01,8D1021,STA,ABS,WRITE,2110,2110,PPU,NO,ROM_SOURCE_STATIC_PROOF_ONLY
80:BF06:E0M0X0,003F06,9C0221,STZ,ABS,WRITE,2102,2102,PPU,NO,ROM_SOURCE_STATIC_PROOF_ONLY
80:BF0F:E0M0X0,003F0F,8D4243,STA,ABS,WRITE,4342,4342,DMA_HDMA,NO,ROM_SOURCE_STATIC_PROOF_ONLY
80:BF15:E0M0X0,003F15,8D4543,STA,ABS,WRITE,4345,4345,DMA_HDMA,NO,ROM_SOURCE_STATIC_PROOF_ONLY
80:BF1C:E0M1X1,003F1C,8D0B42,STA,ABS,WRITE,420B,420B,CPU_IO,NO,ROM_SOURCE_STATIC_PROOF_ONLY
80:BF24:E0M0X0,003F24,8D0221,STA,ABS,WRITE,2102,2102,PPU,NO,ROM_SOURCE_STATIC_PROOF_ONLY
80:BF2D:E0M0X0,003F2D,8D4243,STA,ABS,WRITE,4342,4342,DMA_HDMA,NO,ROM_SOURCE_STATIC_PROOF_ONLY
80:BF33:E0M0X0,003F33,8D4543,STA,ABS,WRITE,4345,4345,DMA_HDMA,NO,ROM_SOURCE_STATIC_PROOF_ONLY
80:BF3A:E0M1X1,003F3A,8D0B42,STA,ABS,WRITE,420B,420B,CPU_IO,NO,ROM_SOURCE_STATIC_PROOF_ONLY
80:BF98:E0M1X1,003F98,AD1242,LDA,ABS,READ,4212,4212,CPU_IO,NO,ROM_SOURCE_STATIC_PROOF_ONLY
80:BFA1:E0M1X1,003FA1,8D0021,STA,ABS,WRITE,2100,2100,PPU,NO,ROM_SOURCE_STATIC_PROOF_ONLY
80:BFA6:E0M1X1,003FA6,8D0721,STA,ABS,WRITE,2107,2107,PPU,NO,ROM_SOURCE_STATIC_PROOF_ONLY
80:BFAB:E0M1X1,003FAB,8D0821,STA,ABS,WRITE,2108,2108,PPU,NO,ROM_SOURCE_STATIC_PROOF_ONLY
80:BFB0:E0M1X1,003FB0,8D0D21,STA,ABS,WRITE,210D,210D,PPU,NO,ROM_SOURCE_STATIC_PROOF_ONLY
80:BFB5:E0M1X1,003FB5,8D0D21,STA,ABS,WRITE,210D,210D,PPU,NO,ROM_SOURCE_STATIC_PROOF_ONLY
80:BFBD:E0M1X1,003FBD,8D0E21,STA,ABS,WRITE,210E,210E,PPU,NO,ROM_SOURCE_STATIC_PROOF_ONLY
80:BFC4:E0M1X1,003FC4,8D0E21,STA,ABS,WRITE,210E,210E,PPU,NO,ROM_SOURCE_STATIC_PROOF_ONLY
80:BFCA:E0M1X1,003FCA,8D0F21,STA,ABS,WRITE,210F,210F,PPU,NO,ROM_SOURCE_STATIC_PROOF_ONLY
80:BFD0:E0M1X1,003FD0,8D0F21,STA,ABS,WRITE,210F,210F,PPU,NO,ROM_SOURCE_STATIC_PROOF_ONLY
80:BFD9:E0M1X1,003FD9,8D1021,STA,ABS,WRITE,2110,2110,PPU,NO,ROM_SOURCE_STATIC_PROOF_ONLY
80:BFE1:E0M1X1,003FE1,8D1021,STA,ABS,WRITE,2110,2110,PPU,NO,ROM_SOURCE_STATIC_PROOF_ONLY
80:BFE6:E0M0X0,003FE6,9C0221,STZ,ABS,WRITE,2102,2102,PPU,NO,ROM_SOURCE_STATIC_PROOF_ONLY
80:BFEF:E0M0X0,003FEF,8D4243,STA,ABS,WRITE,4342,4342,DMA_HDMA,NO,ROM_SOURCE_STATIC_PROOF_ONLY
80:BFF5:E0M0X0,003FF5,8D4543,STA,ABS,WRITE,4345,4345,DMA_HDMA,NO,ROM_SOURCE_STATIC_PROOF_ONLY
80:BFFC:E0M1X1,003FFC,8D0B42,STA,ABS,WRITE,420B,420B,CPU_IO,NO,ROM_SOURCE_STATIC_PROOF_ONLY
80:C004:E0M0X0,004004,8D0221,STA,ABS,WRITE,2102,2102,PPU,NO,ROM_SOURCE_STATIC_PROOF_ONLY
80:C00D:E0M0X0,00400D,8D4243,STA,ABS,WRITE,4342,4342,DMA_HDMA,NO,ROM_SOURCE_STATIC_PROOF_ONLY
80:C013:E0M0X0,004013,8D4543,STA,ABS,WRITE,4345,4345,DMA_HDMA,NO,ROM_SOURCE_STATIC_PROOF_ONLY
80:C01A:E0M1X1,00401A,8D0B42,STA,ABS,WRITE,420B,420B,CPU_IO,NO,ROM_SOURCE_STATIC_PROOF_ONLY
80:C01D:E0M1X1,00401D,AD1242,LDA,ABS,READ,4212,4212,CPU_IO,NO,ROM_SOURCE_STATIC_PROOF_ONLY
80:C024:E0M1X1,004024,AD1242,LDA,ABS,READ,4212,4212,CPU_IO,NO,ROM_SOURCE_STATIC_PROOF_ONLY
80:C02B:E0M1X1,00402B,AD1242,LDA,ABS,READ,4212,4212,CPU_IO,NO,ROM_SOURCE_STATIC_PROOF_ONLY
80:C035:E0M1X1,004035,8D0021,STA,ABS,WRITE,2100,2100,PPU,NO,ROM_SOURCE_STATIC_PROOF_ONLY
80:C06E:E0M1X1,00406E,9C2121,STZ,ABS,WRITE,2121,2121,PPU,NO,ROM_SOURCE_STATIC_PROOF_ONLY
80:C073:E0M1X1,004073,8D0B42,STA,ABS,WRITE,420B,420B,CPU_IO,NO,ROM_SOURCE_STATIC_PROOF_ONLY
80:C08E:E0M0X0,00408E,8D1621,STA,ABS,WRITE,2116,2116,PPU,NO,ROM_SOURCE_STATIC_PROOF_ONLY
80:C095:E0M1X0,004095,8D1521,STA,ABS,WRITE,2115,2115,PPU,NO,ROM_SOURCE_STATIC_PROOF_ONLY
80:C09A:E0M1X0,00409A,8D0B42,STA,ABS,WRITE,420B,420B,CPU_IO,NO,ROM_SOURCE_STATIC_PROOF_ONLY
80:C0A7:E0M0X0,0040A7,8D1621,STA,ABS,WRITE,2116,2116,PPU,NO,ROM_SOURCE_STATIC_PROOF_ONLY
80:C0AD:E0M0X0,0040AD,8D1243,STA,ABS,WRITE,4312,4312,DMA_HDMA,NO,ROM_SOURCE_STATIC_PROOF_ONLY
80:C0B3:E0M0X0,0040B3,8D1543,STA,ABS,WRITE,4315,4315,DMA_HDMA,NO,ROM_SOURCE_STATIC_PROOF_ONLY
80:C0BA:E0M1X0,0040BA,8D1043,STA,ABS,WRITE,4310,4310,DMA_HDMA,NO,ROM_SOURCE_STATIC_PROOF_ONLY
80:C0BF:E0M1X0,0040BF,8D1143,STA,ABS,WRITE,4311,4311,DMA_HDMA,NO,ROM_SOURCE_STATIC_PROOF_ONLY
80:C0C4:E0M1X0,0040C4,8D1443,STA,ABS,WRITE,4314,4314,DMA_HDMA,NO,ROM_SOURCE_STATIC_PROOF_ONLY
80:C0C9:E0M1X0,0040C9,8D0B42,STA,ABS,WRITE,420B,420B,CPU_IO,NO,ROM_SOURCE_STATIC_PROOF_ONLY
80:C0D2:E0M0X0,0040D2,8D1621,STA,ABS,WRITE,2116,2116,PPU,NO,ROM_SOURCE_STATIC_PROOF_ONLY
80:C0DF:E0M0X0,0040DF,8D1821,STA,ABS,WRITE,2118,2118,PPU,NO,ROM_SOURCE_STATIC_PROOF_ONLY
80:C0E5:E0M0X0,0040E5,8D1621,STA,ABS,WRITE,2116,2116,PPU,NO,ROM_SOURCE_STATIC_PROOF_ONLY
80:C0F1:E0M0X0,0040F1,8D1821,STA,ABS,WRITE,2118,2118,PPU,NO,ROM_SOURCE_STATIC_PROOF_ONLY
80:C0F7:E0M0X0,0040F7,8D1621,STA,ABS,WRITE,2116,2116,PPU,NO,ROM_SOURCE_STATIC_PROOF_ONLY
80:C103:E0M0X0,004103,8D1821,STA,ABS,WRITE,2118,2118,PPU,NO,ROM_SOURCE_STATIC_PROOF_ONLY
80:C10E:E0M0X0,00410E,8D1621,STA,ABS,WRITE,2116,2116,PPU,NO,ROM_SOURCE_STATIC_PROOF_ONLY
80:C11A:E0M0X0,00411A,8D1821,STA,ABS,WRITE,2118,2118,PPU,NO,ROM_SOURCE_STATIC_PROOF_ONLY
80:C120:E0M0X0,004120,8D1621,STA,ABS,WRITE,2116,2116,PPU,NO,ROM_SOURCE_STATIC_PROOF_ONLY
80:C12C:E0M0X0,00412C,8D1821,STA,ABS,WRITE,2118,2118,PPU,NO,ROM_SOURCE_STATIC_PROOF_ONLY
80:C132:E0M0X0,004132,8D1621,STA,ABS,WRITE,2116,2116,PPU,NO,ROM_SOURCE_STATIC_PROOF_ONLY
80:C13E:E0M0X0,00413E,8D1821,STA,ABS,WRITE,2118,2118,PPU,NO,ROM_SOURCE_STATIC_PROOF_ONLY
80:C147:E0M1X0,004147,8D1521,STA,ABS,WRITE,2115,2115,PPU,NO,ROM_SOURCE_STATIC_PROOF_ONLY
80:C14F:E0M0X0,00414F,8D1621,STA,ABS,WRITE,2116,2116,PPU,NO,ROM_SOURCE_STATIC_PROOF_ONLY
80:C154:E0M0X0,004154,8D1821,STA,ABS,WRITE,2118,2118,PPU,NO,ROM_SOURCE_STATIC_PROOF_ONLY
80:C15F:E0M0X0,00415F,8D1621,STA,ABS,WRITE,2116,2116,PPU,NO,ROM_SOURCE_STATIC_PROOF_ONLY
80:C164:E0M0X0,004164,8D1821,STA,ABS,WRITE,2118,2118,PPU,NO,ROM_SOURCE_STATIC_PROOF_ONLY
80:C171:E0M1X1,004171,8D1521,STA,ABS,WRITE,2115,2115,PPU,NO,ROM_SOURCE_STATIC_PROOF_ONLY
80:C186:E0M0X0,004186,8D1621,STA,ABS,WRITE,2116,2116,PPU,NO,ROM_SOURCE_STATIC_PROOF_ONLY
80:C18C:E0M0X0,00418C,8D1821,STA,ABS,WRITE,2118,2118,PPU,NO,ROM_SOURCE_STATIC_PROOF_ONLY
80:C2BD:E0M1X1,0042BD,8D0721,STA,ABS,WRITE,2107,2107,PPU,NO,ROM_SOURCE_STATIC_PROOF_ONLY
80:C2C2:E0M1X1,0042C2,8D0821,STA,ABS,WRITE,2108,2108,PPU,NO,ROM_SOURCE_STATIC_PROOF_ONLY
80:C2C7:E0M1X1,0042C7,8D0B21,STA,ABS,WRITE,210B,210B,PPU,NO,ROM_SOURCE_STATIC_PROOF_ONLY
80:C2CA:E0M1X1,0042CA,9C3321,STZ,ABS,WRITE,2133,2133,PPU,NO,ROM_SOURCE_STATIC_PROOF_ONLY
80:C2D6:E0M1X1,0042D6,8E2C21,STX,ABS,WRITE,212C,212C,PPU,NO,ROM_SOURCE_STATIC_PROOF_ONLY
80:C2D9:E0M1X1,0042D9,9C2D21,STZ,ABS,WRITE,212D,212D,PPU,NO,ROM_SOURCE_STATIC_PROOF_ONLY
80:C2DE:E0M1X1,0042DE,8D0521,STA,ABS,WRITE,2105,2105,PPU,NO,ROM_SOURCE_STATIC_PROOF_ONLY
80:C2FC:E0M1X1,0042FC,9C3043,STZ,ABS,WRITE,4330,4330,DMA_HDMA,NO,ROM_SOURCE_STATIC_PROOF_ONLY
80:C301:E0M1X1,004301,8D3143,STA,ABS,WRITE,4331,4331,DMA_HDMA,NO,ROM_SOURCE_STATIC_PROOF_ONLY
80:C306:E0M1X1,004306,8D3443,STA,ABS,WRITE,4334,4334,DMA_HDMA,NO,ROM_SOURCE_STATIC_PROOF_ONLY
80:C30E:E0M0X0,00430E,8D3243,STA,ABS,WRITE,4332,4332,DMA_HDMA,NO,ROM_SOURCE_STATIC_PROOF_ONLY
80:C314:E0M0X0,004314,8D3543,STA,ABS,WRITE,4335,4335,DMA_HDMA,NO,ROM_SOURCE_STATIC_PROOF_ONLY
80:C5E8:E0M1X1,0045E8,8D1B21,STA,ABS,WRITE,211B,211B,PPU,NO,ROM_SOURCE_STATIC_PROOF_ONLY
80:C5EB:E0M1X1,0045EB,9C1B21,STZ,ABS,WRITE,211B,211B,PPU,NO,ROM_SOURCE_STATIC_PROOF_ONLY
80:C5F0:E0M1X1,0045F0,8D1C21,STA,ABS,WRITE,211C,211C,PPU,NO,ROM_SOURCE_STATIC_PROOF_ONLY
80:C5F3:E0M1X1,0045F3,AD3421,LDA,ABS,READ,2134,2134,PPU,NO,ROM_SOURCE_STATIC_PROOF_ONLY
80:C5F6:E0M1X1,0045F6,AE3521,LDX,ABS,READ,2135,2135,PPU,NO,ROM_SOURCE_STATIC_PROOF_ONLY
80:C741:E0M1X1,004741,9C4043,STZ,ABS,WRITE,4340,4340,DMA_HDMA,NO,ROM_SOURCE_STATIC_PROOF_ONLY
80:C746:E0M1X1,004746,8D4143,STA,ABS,WRITE,4341,4341,DMA_HDMA,NO,ROM_SOURCE_STATIC_PROOF_ONLY
80:C74B:E0M1X1,00474B,8D4443,STA,ABS,WRITE,4344,4344,DMA_HDMA,NO,ROM_SOURCE_STATIC_PROOF_ONLY
80:C96D:E0M0X0,00496D,8D1243,STA,ABS,WRITE,4312,4312,DMA_HDMA,NO,ROM_SOURCE_STATIC_PROOF_ONLY
80:C973:E0M0X0,004973,8D1543,STA,ABS,WRITE,4315,4315,DMA_HDMA,NO,ROM_SOURCE_STATIC_PROOF_ONLY
80:C97A:E0M1X1,00497A,8D1043,STA,ABS,WRITE,4310,4310,DMA_HDMA,NO,ROM_SOURCE_STATIC_PROOF_ONLY
80:C97F:E0M1X1,00497F,8D1143,STA,ABS,WRITE,4311,4311,DMA_HDMA,NO,ROM_SOURCE_STATIC_PROOF_ONLY
80:C984:E0M1X1,004984,8D1443,STA,ABS,WRITE,4314,4314,DMA_HDMA,NO,ROM_SOURCE_STATIC_PROOF_ONLY
80:C9CC:E0M1X1,0049CC,8D1521,STA,ABS,WRITE,2115,2115,PPU,NO,ROM_SOURCE_STATIC_PROOF_ONLY
80:CA3F:E0M0X0,004A3F,8D1621,STA,ABS,WRITE,2116,2116,PPU,NO,ROM_SOURCE_STATIC_PROOF_ONLY
80:CA48:E0M0X0,004A48,8D1821,STA,ABS,WRITE,2118,2118,PPU,NO,ROM_SOURCE_STATIC_PROOF_ONLY
80:CA4C:E0M0X0,004A4C,8D1821,STA,ABS,WRITE,2118,2118,PPU,NO,ROM_SOURCE_STATIC_PROOF_ONLY
80:CA57:E0M0X0,004A57,8D1621,STA,ABS,WRITE,2116,2116,PPU,NO,ROM_SOURCE_STATIC_PROOF_ONLY
80:CA5F:E0M0X0,004A5F,8D1821,STA,ABS,WRITE,2118,2118,PPU,NO,ROM_SOURCE_STATIC_PROOF_ONLY
80:CA63:E0M0X0,004A63,8D1821,STA,ABS,WRITE,2118,2118,PPU,NO,ROM_SOURCE_STATIC_PROOF_ONLY
80:CA6B:E0M1X0,004A6B,8D1521,STA,ABS,WRITE,2115,2115,PPU,NO,ROM_SOURCE_STATIC_PROOF_ONLY
80:CA92:E0M0X0,004A92,8E1621,STX,ABS,WRITE,2116,2116,PPU,NO,ROM_SOURCE_STATIC_PROOF_ONLY
80:CA98:E0M0X0,004A98,8D1821,STA,ABS,WRITE,2118,2118,PPU,NO,ROM_SOURCE_STATIC_PROOF_ONLY
80:CA9E:E0M0X0,004A9E,8D1821,STA,ABS,WRITE,2118,2118,PPU,NO,ROM_SOURCE_STATIC_PROOF_ONLY
80:CAA4:E0M0X0,004AA4,8D1821,STA,ABS,WRITE,2118,2118,PPU,NO,ROM_SOURCE_STATIC_PROOF_ONLY
80:CAAA:E0M0X0,004AAA,8D1821,STA,ABS,WRITE,2118,2118,PPU,NO,ROM_SOURCE_STATIC_PROOF_ONLY
80:CCF4:E0M0X0,004CF4,8D1621,STA,ABS,WRITE,2116,2116,PPU,NO,ROM_SOURCE_STATIC_PROOF_ONLY
80:CD08:E0M0X0,004D08,8D1821,STA,ABS,WRITE,2118,2118,PPU,NO,ROM_SOURCE_STATIC_PROOF_ONLY
80:CE5D:E0M1X1,004E5D,9C0221,STZ,ABS,WRITE,2102,2102,PPU,NO,ROM_SOURCE_STATIC_PROOF_ONLY
80:CE62:E0M1X1,004E62,8D0321,STA,ABS,WRITE,2103,2103,PPU,NO,ROM_SOURCE_STATIC_PROOF_ONLY
80:D4B2:E0M0X0,0054B2,8D8121,STA,ABS,WRITE,2181,2181,WRAM_PORT,NO,ROM_SOURCE_STATIC_PROOF_ONLY
80:D4C2:E0M0X0,0054C2,8D7543,STA,ABS,WRITE,4375,4375,DMA_HDMA,NO,ROM_SOURCE_STATIC_PROOF_ONLY
80:D4CA:E0M0X0,0054CA,8D7243,STA,ABS,WRITE,4372,4372,DMA_HDMA,NO,ROM_SOURCE_STATIC_PROOF_ONLY
80:D4E3:E0M0X0,0054E3,8D7543,STA,ABS,WRITE,4375,4375,DMA_HDMA,NO,ROM_SOURCE_STATIC_PROOF_ONLY
80:D4EB:E0M0X0,0054EB,8D7243,STA,ABS,WRITE,4372,4372,DMA_HDMA,NO,ROM_SOURCE_STATIC_PROOF_ONLY
80:D4FC:E0M1X0,0054FC,8D7443,STA,ABS,WRITE,4374,4374,DMA_HDMA,NO,ROM_SOURCE_STATIC_PROOF_ONLY
80:D4FF:E0M1X0,0054FF,9C7043,STZ,ABS,WRITE,4370,4370,DMA_HDMA,NO,ROM_SOURCE_STATIC_PROOF_ONLY
80:D504:E0M1X0,005504,8D7143,STA,ABS,WRITE,4371,4371,DMA_HDMA,NO,ROM_SOURCE_STATIC_PROOF_ONLY
80:D507:E0M1X0,005507,9C8321,STZ,ABS,WRITE,2183,2183,WRAM_PORT,NO,ROM_SOURCE_STATIC_PROOF_ONLY
80:D50C:E0M1X0,00550C,8D0B42,STA,ABS,WRITE,420B,420B,CPU_IO,NO,ROM_SOURCE_STATIC_PROOF_ONLY
80:D517:E0M0X0,005517,8D7543,STA,ABS,WRITE,4375,4375,DMA_HDMA,NO,ROM_SOURCE_STATIC_PROOF_ONLY
80:D51D:E0M0X0,00551D,8D7243,STA,ABS,WRITE,4372,4372,DMA_HDMA,NO,ROM_SOURCE_STATIC_PROOF_ONLY
80:D525:E0M1X0,005525,8D7443,STA,ABS,WRITE,4374,4374,DMA_HDMA,NO,ROM_SOURCE_STATIC_PROOF_ONLY
80:D528:E0M1X0,005528,9C7043,STZ,ABS,WRITE,4370,4370,DMA_HDMA,NO,ROM_SOURCE_STATIC_PROOF_ONLY
80:D52D:E0M1X0,00552D,8D7143,STA,ABS,WRITE,4371,4371,DMA_HDMA,NO,ROM_SOURCE_STATIC_PROOF_ONLY
80:D530:E0M1X0,005530,9C8321,STZ,ABS,WRITE,2183,2183,WRAM_PORT,NO,ROM_SOURCE_STATIC_PROOF_ONLY
80:D535:E0M1X0,005535,8D0B42,STA,ABS,WRITE,420B,420B,CPU_IO,NO,ROM_SOURCE_STATIC_PROOF_ONLY
80:D53F:E0M1X0,00553F,8D0242,STA,ABS,WRITE,4202,4202,CPU_IO,NO,ROM_SOURCE_STATIC_PROOF_ONLY
80:D544:E0M1X0,005544,8D0342,STA,ABS,WRITE,4203,4203,CPU_IO,NO,ROM_SOURCE_STATIC_PROOF_ONLY
80:D54C:E0M0X0,00554C,AD1642,LDA,ABS,READ,4216,4216,CPU_IO,NO,ROM_SOURCE_STATIC_PROOF_ONLY
80:D555:E0M1X0,005555,8D0242,STA,ABS,WRITE,4202,4202,CPU_IO,NO,ROM_SOURCE_STATIC_PROOF_ONLY
80:D55A:E0M1X0,00555A,8D0342,STA,ABS,WRITE,4203,4203,CPU_IO,NO,ROM_SOURCE_STATIC_PROOF_ONLY
80:D562:E0M0X0,005562,AD1642,LDA,ABS,READ,4216,4216,CPU_IO,NO,ROM_SOURCE_STATIC_PROOF_ONLY
80:D56B:E0M1X0,00556B,8D0242,STA,ABS,WRITE,4202,4202,CPU_IO,NO,ROM_SOURCE_STATIC_PROOF_ONLY
80:D570:E0M1X0,005570,8D0342,STA,ABS,WRITE,4203,4203,CPU_IO,NO,ROM_SOURCE_STATIC_PROOF_ONLY
80:D578:E0M0X0,005578,AD1642,LDA,ABS,READ,4216,4216,CPU_IO,NO,ROM_SOURCE_STATIC_PROOF_ONLY
80:D588:E0M1X0,005588,8D0242,STA,ABS,WRITE,4202,4202,CPU_IO,NO,ROM_SOURCE_STATIC_PROOF_ONLY
80:D58D:E0M1X0,00558D,8D0342,STA,ABS,WRITE,4203,4203,CPU_IO,NO,ROM_SOURCE_STATIC_PROOF_ONLY
80:D595:E0M0X0,005595,AD1642,LDA,ABS,READ,4216,4216,CPU_IO,NO,ROM_SOURCE_STATIC_PROOF_ONLY
80:DC80:E0M0X0,005C80,AD1242,LDA,ABS,READ,4212,4212,CPU_IO,NO,ROM_SOURCE_STATIC_PROOF_ONLY
80:DC93:E0M0X0,005C93,AD1842,LDA,ABS,READ,4218,4218,INPUT,NO,ROM_SOURCE_STATIC_PROOF_ONLY
80:DCAB:E0M0X0,005CAB,AD1A42,LDA,ABS,READ,421A,421A,INPUT,NO,ROM_SOURCE_STATIC_PROOF_ONLY
80:E3A6:E0M1X1,0063A6,8C0242,STY,ABS,WRITE,4202,4202,CPU_IO,NO,ROM_SOURCE_STATIC_PROOF_ONLY
80:E3AB:E0M1X1,0063AB,8D0342,STA,ABS,WRITE,4203,4203,CPU_IO,NO,ROM_SOURCE_STATIC_PROOF_ONLY
80:E3B4:E0M0X0,0063B4,6D1642,ADC,ABS,READ,4216,4216,CPU_IO,NO,ROM_SOURCE_STATIC_PROOF_ONLY
80:E877:E0M1X1,006877,8D0242,STA,ABS,WRITE,4202,4202,CPU_IO,NO,ROM_SOURCE_STATIC_PROOF_ONLY
80:E87C:E0M1X1,00687C,8D0342,STA,ABS,WRITE,4203,4203,CPU_IO,NO,ROM_SOURCE_STATIC_PROOF_ONLY
80:E884:E0M0X0,006884,6D1642,ADC,ABS,READ,4216,4216,CPU_IO,NO,ROM_SOURCE_STATIC_PROOF_ONLY
80:EA0E:E0M1X1,006A0E,8D0242,STA,ABS,WRITE,4202,4202,CPU_IO,NO,ROM_SOURCE_STATIC_PROOF_ONLY
80:EA13:E0M1X1,006A13,8D0342,STA,ABS,WRITE,4203,4203,CPU_IO,NO,ROM_SOURCE_STATIC_PROOF_ONLY
80:EA25:E0M0X0,006A25,6D1642,ADC,ABS,READ,4216,4216,CPU_IO,NO,ROM_SOURCE_STATIC_PROOF_ONLY
80:EA6F:E0M1X1,006A6F,8D1521,STA,ABS,WRITE,2115,2115,PPU,NO,ROM_SOURCE_STATIC_PROOF_ONLY
80:EA74:E0M1X1,006A74,8D0043,STA,ABS,WRITE,4300,4300,DMA_HDMA,NO,ROM_SOURCE_STATIC_PROOF_ONLY
80:EA77:E0M1X1,006A77,8D5043,STA,ABS,WRITE,4350,4350,DMA_HDMA,NO,ROM_SOURCE_STATIC_PROOF_ONLY
80:EA7C:E0M1X1,006A7C,8D0143,STA,ABS,WRITE,4301,4301,DMA_HDMA,NO,ROM_SOURCE_STATIC_PROOF_ONLY
80:EA7F:E0M1X1,006A7F,8D5143,STA,ABS,WRITE,4351,4351,DMA_HDMA,NO,ROM_SOURCE_STATIC_PROOF_ONLY
80:EA87:E0M0X0,006A87,8D1621,STA,ABS,WRITE,2116,2116,PPU,NO,ROM_SOURCE_STATIC_PROOF_ONLY
80:EA8D:E0M0X0,006A8D,8D0243,STA,ABS,WRITE,4302,4302,DMA_HDMA,NO,ROM_SOURCE_STATIC_PROOF_ONLY
80:EA93:E0M0X0,006A93,8D5243,STA,ABS,WRITE,4352,4352,DMA_HDMA,NO,ROM_SOURCE_STATIC_PROOF_ONLY
80:EA99:E0M0X0,006A99,8D0543,STA,ABS,WRITE,4305,4305,DMA_HDMA,NO,ROM_SOURCE_STATIC_PROOF_ONLY
80:EA9C:E0M0X0,006A9C,8D5543,STA,ABS,WRITE,4355,4355,DMA_HDMA,NO,ROM_SOURCE_STATIC_PROOF_ONLY
80:EAA3:E0M1X1,006AA3,8D0443,STA,ABS,WRITE,4304,4304,DMA_HDMA,NO,ROM_SOURCE_STATIC_PROOF_ONLY
80:EAA6:E0M1X1,006AA6,8D5443,STA,ABS,WRITE,4354,4354,DMA_HDMA,NO,ROM_SOURCE_STATIC_PROOF_ONLY
80:EAAB:E0M1X1,006AAB,8D0B42,STA,ABS,WRITE,420B,420B,CPU_IO,NO,ROM_SOURCE_STATIC_PROOF_ONLY
80:EAB5:E0M0X0,006AB5,8D1621,STA,ABS,WRITE,2116,2116,PPU,NO,ROM_SOURCE_STATIC_PROOF_ONLY
80:EABC:E0M1X1,006ABC,8D0B42,STA,ABS,WRITE,420B,420B,CPU_IO,NO,ROM_SOURCE_STATIC_PROOF_ONLY
80:EAC9:E0M0X0,006AC9,8D1621,STA,ABS,WRITE,2116,2116,PPU,NO,ROM_SOURCE_STATIC_PROOF_ONLY
80:EACF:E0M0X0,006ACF,8D0543,STA,ABS,WRITE,4305,4305,DMA_HDMA,NO,ROM_SOURCE_STATIC_PROOF_ONLY
80:EAD2:E0M0X0,006AD2,8D5543,STA,ABS,WRITE,4355,4355,DMA_HDMA,NO,ROM_SOURCE_STATIC_PROOF_ONLY
80:EAD9:E0M1X1,006AD9,8D0B42,STA,ABS,WRITE,420B,420B,CPU_IO,NO,ROM_SOURCE_STATIC_PROOF_ONLY
80:EAE3:E0M0X0,006AE3,8D1621,STA,ABS,WRITE,2116,2116,PPU,NO,ROM_SOURCE_STATIC_PROOF_ONLY
80:EAEA:E0M1X1,006AEA,8D0B42,STA,ABS,WRITE,420B,420B,CPU_IO,NO,ROM_SOURCE_STATIC_PROOF_ONLY
80:EAF3:E0M0X0,006AF3,8D1621,STA,ABS,WRITE,2116,2116,PPU,NO,ROM_SOURCE_STATIC_PROOF_ONLY
80:EAF9:E0M0X0,006AF9,8D0243,STA,ABS,WRITE,4302,4302,DMA_HDMA,NO,ROM_SOURCE_STATIC_PROOF_ONLY
80:EAFF:E0M0X0,006AFF,8D5243,STA,ABS,WRITE,4352,4352,DMA_HDMA,NO,ROM_SOURCE_STATIC_PROOF_ONLY
80:EB05:E0M0X0,006B05,8D0543,STA,ABS,WRITE,4305,4305,DMA_HDMA,NO,ROM_SOURCE_STATIC_PROOF_ONLY
80:EB08:E0M0X0,006B08,8D5543,STA,ABS,WRITE,4355,4355,DMA_HDMA,NO,ROM_SOURCE_STATIC_PROOF_ONLY
80:EB0F:E0M1X1,006B0F,8D0B42,STA,ABS,WRITE,420B,420B,CPU_IO,NO,ROM_SOURCE_STATIC_PROOF_ONLY
80:EB1A:E0M0X0,006B1A,8D1621,STA,ABS,WRITE,2116,2116,PPU,NO,ROM_SOURCE_STATIC_PROOF_ONLY
80:EB21:E0M1X1,006B21,8D0B42,STA,ABS,WRITE,420B,420B,CPU_IO,NO,ROM_SOURCE_STATIC_PROOF_ONLY
80:EB2F:E0M0X0,006B2F,8D1621,STA,ABS,WRITE,2116,2116,PPU,NO,ROM_SOURCE_STATIC_PROOF_ONLY
80:EB35:E0M0X0,006B35,8D0543,STA,ABS,WRITE,4305,4305,DMA_HDMA,NO,ROM_SOURCE_STATIC_PROOF_ONLY
80:EB38:E0M0X0,006B38,8D5543,STA,ABS,WRITE,4355,4355,DMA_HDMA,NO,ROM_SOURCE_STATIC_PROOF_ONLY
80:EB3F:E0M1X1,006B3F,8D0B42,STA,ABS,WRITE,420B,420B,CPU_IO,NO,ROM_SOURCE_STATIC_PROOF_ONLY
80:EB4A:E0M0X0,006B4A,8D1621,STA,ABS,WRITE,2116,2116,PPU,NO,ROM_SOURCE_STATIC_PROOF_ONLY
80:EB51:E0M1X1,006B51,8D0B42,STA,ABS,WRITE,420B,420B,CPU_IO,NO,ROM_SOURCE_STATIC_PROOF_ONLY
80:EB5B:E0M1X1,006B5B,8D1521,STA,ABS,WRITE,2115,2115,PPU,NO,ROM_SOURCE_STATIC_PROOF_ONLY
80:EB60:E0M1X1,006B60,8D0043,STA,ABS,WRITE,4300,4300,DMA_HDMA,NO,ROM_SOURCE_STATIC_PROOF_ONLY
80:EB65:E0M1X1,006B65,8D0143,STA,ABS,WRITE,4301,4301,DMA_HDMA,NO,ROM_SOURCE_STATIC_PROOF_ONLY
80:EB6D:E0M0X0,006B6D,8D1621,STA,ABS,WRITE,2116,2116,PPU,NO,ROM_SOURCE_STATIC_PROOF_ONLY
80:EB73:E0M0X0,006B73,8D0243,STA,ABS,WRITE,4302,4302,DMA_HDMA,NO,ROM_SOURCE_STATIC_PROOF_ONLY
80:EB79:E0M0X0,006B79,8D0543,STA,ABS,WRITE,4305,4305,DMA_HDMA,NO,ROM_SOURCE_STATIC_PROOF_ONLY
80:EB80:E0M1X1,006B80,8D0443,STA,ABS,WRITE,4304,4304,DMA_HDMA,NO,ROM_SOURCE_STATIC_PROOF_ONLY
80:EB85:E0M1X1,006B85,8D0B42,STA,ABS,WRITE,420B,420B,CPU_IO,NO,ROM_SOURCE_STATIC_PROOF_ONLY
80:EB8D:E0M0X0,006B8D,8D1621,STA,ABS,WRITE,2116,2116,PPU,NO,ROM_SOURCE_STATIC_PROOF_ONLY
80:EB93:E0M0X0,006B93,8D0543,STA,ABS,WRITE,4305,4305,DMA_HDMA,NO,ROM_SOURCE_STATIC_PROOF_ONLY
80:EB9A:E0M1X1,006B9A,8D0B42,STA,ABS,WRITE,420B,420B,CPU_IO,NO,ROM_SOURCE_STATIC_PROOF_ONLY
80:EBA7:E0M0X0,006BA7,8D1621,STA,ABS,WRITE,2116,2116,PPU,NO,ROM_SOURCE_STATIC_PROOF_ONLY
80:EBAD:E0M0X0,006BAD,8D0543,STA,ABS,WRITE,4305,4305,DMA_HDMA,NO,ROM_SOURCE_STATIC_PROOF_ONLY
80:EBB4:E0M1X1,006BB4,8D0B42,STA,ABS,WRITE,420B,420B,CPU_IO,NO,ROM_SOURCE_STATIC_PROOF_ONLY
80:EBC0:E0M0X0,006BC0,8D1621,STA,ABS,WRITE,2116,2116,PPU,NO,ROM_SOURCE_STATIC_PROOF_ONLY
80:EBC6:E0M0X0,006BC6,8D0243,STA,ABS,WRITE,4302,4302,DMA_HDMA,NO,ROM_SOURCE_STATIC_PROOF_ONLY
80:EBCC:E0M0X0,006BCC,8D0543,STA,ABS,WRITE,4305,4305,DMA_HDMA,NO,ROM_SOURCE_STATIC_PROOF_ONLY
80:EBD3:E0M1X1,006BD3,8D0B42,STA,ABS,WRITE,420B,420B,CPU_IO,NO,ROM_SOURCE_STATIC_PROOF_ONLY
80:EBDF:E0M0X0,006BDF,8D1621,STA,ABS,WRITE,2116,2116,PPU,NO,ROM_SOURCE_STATIC_PROOF_ONLY
80:EBE5:E0M0X0,006BE5,8D0543,STA,ABS,WRITE,4305,4305,DMA_HDMA,NO,ROM_SOURCE_STATIC_PROOF_ONLY
80:EBEC:E0M1X1,006BEC,8D0B42,STA,ABS,WRITE,420B,420B,CPU_IO,NO,ROM_SOURCE_STATIC_PROOF_ONLY
80:EBFD:E0M0X0,006BFD,8D1621,STA,ABS,WRITE,2116,2116,PPU,NO,ROM_SOURCE_STATIC_PROOF_ONLY
80:EC03:E0M0X0,006C03,8D0543,STA,ABS,WRITE,4305,4305,DMA_HDMA,NO,ROM_SOURCE_STATIC_PROOF_ONLY
80:EC0A:E0M1X1,006C0A,8D0B42,STA,ABS,WRITE,420B,420B,CPU_IO,NO,ROM_SOURCE_STATIC_PROOF_ONLY
80:EE26:E0M1X1,006E26,8D1521,STA,ABS,WRITE,2115,2115,PPU,NO,ROM_SOURCE_STATIC_PROOF_ONLY
80:EE2B:E0M1X1,006E2B,8D0043,STA,ABS,WRITE,4300,4300,DMA_HDMA,NO,ROM_SOURCE_STATIC_PROOF_ONLY
80:EE2E:E0M1X1,006E2E,8D5043,STA,ABS,WRITE,4350,4350,DMA_HDMA,NO,ROM_SOURCE_STATIC_PROOF_ONLY
80:EE33:E0M1X1,006E33,8D0143,STA,ABS,WRITE,4301,4301,DMA_HDMA,NO,ROM_SOURCE_STATIC_PROOF_ONLY
80:EE36:E0M1X1,006E36,8D5143,STA,ABS,WRITE,4351,4351,DMA_HDMA,NO,ROM_SOURCE_STATIC_PROOF_ONLY
80:EE3E:E0M0X0,006E3E,8D1621,STA,ABS,WRITE,2116,2116,PPU,NO,ROM_SOURCE_STATIC_PROOF_ONLY
80:EE44:E0M0X0,006E44,8D0243,STA,ABS,WRITE,4302,4302,DMA_HDMA,NO,ROM_SOURCE_STATIC_PROOF_ONLY
80:EE4A:E0M0X0,006E4A,8D5243,STA,ABS,WRITE,4352,4352,DMA_HDMA,NO,ROM_SOURCE_STATIC_PROOF_ONLY
80:EE50:E0M0X0,006E50,8D0543,STA,ABS,WRITE,4305,4305,DMA_HDMA,NO,ROM_SOURCE_STATIC_PROOF_ONLY
80:EE53:E0M0X0,006E53,8D5543,STA,ABS,WRITE,4355,4355,DMA_HDMA,NO,ROM_SOURCE_STATIC_PROOF_ONLY
80:EE5A:E0M1X1,006E5A,8D0443,STA,ABS,WRITE,4304,4304,DMA_HDMA,NO,ROM_SOURCE_STATIC_PROOF_ONLY
80:EE5D:E0M1X1,006E5D,8D5443,STA,ABS,WRITE,4354,4354,DMA_HDMA,NO,ROM_SOURCE_STATIC_PROOF_ONLY
80:EE62:E0M1X1,006E62,8D0B42,STA,ABS,WRITE,420B,420B,CPU_IO,NO,ROM_SOURCE_STATIC_PROOF_ONLY
80:EE6C:E0M0X0,006E6C,8D1621,STA,ABS,WRITE,2116,2116,PPU,NO,ROM_SOURCE_STATIC_PROOF_ONLY
80:EE73:E0M1X1,006E73,8D0B42,STA,ABS,WRITE,420B,420B,CPU_IO,NO,ROM_SOURCE_STATIC_PROOF_ONLY
80:EE80:E0M0X0,006E80,8D1621,STA,ABS,WRITE,2116,2116,PPU,NO,ROM_SOURCE_STATIC_PROOF_ONLY
80:EE86:E0M0X0,006E86,8D0543,STA,ABS,WRITE,4305,4305,DMA_HDMA,NO,ROM_SOURCE_STATIC_PROOF_ONLY
80:EE89:E0M0X0,006E89,8D5543,STA,ABS,WRITE,4355,4355,DMA_HDMA,NO,ROM_SOURCE_STATIC_PROOF_ONLY
80:EE90:E0M1X1,006E90,8D0B42,STA,ABS,WRITE,420B,420B,CPU_IO,NO,ROM_SOURCE_STATIC_PROOF_ONLY
80:EE9A:E0M0X0,006E9A,8D1621,STA,ABS,WRITE,2116,2116,PPU,NO,ROM_SOURCE_STATIC_PROOF_ONLY
80:EEA1:E0M1X1,006EA1,8D0B42,STA,ABS,WRITE,420B,420B,CPU_IO,NO,ROM_SOURCE_STATIC_PROOF_ONLY
80:EEAA:E0M0X0,006EAA,8D1621,STA,ABS,WRITE,2116,2116,PPU,NO,ROM_SOURCE_STATIC_PROOF_ONLY
80:EEB0:E0M0X0,006EB0,8D0243,STA,ABS,WRITE,4302,4302,DMA_HDMA,NO,ROM_SOURCE_STATIC_PROOF_ONLY
80:EEB6:E0M0X0,006EB6,8D5243,STA,ABS,WRITE,4352,4352,DMA_HDMA,NO,ROM_SOURCE_STATIC_PROOF_ONLY
80:EEBC:E0M0X0,006EBC,8D0543,STA,ABS,WRITE,4305,4305,DMA_HDMA,NO,ROM_SOURCE_STATIC_PROOF_ONLY
80:EEBF:E0M0X0,006EBF,8D5543,STA,ABS,WRITE,4355,4355,DMA_HDMA,NO,ROM_SOURCE_STATIC_PROOF_ONLY
80:EEC6:E0M1X1,006EC6,8D0B42,STA,ABS,WRITE,420B,420B,CPU_IO,NO,ROM_SOURCE_STATIC_PROOF_ONLY
80:EED1:E0M0X0,006ED1,8D1621,STA,ABS,WRITE,2116,2116,PPU,NO,ROM_SOURCE_STATIC_PROOF_ONLY
80:EED8:E0M1X1,006ED8,8D0B42,STA,ABS,WRITE,420B,420B,CPU_IO,NO,ROM_SOURCE_STATIC_PROOF_ONLY
80:EEE6:E0M0X0,006EE6,8D1621,STA,ABS,WRITE,2116,2116,PPU,NO,ROM_SOURCE_STATIC_PROOF_ONLY
80:EEEC:E0M0X0,006EEC,8D0543,STA,ABS,WRITE,4305,4305,DMA_HDMA,NO,ROM_SOURCE_STATIC_PROOF_ONLY
80:EEEF:E0M0X0,006EEF,8D5543,STA,ABS,WRITE,4355,4355,DMA_HDMA,NO,ROM_SOURCE_STATIC_PROOF_ONLY
80:EEF6:E0M1X1,006EF6,8D0B42,STA,ABS,WRITE,420B,420B,CPU_IO,NO,ROM_SOURCE_STATIC_PROOF_ONLY
80:EF01:E0M0X0,006F01,8D1621,STA,ABS,WRITE,2116,2116,PPU,NO,ROM_SOURCE_STATIC_PROOF_ONLY
80:EF08:E0M1X1,006F08,8D0B42,STA,ABS,WRITE,420B,420B,CPU_IO,NO,ROM_SOURCE_STATIC_PROOF_ONLY
80:EF12:E0M1X1,006F12,8D1521,STA,ABS,WRITE,2115,2115,PPU,NO,ROM_SOURCE_STATIC_PROOF_ONLY
80:EF17:E0M1X1,006F17,8D0043,STA,ABS,WRITE,4300,4300,DMA_HDMA,NO,ROM_SOURCE_STATIC_PROOF_ONLY
80:EF1C:E0M1X1,006F1C,8D0143,STA,ABS,WRITE,4301,4301,DMA_HDMA,NO,ROM_SOURCE_STATIC_PROOF_ONLY
80:EF24:E0M0X0,006F24,8D1621,STA,ABS,WRITE,2116,2116,PPU,NO,ROM_SOURCE_STATIC_PROOF_ONLY
80:EF2A:E0M0X0,006F2A,8D0243,STA,ABS,WRITE,4302,4302,DMA_HDMA,NO,ROM_SOURCE_STATIC_PROOF_ONLY
80:EF30:E0M0X0,006F30,8D0543,STA,ABS,WRITE,4305,4305,DMA_HDMA,NO,ROM_SOURCE_STATIC_PROOF_ONLY
80:EF37:E0M1X1,006F37,8D0443,STA,ABS,WRITE,4304,4304,DMA_HDMA,NO,ROM_SOURCE_STATIC_PROOF_ONLY
80:EF3C:E0M1X1,006F3C,8D0B42,STA,ABS,WRITE,420B,420B,CPU_IO,NO,ROM_SOURCE_STATIC_PROOF_ONLY
80:EF44:E0M0X0,006F44,8D1621,STA,ABS,WRITE,2116,2116,PPU,NO,ROM_SOURCE_STATIC_PROOF_ONLY
80:EF4A:E0M0X0,006F4A,8D0543,STA,ABS,WRITE,4305,4305,DMA_HDMA,NO,ROM_SOURCE_STATIC_PROOF_ONLY
80:EF51:E0M1X1,006F51,8D0B42,STA,ABS,WRITE,420B,420B,CPU_IO,NO,ROM_SOURCE_STATIC_PROOF_ONLY
80:EF5E:E0M0X0,006F5E,8D1621,STA,ABS,WRITE,2116,2116,PPU,NO,ROM_SOURCE_STATIC_PROOF_ONLY
80:EF64:E0M0X0,006F64,8D0543,STA,ABS,WRITE,4305,4305,DMA_HDMA,NO,ROM_SOURCE_STATIC_PROOF_ONLY
80:EF6B:E0M1X1,006F6B,8D0B42,STA,ABS,WRITE,420B,420B,CPU_IO,NO,ROM_SOURCE_STATIC_PROOF_ONLY
80:EF77:E0M0X0,006F77,8D1621,STA,ABS,WRITE,2116,2116,PPU,NO,ROM_SOURCE_STATIC_PROOF_ONLY
80:EF7D:E0M0X0,006F7D,8D0243,STA,ABS,WRITE,4302,4302,DMA_HDMA,NO,ROM_SOURCE_STATIC_PROOF_ONLY
80:EF83:E0M0X0,006F83,8D0543,STA,ABS,WRITE,4305,4305,DMA_HDMA,NO,ROM_SOURCE_STATIC_PROOF_ONLY
80:EF8A:E0M1X1,006F8A,8D0B42,STA,ABS,WRITE,420B,420B,CPU_IO,NO,ROM_SOURCE_STATIC_PROOF_ONLY
80:EF96:E0M0X0,006F96,8D1621,STA,ABS,WRITE,2116,2116,PPU,NO,ROM_SOURCE_STATIC_PROOF_ONLY
80:EF9C:E0M0X0,006F9C,8D0543,STA,ABS,WRITE,4305,4305,DMA_HDMA,NO,ROM_SOURCE_STATIC_PROOF_ONLY
80:EFA3:E0M1X1,006FA3,8D0B42,STA,ABS,WRITE,420B,420B,CPU_IO,NO,ROM_SOURCE_STATIC_PROOF_ONLY
80:EFB4:E0M0X0,006FB4,8D1621,STA,ABS,WRITE,2116,2116,PPU,NO,ROM_SOURCE_STATIC_PROOF_ONLY
80:EFBA:E0M0X0,006FBA,8D0543,STA,ABS,WRITE,4305,4305,DMA_HDMA,NO,ROM_SOURCE_STATIC_PROOF_ONLY
80:EFC1:E0M1X1,006FC1,8D0B42,STA,ABS,WRITE,420B,420B,CPU_IO,NO,ROM_SOURCE_STATIC_PROOF_ONLY
80:F298:E0M1X1,007298,8D1521,STA,ABS,WRITE,2115,2115,PPU,NO,ROM_SOURCE_STATIC_PROOF_ONLY
80:F29D:E0M1X1,00729D,8D0043,STA,ABS,WRITE,4300,4300,DMA_HDMA,NO,ROM_SOURCE_STATIC_PROOF_ONLY
80:F2A0:E0M1X1,0072A0,8D5043,STA,ABS,WRITE,4350,4350,DMA_HDMA,NO,ROM_SOURCE_STATIC_PROOF_ONLY
80:F2A5:E0M1X1,0072A5,8D0143,STA,ABS,WRITE,4301,4301,DMA_HDMA,NO,ROM_SOURCE_STATIC_PROOF_ONLY
80:F2A8:E0M1X1,0072A8,8D5143,STA,ABS,WRITE,4351,4351,DMA_HDMA,NO,ROM_SOURCE_STATIC_PROOF_ONLY
80:F2B0:E0M0X0,0072B0,8D1621,STA,ABS,WRITE,2116,2116,PPU,NO,ROM_SOURCE_STATIC_PROOF_ONLY
80:F2B6:E0M0X0,0072B6,8D0243,STA,ABS,WRITE,4302,4302,DMA_HDMA,NO,ROM_SOURCE_STATIC_PROOF_ONLY
80:F2BC:E0M0X0,0072BC,8D5243,STA,ABS,WRITE,4352,4352,DMA_HDMA,NO,ROM_SOURCE_STATIC_PROOF_ONLY
80:F2C2:E0M0X0,0072C2,8D0543,STA,ABS,WRITE,4305,4305,DMA_HDMA,NO,ROM_SOURCE_STATIC_PROOF_ONLY
80:F2C5:E0M0X0,0072C5,8D5543,STA,ABS,WRITE,4355,4355,DMA_HDMA,NO,ROM_SOURCE_STATIC_PROOF_ONLY
80:F2CC:E0M1X1,0072CC,8D0443,STA,ABS,WRITE,4304,4304,DMA_HDMA,NO,ROM_SOURCE_STATIC_PROOF_ONLY
80:F2CF:E0M1X1,0072CF,8D5443,STA,ABS,WRITE,4354,4354,DMA_HDMA,NO,ROM_SOURCE_STATIC_PROOF_ONLY
80:F2D4:E0M1X1,0072D4,8D0B42,STA,ABS,WRITE,420B,420B,CPU_IO,NO,ROM_SOURCE_STATIC_PROOF_ONLY
80:F2DE:E0M0X0,0072DE,8D1621,STA,ABS,WRITE,2116,2116,PPU,NO,ROM_SOURCE_STATIC_PROOF_ONLY
80:F2E5:E0M1X1,0072E5,8D0B42,STA,ABS,WRITE,420B,420B,CPU_IO,NO,ROM_SOURCE_STATIC_PROOF_ONLY
80:F2F2:E0M0X0,0072F2,8D1621,STA,ABS,WRITE,2116,2116,PPU,NO,ROM_SOURCE_STATIC_PROOF_ONLY
80:F2F8:E0M0X0,0072F8,8D0543,STA,ABS,WRITE,4305,4305,DMA_HDMA,NO,ROM_SOURCE_STATIC_PROOF_ONLY
80:F2FB:E0M0X0,0072FB,8D5543,STA,ABS,WRITE,4355,4355,DMA_HDMA,NO,ROM_SOURCE_STATIC_PROOF_ONLY
80:F302:E0M1X1,007302,8D0B42,STA,ABS,WRITE,420B,420B,CPU_IO,NO,ROM_SOURCE_STATIC_PROOF_ONLY
80:F30C:E0M0X0,00730C,8D1621,STA,ABS,WRITE,2116,2116,PPU,NO,ROM_SOURCE_STATIC_PROOF_ONLY
80:F313:E0M1X1,007313,8D0B42,STA,ABS,WRITE,420B,420B,CPU_IO,NO,ROM_SOURCE_STATIC_PROOF_ONLY
80:F31C:E0M0X0,00731C,8D1621,STA,ABS,WRITE,2116,2116,PPU,NO,ROM_SOURCE_STATIC_PROOF_ONLY
80:F322:E0M0X0,007322,8D0243,STA,ABS,WRITE,4302,4302,DMA_HDMA,NO,ROM_SOURCE_STATIC_PROOF_ONLY
80:F328:E0M0X0,007328,8D5243,STA,ABS,WRITE,4352,4352,DMA_HDMA,NO,ROM_SOURCE_STATIC_PROOF_ONLY
80:F32E:E0M0X0,00732E,8D0543,STA,ABS,WRITE,4305,4305,DMA_HDMA,NO,ROM_SOURCE_STATIC_PROOF_ONLY
80:F331:E0M0X0,007331,8D5543,STA,ABS,WRITE,4355,4355,DMA_HDMA,NO,ROM_SOURCE_STATIC_PROOF_ONLY
80:F338:E0M1X1,007338,8D0B42,STA,ABS,WRITE,420B,420B,CPU_IO,NO,ROM_SOURCE_STATIC_PROOF_ONLY
80:F343:E0M0X0,007343,8D1621,STA,ABS,WRITE,2116,2116,PPU,NO,ROM_SOURCE_STATIC_PROOF_ONLY
80:F34A:E0M1X1,00734A,8D0B42,STA,ABS,WRITE,420B,420B,CPU_IO,NO,ROM_SOURCE_STATIC_PROOF_ONLY
80:F358:E0M0X0,007358,8D1621,STA,ABS,WRITE,2116,2116,PPU,NO,ROM_SOURCE_STATIC_PROOF_ONLY
80:F35E:E0M0X0,00735E,8D0543,STA,ABS,WRITE,4305,4305,DMA_HDMA,NO,ROM_SOURCE_STATIC_PROOF_ONLY
80:F361:E0M0X0,007361,8D5543,STA,ABS,WRITE,4355,4355,DMA_HDMA,NO,ROM_SOURCE_STATIC_PROOF_ONLY
80:F368:E0M1X1,007368,8D0B42,STA,ABS,WRITE,420B,420B,CPU_IO,NO,ROM_SOURCE_STATIC_PROOF_ONLY
80:F373:E0M0X0,007373,8D1621,STA,ABS,WRITE,2116,2116,PPU,NO,ROM_SOURCE_STATIC_PROOF_ONLY
80:F37A:E0M1X1,00737A,8D0B42,STA,ABS,WRITE,420B,420B,CPU_IO,NO,ROM_SOURCE_STATIC_PROOF_ONLY
80:F384:E0M1X1,007384,8D1521,STA,ABS,WRITE,2115,2115,PPU,NO,ROM_SOURCE_STATIC_PROOF_ONLY
80:F389:E0M1X1,007389,8D0043,STA,ABS,WRITE,4300,4300,DMA_HDMA,NO,ROM_SOURCE_STATIC_PROOF_ONLY
80:F38E:E0M1X1,00738E,8D0143,STA,ABS,WRITE,4301,4301,DMA_HDMA,NO,ROM_SOURCE_STATIC_PROOF_ONLY
80:F396:E0M0X0,007396,8D1621,STA,ABS,WRITE,2116,2116,PPU,NO,ROM_SOURCE_STATIC_PROOF_ONLY
80:F39C:E0M0X0,00739C,8D0243,STA,ABS,WRITE,4302,4302,DMA_HDMA,NO,ROM_SOURCE_STATIC_PROOF_ONLY
80:F3A2:E0M0X0,0073A2,8D0543,STA,ABS,WRITE,4305,4305,DMA_HDMA,NO,ROM_SOURCE_STATIC_PROOF_ONLY
80:F3A9:E0M1X1,0073A9,8D0443,STA,ABS,WRITE,4304,4304,DMA_HDMA,NO,ROM_SOURCE_STATIC_PROOF_ONLY
80:F3AE:E0M1X1,0073AE,8D0B42,STA,ABS,WRITE,420B,420B,CPU_IO,NO,ROM_SOURCE_STATIC_PROOF_ONLY
80:F3B6:E0M0X0,0073B6,8D1621,STA,ABS,WRITE,2116,2116,PPU,NO,ROM_SOURCE_STATIC_PROOF_ONLY
80:F3BC:E0M0X0,0073BC,8D0543,STA,ABS,WRITE,4305,4305,DMA_HDMA,NO,ROM_SOURCE_STATIC_PROOF_ONLY
80:F3C3:E0M1X1,0073C3,8D0B42,STA,ABS,WRITE,420B,420B,CPU_IO,NO,ROM_SOURCE_STATIC_PROOF_ONLY
80:F3D0:E0M0X0,0073D0,8D1621,STA,ABS,WRITE,2116,2116,PPU,NO,ROM_SOURCE_STATIC_PROOF_ONLY
80:F3D6:E0M0X0,0073D6,8D0543,STA,ABS,WRITE,4305,4305,DMA_HDMA,NO,ROM_SOURCE_STATIC_PROOF_ONLY
80:F3DD:E0M1X1,0073DD,8D0B42,STA,ABS,WRITE,420B,420B,CPU_IO,NO,ROM_SOURCE_STATIC_PROOF_ONLY
80:F3E9:E0M0X0,0073E9,8D1621,STA,ABS,WRITE,2116,2116,PPU,NO,ROM_SOURCE_STATIC_PROOF_ONLY
80:F3EF:E0M0X0,0073EF,8D0243,STA,ABS,WRITE,4302,4302,DMA_HDMA,NO,ROM_SOURCE_STATIC_PROOF_ONLY
80:F3F5:E0M0X0,0073F5,8D0543,STA,ABS,WRITE,4305,4305,DMA_HDMA,NO,ROM_SOURCE_STATIC_PROOF_ONLY
80:F3FC:E0M1X1,0073FC,8D0B42,STA,ABS,WRITE,420B,420B,CPU_IO,NO,ROM_SOURCE_STATIC_PROOF_ONLY
80:F408:E0M0X0,007408,8D1621,STA,ABS,WRITE,2116,2116,PPU,NO,ROM_SOURCE_STATIC_PROOF_ONLY
80:F40E:E0M0X0,00740E,8D0543,STA,ABS,WRITE,4305,4305,DMA_HDMA,NO,ROM_SOURCE_STATIC_PROOF_ONLY
80:F415:E0M1X1,007415,8D0B42,STA,ABS,WRITE,420B,420B,CPU_IO,NO,ROM_SOURCE_STATIC_PROOF_ONLY
80:F426:E0M0X0,007426,8D1621,STA,ABS,WRITE,2116,2116,PPU,NO,ROM_SOURCE_STATIC_PROOF_ONLY
80:F42C:E0M0X0,00742C,8D0543,STA,ABS,WRITE,4305,4305,DMA_HDMA,NO,ROM_SOURCE_STATIC_PROOF_ONLY
80:F433:E0M1X1,007433,8D0B42,STA,ABS,WRITE,420B,420B,CPU_IO,NO,ROM_SOURCE_STATIC_PROOF_ONLY
80:F64F:E0M1X1,00764F,8D1521,STA,ABS,WRITE,2115,2115,PPU,NO,ROM_SOURCE_STATIC_PROOF_ONLY
80:F654:E0M1X1,007654,8D0043,STA,ABS,WRITE,4300,4300,DMA_HDMA,NO,ROM_SOURCE_STATIC_PROOF_ONLY
80:F657:E0M1X1,007657,8D5043,STA,ABS,WRITE,4350,4350,DMA_HDMA,NO,ROM_SOURCE_STATIC_PROOF_ONLY
80:F65C:E0M1X1,00765C,8D0143,STA,ABS,WRITE,4301,4301,DMA_HDMA,NO,ROM_SOURCE_STATIC_PROOF_ONLY
80:F65F:E0M1X1,00765F,8D5143,STA,ABS,WRITE,4351,4351,DMA_HDMA,NO,ROM_SOURCE_STATIC_PROOF_ONLY
80:F667:E0M0X0,007667,8D1621,STA,ABS,WRITE,2116,2116,PPU,NO,ROM_SOURCE_STATIC_PROOF_ONLY
80:F66D:E0M0X0,00766D,8D0243,STA,ABS,WRITE,4302,4302,DMA_HDMA,NO,ROM_SOURCE_STATIC_PROOF_ONLY
80:F673:E0M0X0,007673,8D5243,STA,ABS,WRITE,4352,4352,DMA_HDMA,NO,ROM_SOURCE_STATIC_PROOF_ONLY
80:F679:E0M0X0,007679,8D0543,STA,ABS,WRITE,4305,4305,DMA_HDMA,NO,ROM_SOURCE_STATIC_PROOF_ONLY
80:F67C:E0M0X0,00767C,8D5543,STA,ABS,WRITE,4355,4355,DMA_HDMA,NO,ROM_SOURCE_STATIC_PROOF_ONLY
80:F683:E0M1X1,007683,8D0443,STA,ABS,WRITE,4304,4304,DMA_HDMA,NO,ROM_SOURCE_STATIC_PROOF_ONLY
80:F686:E0M1X1,007686,8D5443,STA,ABS,WRITE,4354,4354,DMA_HDMA,NO,ROM_SOURCE_STATIC_PROOF_ONLY
80:F68B:E0M1X1,00768B,8D0B42,STA,ABS,WRITE,420B,420B,CPU_IO,NO,ROM_SOURCE_STATIC_PROOF_ONLY
80:F695:E0M0X0,007695,8D1621,STA,ABS,WRITE,2116,2116,PPU,NO,ROM_SOURCE_STATIC_PROOF_ONLY
80:F69C:E0M1X1,00769C,8D0B42,STA,ABS,WRITE,420B,420B,CPU_IO,NO,ROM_SOURCE_STATIC_PROOF_ONLY
80:F6A9:E0M0X0,0076A9,8D1621,STA,ABS,WRITE,2116,2116,PPU,NO,ROM_SOURCE_STATIC_PROOF_ONLY
80:F6AF:E0M0X0,0076AF,8D0543,STA,ABS,WRITE,4305,4305,DMA_HDMA,NO,ROM_SOURCE_STATIC_PROOF_ONLY
80:F6B2:E0M0X0,0076B2,8D5543,STA,ABS,WRITE,4355,4355,DMA_HDMA,NO,ROM_SOURCE_STATIC_PROOF_ONLY
80:F6B9:E0M1X1,0076B9,8D0B42,STA,ABS,WRITE,420B,420B,CPU_IO,NO,ROM_SOURCE_STATIC_PROOF_ONLY
80:F6C3:E0M0X0,0076C3,8D1621,STA,ABS,WRITE,2116,2116,PPU,NO,ROM_SOURCE_STATIC_PROOF_ONLY
80:F6CA:E0M1X1,0076CA,8D0B42,STA,ABS,WRITE,420B,420B,CPU_IO,NO,ROM_SOURCE_STATIC_PROOF_ONLY
80:F6D3:E0M0X0,0076D3,8D1621,STA,ABS,WRITE,2116,2116,PPU,NO,ROM_SOURCE_STATIC_PROOF_ONLY
80:F6D9:E0M0X0,0076D9,8D0243,STA,ABS,WRITE,4302,4302,DMA_HDMA,NO,ROM_SOURCE_STATIC_PROOF_ONLY
80:F6DF:E0M0X0,0076DF,8D5243,STA,ABS,WRITE,4352,4352,DMA_HDMA,NO,ROM_SOURCE_STATIC_PROOF_ONLY
80:F6E5:E0M0X0,0076E5,8D0543,STA,ABS,WRITE,4305,4305,DMA_HDMA,NO,ROM_SOURCE_STATIC_PROOF_ONLY
80:F6E8:E0M0X0,0076E8,8D5543,STA,ABS,WRITE,4355,4355,DMA_HDMA,NO,ROM_SOURCE_STATIC_PROOF_ONLY
80:F6EF:E0M1X1,0076EF,8D0B42,STA,ABS,WRITE,420B,420B,CPU_IO,NO,ROM_SOURCE_STATIC_PROOF_ONLY
80:F6FA:E0M0X0,0076FA,8D1621,STA,ABS,WRITE,2116,2116,PPU,NO,ROM_SOURCE_STATIC_PROOF_ONLY
80:F701:E0M1X1,007701,8D0B42,STA,ABS,WRITE,420B,420B,CPU_IO,NO,ROM_SOURCE_STATIC_PROOF_ONLY
80:F70F:E0M0X0,00770F,8D1621,STA,ABS,WRITE,2116,2116,PPU,NO,ROM_SOURCE_STATIC_PROOF_ONLY
80:F715:E0M0X0,007715,8D0543,STA,ABS,WRITE,4305,4305,DMA_HDMA,NO,ROM_SOURCE_STATIC_PROOF_ONLY
80:F718:E0M0X0,007718,8D5543,STA,ABS,WRITE,4355,4355,DMA_HDMA,NO,ROM_SOURCE_STATIC_PROOF_ONLY
80:F71F:E0M1X1,00771F,8D0B42,STA,ABS,WRITE,420B,420B,CPU_IO,NO,ROM_SOURCE_STATIC_PROOF_ONLY
80:F72A:E0M0X0,00772A,8D1621,STA,ABS,WRITE,2116,2116,PPU,NO,ROM_SOURCE_STATIC_PROOF_ONLY
80:F731:E0M1X1,007731,8D0B42,STA,ABS,WRITE,420B,420B,CPU_IO,NO,ROM_SOURCE_STATIC_PROOF_ONLY
80:F73B:E0M1X1,00773B,8D1521,STA,ABS,WRITE,2115,2115,PPU,NO,ROM_SOURCE_STATIC_PROOF_ONLY
80:F740:E0M1X1,007740,8D0043,STA,ABS,WRITE,4300,4300,DMA_HDMA,NO,ROM_SOURCE_STATIC_PROOF_ONLY
80:F745:E0M1X1,007745,8D0143,STA,ABS,WRITE,4301,4301,DMA_HDMA,NO,ROM_SOURCE_STATIC_PROOF_ONLY
80:F74D:E0M0X0,00774D,8D1621,STA,ABS,WRITE,2116,2116,PPU,NO,ROM_SOURCE_STATIC_PROOF_ONLY
80:F753:E0M0X0,007753,8D0243,STA,ABS,WRITE,4302,4302,DMA_HDMA,NO,ROM_SOURCE_STATIC_PROOF_ONLY
80:F759:E0M0X0,007759,8D0543,STA,ABS,WRITE,4305,4305,DMA_HDMA,NO,ROM_SOURCE_STATIC_PROOF_ONLY
80:F760:E0M1X1,007760,8D0443,STA,ABS,WRITE,4304,4304,DMA_HDMA,NO,ROM_SOURCE_STATIC_PROOF_ONLY
80:F765:E0M1X1,007765,8D0B42,STA,ABS,WRITE,420B,420B,CPU_IO,NO,ROM_SOURCE_STATIC_PROOF_ONLY
80:F76D:E0M0X0,00776D,8D1621,STA,ABS,WRITE,2116,2116,PPU,NO,ROM_SOURCE_STATIC_PROOF_ONLY
80:F773:E0M0X0,007773,8D0543,STA,ABS,WRITE,4305,4305,DMA_HDMA,NO,ROM_SOURCE_STATIC_PROOF_ONLY
80:F77A:E0M1X1,00777A,8D0B42,STA,ABS,WRITE,420B,420B,CPU_IO,NO,ROM_SOURCE_STATIC_PROOF_ONLY
80:F787:E0M0X0,007787,8D1621,STA,ABS,WRITE,2116,2116,PPU,NO,ROM_SOURCE_STATIC_PROOF_ONLY
80:F78D:E0M0X0,00778D,8D0543,STA,ABS,WRITE,4305,4305,DMA_HDMA,NO,ROM_SOURCE_STATIC_PROOF_ONLY
80:F794:E0M1X1,007794,8D0B42,STA,ABS,WRITE,420B,420B,CPU_IO,NO,ROM_SOURCE_STATIC_PROOF_ONLY
80:F7A0:E0M0X0,0077A0,8D1621,STA,ABS,WRITE,2116,2116,PPU,NO,ROM_SOURCE_STATIC_PROOF_ONLY
80:F7A6:E0M0X0,0077A6,8D0243,STA,ABS,WRITE,4302,4302,DMA_HDMA,NO,ROM_SOURCE_STATIC_PROOF_ONLY
80:F7AC:E0M0X0,0077AC,8D0543,STA,ABS,WRITE,4305,4305,DMA_HDMA,NO,ROM_SOURCE_STATIC_PROOF_ONLY
80:F7B3:E0M1X1,0077B3,8D0B42,STA,ABS,WRITE,420B,420B,CPU_IO,NO,ROM_SOURCE_STATIC_PROOF_ONLY
80:F7BF:E0M0X0,0077BF,8D1621,STA,ABS,WRITE,2116,2116,PPU,NO,ROM_SOURCE_STATIC_PROOF_ONLY
80:F7C5:E0M0X0,0077C5,8D0543,STA,ABS,WRITE,4305,4305,DMA_HDMA,NO,ROM_SOURCE_STATIC_PROOF_ONLY
80:F7CC:E0M1X1,0077CC,8D0B42,STA,ABS,WRITE,420B,420B,CPU_IO,NO,ROM_SOURCE_STATIC_PROOF_ONLY
80:F7DD:E0M0X0,0077DD,8D1621,STA,ABS,WRITE,2116,2116,PPU,NO,ROM_SOURCE_STATIC_PROOF_ONLY
80:F7E3:E0M0X0,0077E3,8D0543,STA,ABS,WRITE,4305,4305,DMA_HDMA,NO,ROM_SOURCE_STATIC_PROOF_ONLY
80:F7EA:E0M1X1,0077EA,8D0B42,STA,ABS,WRITE,420B,420B,CPU_IO,NO,ROM_SOURCE_STATIC_PROOF_ONLY
80:F80E:E0M1X1,00780E,8C0242,STY,ABS,WRITE,4202,4202,CPU_IO,NO,ROM_SOURCE_STATIC_PROOF_ONLY
80:F813:E0M1X1,007813,8D0342,STA,ABS,WRITE,4203,4203,CPU_IO,NO,ROM_SOURCE_STATIC_PROOF_ONLY
80:F81D:E0M0X0,00781D,6D1642,ADC,ABS,READ,4216,4216,CPU_IO,NO,ROM_SOURCE_STATIC_PROOF_ONLY
80:F9FD:E0M1X1,0079FD,AD4221,LDA,ABS,READ,2142,2142,APUIO,NO,ROM_SOURCE_STATIC_PROOF_ONLY
80:FA27:E0M0X1,007A27,8D4221,STA,ABS,WRITE,2142,2142,APUIO,NO,ROM_SOURCE_STATIC_PROOF_ONLY
80:FA42:E0M1X0,007A42,8D4021,STA,ABS,WRITE,2140,2140,APUIO,NO,ROM_SOURCE_STATIC_PROOF_ONLY
80:FA4D:E0M0X0,007A4D,CD4021,CMP,ABS,READ,2140,2140,APUIO,NO,ROM_SOURCE_STATIC_PROOF_ONLY
80:FA61:E0M1X0,007A61,8D4221,STA,ABS,WRITE,2142,2142,APUIO,NO,ROM_SOURCE_STATIC_PROOF_ONLY
80:FA69:E0M1X0,007A69,8D4321,STA,ABS,WRITE,2143,2143,APUIO,NO,ROM_SOURCE_STATIC_PROOF_ONLY
80:FA7B:E0M1X0,007A7B,8D4121,STA,ABS,WRITE,2141,2141,APUIO,NO,ROM_SOURCE_STATIC_PROOF_ONLY
80:FA80:E0M1X0,007A80,8D4021,STA,ABS,WRITE,2140,2140,APUIO,NO,ROM_SOURCE_STATIC_PROOF_ONLY
80:FA83:E0M1X0,007A83,CD4021,CMP,ABS,READ,2140,2140,APUIO,NO,ROM_SOURCE_STATIC_PROOF_ONLY
80:FA8D:E0M1X0,007A8D,8D4121,STA,ABS,WRITE,2141,2141,APUIO,NO,ROM_SOURCE_STATIC_PROOF_ONLY
80:FA92:E0M1X0,007A92,8D4021,STA,ABS,WRITE,2140,2140,APUIO,NO,ROM_SOURCE_STATIC_PROOF_ONLY
80:FA95:E0M1X0,007A95,CD4021,CMP,ABS,READ,2140,2140,APUIO,NO,ROM_SOURCE_STATIC_PROOF_ONLY
80:FAA8:E0M0X0,007AA8,8D4221,STA,ABS,WRITE,2142,2142,APUIO,NO,ROM_SOURCE_STATIC_PROOF_ONLY
80:FAAD:E0M1X0,007AAD,9C4121,STZ,ABS,WRITE,2141,2141,APUIO,NO,ROM_SOURCE_STATIC_PROOF_ONLY
80:FAB5:E0M1X0,007AB5,8D4021,STA,ABS,WRITE,2140,2140,APUIO,NO,ROM_SOURCE_STATIC_PROOF_ONLY
80:FAC4:E0M1X0,007AC4,CD4221,CMP,ABS,READ,2142,2142,APUIO,NO,ROM_SOURCE_STATIC_PROOF_ONLY
80:FACC:E0M1X0,007ACC,8D4221,STA,ABS,WRITE,2142,2142,APUIO,NO,ROM_SOURCE_STATIC_PROOF_ONLY
80:FADE:E0M1X0,007ADE,CD4021,CMP,ABS,READ,2140,2140,APUIO,NO,ROM_SOURCE_STATIC_PROOF_ONLY
80:FC5B:E0M1X1,007C5B,8D4121,STA,ABS,WRITE,2141,2141,APUIO,NO,ROM_SOURCE_STATIC_PROOF_ONLY
80:FC5E:E0M1X1,007C5E,8E4021,STX,ABS,WRITE,2140,2140,APUIO,NO,ROM_SOURCE_STATIC_PROOF_ONLY
80:FC6F:E0M1X1,007C6F,EC4021,CPX,ABS,READ,2140,2140,APUIO,NO,ROM_SOURCE_STATIC_PROOF_ONLY
80:FC78:E0M1X1,007C78,9C4121,STZ,ABS,WRITE,2141,2141,APUIO,NO,ROM_SOURCE_STATIC_PROOF_ONLY
80:FC7B:E0M1X1,007C7B,9C4021,STZ,ABS,WRITE,2140,2140,APUIO,NO,ROM_SOURCE_STATIC_PROOF_ONLY
80:FC98:E0M1X1,007C98,9C4121,STZ,ABS,WRITE,2141,2141,APUIO,NO,ROM_SOURCE_STATIC_PROOF_ONLY
80:FC9B:E0M1X1,007C9B,8E4021,STX,ABS,WRITE,2140,2140,APUIO,NO,ROM_SOURCE_STATIC_PROOF_ONLY
80:FC9E:E0M1X1,007C9E,EC4021,CPX,ABS,READ,2140,2140,APUIO,NO,ROM_SOURCE_STATIC_PROOF_ONLY
80:FCA7:E0M1X1,007CA7,9C4021,STZ,ABS,WRITE,2140,2140,APUIO,NO,ROM_SOURCE_STATIC_PROOF_ONLY
80:FCB0:E0M1X1,007CB0,8D4021,STA,ABS,WRITE,2140,2140,APUIO,NO,ROM_SOURCE_STATIC_PROOF_ONLY
80:FCB3:E0M1X1,007CB3,CD4021,CMP,ABS,READ,2140,2140,APUIO,NO,ROM_SOURCE_STATIC_PROOF_ONLY
80:FCB8:E0M1X1,007CB8,9C4021,STZ,ABS,WRITE,2140,2140,APUIO,NO,ROM_SOURCE_STATIC_PROOF_ONLY
81:8C81:E0M1X1,008C81,8D0721,STA,ABS,WRITE,2107,2107,PPU,NO,ROM_SOURCE_STATIC_PROOF_ONLY
81:8C86:E0M1X1,008C86,8D0921,STA,ABS,WRITE,2109,2109,PPU,NO,ROM_SOURCE_STATIC_PROOF_ONLY
81:8C8B:E0M1X1,008C8B,8D0B21,STA,ABS,WRITE,210B,210B,PPU,NO,ROM_SOURCE_STATIC_PROOF_ONLY
81:8C90:E0M1X1,008C90,8D0C21,STA,ABS,WRITE,210C,210C,PPU,NO,ROM_SOURCE_STATIC_PROOF_ONLY
81:8E7C:E0M1X1,008E7C,8D0721,STA,ABS,WRITE,2107,2107,PPU,NO,ROM_SOURCE_STATIC_PROOF_ONLY
81:8E81:E0M1X1,008E81,8D0921,STA,ABS,WRITE,2109,2109,PPU,NO,ROM_SOURCE_STATIC_PROOF_ONLY
81:8E86:E0M1X1,008E86,8D0B21,STA,ABS,WRITE,210B,210B,PPU,NO,ROM_SOURCE_STATIC_PROOF_ONLY
81:8E8B:E0M1X1,008E8B,8D0C21,STA,ABS,WRITE,210C,210C,PPU,NO,ROM_SOURCE_STATIC_PROOF_ONLY
81:93E9:E0M1X1,0093E9,8D0521,STA,ABS,WRITE,2105,2105,PPU,NO,ROM_SOURCE_STATIC_PROOF_ONLY
81:93EE:E0M1X1,0093EE,8D2C21,STA,ABS,WRITE,212C,212C,PPU,NO,ROM_SOURCE_STATIC_PROOF_ONLY
81:93F3:E0M1X1,0093F3,8D0B21,STA,ABS,WRITE,210B,210B,PPU,NO,ROM_SOURCE_STATIC_PROOF_ONLY
81:93F8:E0M1X1,0093F8,8D0721,STA,ABS,WRITE,2107,2107,PPU,NO,ROM_SOURCE_STATIC_PROOF_ONLY
81:93FD:E0M1X1,0093FD,8D0821,STA,ABS,WRITE,2108,2108,PPU,NO,ROM_SOURCE_STATIC_PROOF_ONLY
81:94D9:E0M1X1,0094D9,8D0521,STA,ABS,WRITE,2105,2105,PPU,NO,ROM_SOURCE_STATIC_PROOF_ONLY
81:94DE:E0M1X1,0094DE,8D2C21,STA,ABS,WRITE,212C,212C,PPU,NO,ROM_SOURCE_STATIC_PROOF_ONLY
81:94E3:E0M1X1,0094E3,8D0B21,STA,ABS,WRITE,210B,210B,PPU,NO,ROM_SOURCE_STATIC_PROOF_ONLY
81:94E8:E0M1X1,0094E8,8D0721,STA,ABS,WRITE,2107,2107,PPU,NO,ROM_SOURCE_STATIC_PROOF_ONLY
81:94ED:E0M1X1,0094ED,8D0821,STA,ABS,WRITE,2108,2108,PPU,NO,ROM_SOURCE_STATIC_PROOF_ONLY
81:9C6F:E0M1X1,009C6F,9C4043,STZ,ABS,WRITE,4340,4340,DMA_HDMA,NO,ROM_SOURCE_STATIC_PROOF_ONLY
81:9C74:E0M1X1,009C74,8D4143,STA,ABS,WRITE,4341,4341,DMA_HDMA,NO,ROM_SOURCE_STATIC_PROOF_ONLY
81:9C79:E0M1X1,009C79,8D4443,STA,ABS,WRITE,4344,4344,DMA_HDMA,NO,ROM_SOURCE_STATIC_PROOF_ONLY
81:9CC0:E0M0X0,009CC0,9C0221,STZ,ABS,WRITE,2102,2102,PPU,NO,ROM_SOURCE_STATIC_PROOF_ONLY
81:9CC6:E0M0X0,009CC6,8D4243,STA,ABS,WRITE,4342,4342,DMA_HDMA,NO,ROM_SOURCE_STATIC_PROOF_ONLY
81:9CCC:E0M0X0,009CCC,8D4543,STA,ABS,WRITE,4345,4345,DMA_HDMA,NO,ROM_SOURCE_STATIC_PROOF_ONLY
81:9CD3:E0M1X1,009CD3,8D0B42,STA,ABS,WRITE,420B,420B,CPU_IO,NO,ROM_SOURCE_STATIC_PROOF_ONLY
81:9CDB:E0M0X0,009CDB,8D0221,STA,ABS,WRITE,2102,2102,PPU,NO,ROM_SOURCE_STATIC_PROOF_ONLY
81:9CE1:E0M0X0,009CE1,8D4243,STA,ABS,WRITE,4342,4342,DMA_HDMA,NO,ROM_SOURCE_STATIC_PROOF_ONLY
81:9CE7:E0M0X0,009CE7,8D4543,STA,ABS,WRITE,4345,4345,DMA_HDMA,NO,ROM_SOURCE_STATIC_PROOF_ONLY
81:9CEE:E0M1X1,009CEE,8D0B42,STA,ABS,WRITE,420B,420B,CPU_IO,NO,ROM_SOURCE_STATIC_PROOF_ONLY
81:9D42:E0M1X1,009D42,8D2C21,STA,ABS,WRITE,212C,212C,PPU,NO,ROM_SOURCE_STATIC_PROOF_ONLY
81:9D47:E0M1X1,009D47,8D1521,STA,ABS,WRITE,2115,2115,PPU,NO,ROM_SOURCE_STATIC_PROOF_ONLY
81:9D4F:E0M1X1,009D4F,8D0042,STA,ABS,WRITE,4200,4200,CPU_IO,NO,ROM_SOURCE_STATIC_PROOF_ONLY
81:9DB1:E0M1X1,009DB1,8D0121,STA,ABS,WRITE,2101,2101,PPU,NO,ROM_SOURCE_STATIC_PROOF_ONLY
81:9DB4:E0M1X1,009DB4,9C0D21,STZ,ABS,WRITE,210D,210D,PPU,NO,ROM_SOURCE_STATIC_PROOF_ONLY
81:9DB7:E0M1X1,009DB7,9C0D21,STZ,ABS,WRITE,210D,210D,PPU,NO,ROM_SOURCE_STATIC_PROOF_ONLY
81:9DBA:E0M1X1,009DBA,9C0F21,STZ,ABS,WRITE,210F,210F,PPU,NO,ROM_SOURCE_STATIC_PROOF_ONLY
81:9DBD:E0M1X1,009DBD,9C0F21,STZ,ABS,WRITE,210F,210F,PPU,NO,ROM_SOURCE_STATIC_PROOF_ONLY
81:9DC0:E0M1X1,009DC0,9C1121,STZ,ABS,WRITE,2111,2111,PPU,NO,ROM_SOURCE_STATIC_PROOF_ONLY
81:9DC3:E0M1X1,009DC3,9C1121,STZ,ABS,WRITE,2111,2111,PPU,NO,ROM_SOURCE_STATIC_PROOF_ONLY
81:9DC8:E0M1X1,009DC8,8D0E21,STA,ABS,WRITE,210E,210E,PPU,NO,ROM_SOURCE_STATIC_PROOF_ONLY
81:9DCB:E0M1X1,009DCB,8D0E21,STA,ABS,WRITE,210E,210E,PPU,NO,ROM_SOURCE_STATIC_PROOF_ONLY
81:9DCE:E0M1X1,009DCE,8D1021,STA,ABS,WRITE,2110,2110,PPU,NO,ROM_SOURCE_STATIC_PROOF_ONLY
81:9DD1:E0M1X1,009DD1,8D1021,STA,ABS,WRITE,2110,2110,PPU,NO,ROM_SOURCE_STATIC_PROOF_ONLY
81:9DD4:E0M1X1,009DD4,8D1221,STA,ABS,WRITE,2112,2112,PPU,NO,ROM_SOURCE_STATIC_PROOF_ONLY
81:9DD7:E0M1X1,009DD7,8D1221,STA,ABS,WRITE,2112,2112,PPU,NO,ROM_SOURCE_STATIC_PROOF_ONLY
81:A07D:E0M1X1,00A07D,8D2121,STA,ABS,WRITE,2121,2121,PPU,NO,ROM_SOURCE_STATIC_PROOF_ONLY
81:A0B0:E0M1X1,00A0B0,8D2221,STA,ABS,WRITE,2122,2122,PPU,NO,ROM_SOURCE_STATIC_PROOF_ONLY
81:A0B6:E0M1X1,00A0B6,8D2221,STA,ABS,WRITE,2122,2122,PPU,NO,ROM_SOURCE_STATIC_PROOF_ONLY
81:A78D:E0M1X1,00A78D,8D1A21,STA,ABS,WRITE,211A,211A,PPU,NO,ROM_SOURCE_STATIC_PROOF_ONLY
81:A792:E0M1X1,00A792,8D0721,STA,ABS,WRITE,2107,2107,PPU,NO,ROM_SOURCE_STATIC_PROOF_ONLY
81:A797:E0M1X1,00A797,8D0921,STA,ABS,WRITE,2109,2109,PPU,NO,ROM_SOURCE_STATIC_PROOF_ONLY
81:A79C:E0M1X1,00A79C,8D0B21,STA,ABS,WRITE,210B,210B,PPU,NO,ROM_SOURCE_STATIC_PROOF_ONLY
81:A7A1:E0M1X1,00A7A1,8D0C21,STA,ABS,WRITE,210C,210C,PPU,NO,ROM_SOURCE_STATIC_PROOF_ONLY
81:A7A6:E0M1X1,00A7A6,8D2C21,STA,ABS,WRITE,212C,212C,PPU,NO,ROM_SOURCE_STATIC_PROOF_ONLY
81:A7AC:E0M1X1,00A7AC,8D1F21,STA,ABS,WRITE,211F,211F,PPU,NO,ROM_SOURCE_STATIC_PROOF_ONLY
81:A7AF:E0M1X1,00A7AF,9C1F21,STZ,ABS,WRITE,211F,211F,PPU,NO,ROM_SOURCE_STATIC_PROOF_ONLY
81:A7B2:E0M1X1,00A7B2,8D2021,STA,ABS,WRITE,2120,2120,PPU,NO,ROM_SOURCE_STATIC_PROOF_ONLY
81:A7B5:E0M1X1,00A7B5,9C2021,STZ,ABS,WRITE,2120,2120,PPU,NO,ROM_SOURCE_STATIC_PROOF_ONLY
81:A7C4:E0M1X1,00A7C4,8D0942,STA,ABS,WRITE,4209,4209,CPU_IO,NO,ROM_SOURCE_STATIC_PROOF_ONLY
81:A7C7:E0M1X1,00A7C7,9C0A42,STZ,ABS,WRITE,420A,420A,CPU_IO,NO,ROM_SOURCE_STATIC_PROOF_ONLY
81:A7CC:E0M1X1,00A7CC,8D0042,STA,ABS,WRITE,4200,4200,CPU_IO,NO,ROM_SOURCE_STATIC_PROOF_ONLY
81:A7DC:E0M1X1,00A7DC,8D0521,STA,ABS,WRITE,2105,2105,PPU,NO,ROM_SOURCE_STATIC_PROOF_ONLY
81:A7E1:E0M1X1,00A7E1,8D0721,STA,ABS,WRITE,2107,2107,PPU,NO,ROM_SOURCE_STATIC_PROOF_ONLY
81:A7E6:E0M1X1,00A7E6,8D0921,STA,ABS,WRITE,2109,2109,PPU,NO,ROM_SOURCE_STATIC_PROOF_ONLY
81:A7EB:E0M1X1,00A7EB,8D0B21,STA,ABS,WRITE,210B,210B,PPU,NO,ROM_SOURCE_STATIC_PROOF_ONLY
81:A7F0:E0M1X1,00A7F0,8D0C21,STA,ABS,WRITE,210C,210C,PPU,NO,ROM_SOURCE_STATIC_PROOF_ONLY
81:AA26:E0M0X0,00AA26,8D1521,STA,ABS,WRITE,2115,2115,PPU,NO,ROM_SOURCE_STATIC_PROOF_ONLY
81:AA39:E0M1X1,00AA39,8D1621,STA,ABS,WRITE,2116,2116,PPU,NO,ROM_SOURCE_STATIC_PROOF_ONLY
81:AA3E:E0M1X1,00AA3E,8D1721,STA,ABS,WRITE,2117,2117,PPU,NO,ROM_SOURCE_STATIC_PROOF_ONLY
81:AA43:E0M1X1,00AA43,8D0043,STA,ABS,WRITE,4300,4300,DMA_HDMA,NO,ROM_SOURCE_STATIC_PROOF_ONLY
81:AA48:E0M1X1,00AA48,8D0143,STA,ABS,WRITE,4301,4301,DMA_HDMA,NO,ROM_SOURCE_STATIC_PROOF_ONLY
81:AA4D:E0M1X1,00AA4D,8D0243,STA,ABS,WRITE,4302,4302,DMA_HDMA,NO,ROM_SOURCE_STATIC_PROOF_ONLY
81:AA52:E0M1X1,00AA52,8D0343,STA,ABS,WRITE,4303,4303,DMA_HDMA,NO,ROM_SOURCE_STATIC_PROOF_ONLY
81:AA57:E0M1X1,00AA57,8D0443,STA,ABS,WRITE,4304,4304,DMA_HDMA,NO,ROM_SOURCE_STATIC_PROOF_ONLY
81:AA5C:E0M1X1,00AA5C,8D0543,STA,ABS,WRITE,4305,4305,DMA_HDMA,NO,ROM_SOURCE_STATIC_PROOF_ONLY
81:AA61:E0M1X1,00AA61,8D0643,STA,ABS,WRITE,4306,4306,DMA_HDMA,NO,ROM_SOURCE_STATIC_PROOF_ONLY
81:AA66:E0M1X1,00AA66,8D0B42,STA,ABS,WRITE,420B,420B,CPU_IO,NO,ROM_SOURCE_STATIC_PROOF_ONLY
81:AB18:E0M1X1,00AB18,8D0E21,STA,ABS,WRITE,210E,210E,PPU,NO,ROM_SOURCE_STATIC_PROOF_ONLY
81:AB1B:E0M1X1,00AB1B,9C0E21,STZ,ABS,WRITE,210E,210E,PPU,NO,ROM_SOURCE_STATIC_PROOF_ONLY
81:AD55:E0M1X1,00AD55,8D0042,STA,ABS,WRITE,4200,4200,CPU_IO,NO,ROM_SOURCE_STATIC_PROOF_ONLY
81:AD5F:E0M1X1,00AD5F,8D2C21,STA,ABS,WRITE,212C,212C,PPU,NO,ROM_SOURCE_STATIC_PROOF_ONLY
81:AF4F:E0M1X1,00AF4F,8D0921,STA,ABS,WRITE,2109,2109,PPU,NO,ROM_SOURCE_STATIC_PROOF_ONLY
81:B07F:E0M1X1,00B07F,8D0921,STA,ABS,WRITE,2109,2109,PPU,NO,ROM_SOURCE_STATIC_PROOF_ONLY
81:B433:E0M1X1,00B433,8D2121,STA,ABS,WRITE,2121,2121,PPU,NO,ROM_SOURCE_STATIC_PROOF_ONLY
81:B438:E0M1X1,00B438,8D2221,STA,ABS,WRITE,2122,2122,PPU,NO,ROM_SOURCE_STATIC_PROOF_ONLY
81:B43D:E0M1X1,00B43D,8D2221,STA,ABS,WRITE,2122,2122,PPU,NO,ROM_SOURCE_STATIC_PROOF_ONLY
81:B447:E0M1X1,00B447,8D2121,STA,ABS,WRITE,2121,2121,PPU,NO,ROM_SOURCE_STATIC_PROOF_ONLY
81:B44C:E0M1X1,00B44C,8D2221,STA,ABS,WRITE,2122,2122,PPU,NO,ROM_SOURCE_STATIC_PROOF_ONLY
81:B451:E0M1X1,00B451,8D2221,STA,ABS,WRITE,2122,2122,PPU,NO,ROM_SOURCE_STATIC_PROOF_ONLY
81:B45A:E0M1X1,00B45A,8D2121,STA,ABS,WRITE,2121,2121,PPU,NO,ROM_SOURCE_STATIC_PROOF_ONLY
81:B45F:E0M1X1,00B45F,8D2221,STA,ABS,WRITE,2122,2122,PPU,NO,ROM_SOURCE_STATIC_PROOF_ONLY
81:B464:E0M1X1,00B464,8D2221,STA,ABS,WRITE,2122,2122,PPU,NO,ROM_SOURCE_STATIC_PROOF_ONLY
81:B47A:E0M1X1,00B47A,8D2121,STA,ABS,WRITE,2121,2121,PPU,NO,ROM_SOURCE_STATIC_PROOF_ONLY
81:B47F:E0M1X1,00B47F,8D2221,STA,ABS,WRITE,2122,2122,PPU,NO,ROM_SOURCE_STATIC_PROOF_ONLY
81:B484:E0M1X1,00B484,8D2221,STA,ABS,WRITE,2122,2122,PPU,NO,ROM_SOURCE_STATIC_PROOF_ONLY
81:B4A5:E0M1X1,00B4A5,8D2121,STA,ABS,WRITE,2121,2121,PPU,NO,ROM_SOURCE_STATIC_PROOF_ONLY
81:B4AA:E0M1X1,00B4AA,8D2221,STA,ABS,WRITE,2122,2122,PPU,NO,ROM_SOURCE_STATIC_PROOF_ONLY
81:B4AF:E0M1X1,00B4AF,8D2221,STA,ABS,WRITE,2122,2122,PPU,NO,ROM_SOURCE_STATIC_PROOF_ONLY
81:B4BD:E0M1X1,00B4BD,8D2121,STA,ABS,WRITE,2121,2121,PPU,NO,ROM_SOURCE_STATIC_PROOF_ONLY
81:B4C2:E0M1X1,00B4C2,8D2221,STA,ABS,WRITE,2122,2122,PPU,NO,ROM_SOURCE_STATIC_PROOF_ONLY
81:B4C7:E0M1X1,00B4C7,8D2221,STA,ABS,WRITE,2122,2122,PPU,NO,ROM_SOURCE_STATIC_PROOF_ONLY
81:B4D1:E0M1X1,00B4D1,8D2121,STA,ABS,WRITE,2121,2121,PPU,NO,ROM_SOURCE_STATIC_PROOF_ONLY
81:B4D6:E0M1X1,00B4D6,8D2221,STA,ABS,WRITE,2122,2122,PPU,NO,ROM_SOURCE_STATIC_PROOF_ONLY
81:B4DB:E0M1X1,00B4DB,8D2221,STA,ABS,WRITE,2122,2122,PPU,NO,ROM_SOURCE_STATIC_PROOF_ONLY
81:BA47:E0M1X1,00BA47,8D0921,STA,ABS,WRITE,2109,2109,PPU,NO,ROM_SOURCE_STATIC_PROOF_ONLY
81:C761:E0M1X1,00C761,8D0B21,STA,ABS,WRITE,210B,210B,PPU,NO,ROM_SOURCE_STATIC_PROOF_ONLY
81:C766:E0M1X1,00C766,8D0721,STA,ABS,WRITE,2107,2107,PPU,NO,ROM_SOURCE_STATIC_PROOF_ONLY
81:C76B:E0M1X1,00C76B,8D0821,STA,ABS,WRITE,2108,2108,PPU,NO,ROM_SOURCE_STATIC_PROOF_ONLY
81:C770:E0M1X1,00C770,8D0921,STA,ABS,WRITE,2109,2109,PPU,NO,ROM_SOURCE_STATIC_PROOF_ONLY
81:C775:E0M1X1,00C775,8D0F21,STA,ABS,WRITE,210F,210F,PPU,NO,ROM_SOURCE_STATIC_PROOF_ONLY
81:C77A:E0M1X1,00C77A,8D0F21,STA,ABS,WRITE,210F,210F,PPU,NO,ROM_SOURCE_STATIC_PROOF_ONLY
81:C77D:E0M1X1,00C77D,8D1021,STA,ABS,WRITE,2110,2110,PPU,NO,ROM_SOURCE_STATIC_PROOF_ONLY
81:C780:E0M1X1,00C780,8D1021,STA,ABS,WRITE,2110,2110,PPU,NO,ROM_SOURCE_STATIC_PROOF_ONLY
81:C785:E0M1X1,00C785,8D2C21,STA,ABS,WRITE,212C,212C,PPU,NO,ROM_SOURCE_STATIC_PROOF_ONLY
81:C860:E0M1X1,00C860,8D0B21,STA,ABS,WRITE,210B,210B,PPU,NO,ROM_SOURCE_STATIC_PROOF_ONLY
81:C865:E0M1X1,00C865,8D2C21,STA,ABS,WRITE,212C,212C,PPU,NO,ROM_SOURCE_STATIC_PROOF_ONLY
81:CBCD:E0M1X1,00CBCD,8D2121,STA,ABS,WRITE,2121,2121,PPU,NO,ROM_SOURCE_STATIC_PROOF_ONLY
81:CBD2:E0M1X1,00CBD2,8D2221,STA,ABS,WRITE,2122,2122,PPU,NO,ROM_SOURCE_STATIC_PROOF_ONLY
81:CBD7:E0M1X1,00CBD7,8D2221,STA,ABS,WRITE,2122,2122,PPU,NO,ROM_SOURCE_STATIC_PROOF_ONLY
81:CBE8:E0M1X1,00CBE8,8D2121,STA,ABS,WRITE,2121,2121,PPU,NO,ROM_SOURCE_STATIC_PROOF_ONLY
81:CBED:E0M1X1,00CBED,8D2221,STA,ABS,WRITE,2122,2122,PPU,NO,ROM_SOURCE_STATIC_PROOF_ONLY
81:CBF2:E0M1X1,00CBF2,8D2221,STA,ABS,WRITE,2122,2122,PPU,NO,ROM_SOURCE_STATIC_PROOF_ONLY
81:CC4E:E0M1X1,00CC4E,8D0D21,STA,ABS,WRITE,210D,210D,PPU,NO,ROM_SOURCE_STATIC_PROOF_ONLY
81:CC54:E0M1X1,00CC54,8D0D21,STA,ABS,WRITE,210D,210D,PPU,NO,ROM_SOURCE_STATIC_PROOF_ONLY
81:CC5A:E0M1X1,00CC5A,8D0F21,STA,ABS,WRITE,210F,210F,PPU,NO,ROM_SOURCE_STATIC_PROOF_ONLY
81:CC60:E0M1X1,00CC60,8D0F21,STA,ABS,WRITE,210F,210F,PPU,NO,ROM_SOURCE_STATIC_PROOF_ONLY
81:CC66:E0M1X1,00CC66,8D1121,STA,ABS,WRITE,2111,2111,PPU,NO,ROM_SOURCE_STATIC_PROOF_ONLY
81:CC6C:E0M1X1,00CC6C,8D1121,STA,ABS,WRITE,2111,2111,PPU,NO,ROM_SOURCE_STATIC_PROOF_ONLY
81:CED0:E0M1X1,00CED0,8D0D21,STA,ABS,WRITE,210D,210D,PPU,NO,ROM_SOURCE_STATIC_PROOF_ONLY
81:CED6:E0M1X1,00CED6,8D0D21,STA,ABS,WRITE,210D,210D,PPU,NO,ROM_SOURCE_STATIC_PROOF_ONLY
81:CEDC:E0M1X1,00CEDC,8D0F21,STA,ABS,WRITE,210F,210F,PPU,NO,ROM_SOURCE_STATIC_PROOF_ONLY
81:CEE2:E0M1X1,00CEE2,8D0F21,STA,ABS,WRITE,210F,210F,PPU,NO,ROM_SOURCE_STATIC_PROOF_ONLY
81:CF84:E0M1X1,00CF84,8D0521,STA,ABS,WRITE,2105,2105,PPU,NO,ROM_SOURCE_STATIC_PROOF_ONLY
81:CF89:E0M1X1,00CF89,8D2C21,STA,ABS,WRITE,212C,212C,PPU,NO,ROM_SOURCE_STATIC_PROOF_ONLY
81:CF8E:E0M1X1,00CF8E,8D1A21,STA,ABS,WRITE,211A,211A,PPU,NO,ROM_SOURCE_STATIC_PROOF_ONLY
81:CF93:E0M1X1,00CF93,8D0921,STA,ABS,WRITE,2109,2109,PPU,NO,ROM_SOURCE_STATIC_PROOF_ONLY
81:CF98:E0M1X1,00CF98,8D0C21,STA,ABS,WRITE,210C,210C,PPU,NO,ROM_SOURCE_STATIC_PROOF_ONLY
81:D03D:E0M1X1,00D03D,8D0D21,STA,ABS,WRITE,210D,210D,PPU,NO,ROM_SOURCE_STATIC_PROOF_ONLY
81:D042:E0M1X1,00D042,8D0D21,STA,ABS,WRITE,210D,210D,PPU,NO,ROM_SOURCE_STATIC_PROOF_ONLY
81:D047:E0M1X1,00D047,8D0E21,STA,ABS,WRITE,210E,210E,PPU,NO,ROM_SOURCE_STATIC_PROOF_ONLY
81:D04C:E0M1X1,00D04C,8D0E21,STA,ABS,WRITE,210E,210E,PPU,NO,ROM_SOURCE_STATIC_PROOF_ONLY
81:D051:E0M1X1,00D051,9C1B21,STZ,ABS,WRITE,211B,211B,PPU,NO,ROM_SOURCE_STATIC_PROOF_ONLY
81:D054:E0M1X1,00D054,8D1B21,STA,ABS,WRITE,211B,211B,PPU,NO,ROM_SOURCE_STATIC_PROOF_ONLY
81:D057:E0M1X1,00D057,9C1C21,STZ,ABS,WRITE,211C,211C,PPU,NO,ROM_SOURCE_STATIC_PROOF_ONLY
81:D05A:E0M1X1,00D05A,9C1C21,STZ,ABS,WRITE,211C,211C,PPU,NO,ROM_SOURCE_STATIC_PROOF_ONLY
81:D05D:E0M1X1,00D05D,9C1D21,STZ,ABS,WRITE,211D,211D,PPU,NO,ROM_SOURCE_STATIC_PROOF_ONLY
81:D060:E0M1X1,00D060,9C1D21,STZ,ABS,WRITE,211D,211D,PPU,NO,ROM_SOURCE_STATIC_PROOF_ONLY
81:D063:E0M1X1,00D063,9C1E21,STZ,ABS,WRITE,211E,211E,PPU,NO,ROM_SOURCE_STATIC_PROOF_ONLY
81:D066:E0M1X1,00D066,8D1E21,STA,ABS,WRITE,211E,211E,PPU,NO,ROM_SOURCE_STATIC_PROOF_ONLY
81:D06B:E0M1X1,00D06B,8D1F21,STA,ABS,WRITE,211F,211F,PPU,NO,ROM_SOURCE_STATIC_PROOF_ONLY
81:D06E:E0M1X1,00D06E,9C1F21,STZ,ABS,WRITE,211F,211F,PPU,NO,ROM_SOURCE_STATIC_PROOF_ONLY
81:D071:E0M1X1,00D071,8D2021,STA,ABS,WRITE,2120,2120,PPU,NO,ROM_SOURCE_STATIC_PROOF_ONLY
81:D074:E0M1X1,00D074,9C2021,STZ,ABS,WRITE,2120,2120,PPU,NO,ROM_SOURCE_STATIC_PROOF_ONLY
81:D0F4:E0M1X1,00D0F4,8D0521,STA,ABS,WRITE,2105,2105,PPU,NO,ROM_SOURCE_STATIC_PROOF_ONLY
81:D0F9:E0M1X1,00D0F9,8D2C21,STA,ABS,WRITE,212C,212C,PPU,NO,ROM_SOURCE_STATIC_PROOF_ONLY
81:D0FE:E0M1X1,00D0FE,8D0921,STA,ABS,WRITE,2109,2109,PPU,NO,ROM_SOURCE_STATIC_PROOF_ONLY
81:D103:E0M1X1,00D103,8D0C21,STA,ABS,WRITE,210C,210C,PPU,NO,ROM_SOURCE_STATIC_PROOF_ONLY
81:D6CB:E0M1X1,00D6CB,9C0521,STZ,ABS,WRITE,2105,2105,PPU,NO,ROM_SOURCE_STATIC_PROOF_ONLY
81:D6D6:E0M1X0,00D6D6,8D1B21,STA,ABS,WRITE,211B,211B,PPU,NO,ROM_SOURCE_STATIC_PROOF_ONLY
81:D6DC:E0M1X0,00D6DC,8D1B21,STA,ABS,WRITE,211B,211B,PPU,NO,ROM_SOURCE_STATIC_PROOF_ONLY
81:D6E2:E0M1X0,00D6E2,8D1C21,STA,ABS,WRITE,211C,211C,PPU,NO,ROM_SOURCE_STATIC_PROOF_ONLY
81:D6E5:E0M1X0,00D6E5,AD3521,LDA,ABS,READ,2135,2135,PPU,NO,ROM_SOURCE_STATIC_PROOF_ONLY
81:D6EA:E0M1X0,00D6EA,AD3621,LDA,ABS,READ,2136,2136,PPU,NO,ROM_SOURCE_STATIC_PROOF_ONLY
81:D705:E0M1X0,00D705,8D1B21,STA,ABS,WRITE,211B,211B,PPU,NO,ROM_SOURCE_STATIC_PROOF_ONLY
81:D70B:E0M1X0,00D70B,8D1B21,STA,ABS,WRITE,211B,211B,PPU,NO,ROM_SOURCE_STATIC_PROOF_ONLY
81:D711:E0M1X0,00D711,8D1C21,STA,ABS,WRITE,211C,211C,PPU,NO,ROM_SOURCE_STATIC_PROOF_ONLY
81:D714:E0M1X0,00D714,AD3521,LDA,ABS,READ,2135,2135,PPU,NO,ROM_SOURCE_STATIC_PROOF_ONLY
81:D719:E0M1X0,00D719,AD3621,LDA,ABS,READ,2136,2136,PPU,NO,ROM_SOURCE_STATIC_PROOF_ONLY
81:D721:E0M1X0,00D721,8D1B21,STA,ABS,WRITE,211B,211B,PPU,NO,ROM_SOURCE_STATIC_PROOF_ONLY
81:D727:E0M1X0,00D727,8D1B21,STA,ABS,WRITE,211B,211B,PPU,NO,ROM_SOURCE_STATIC_PROOF_ONLY
81:D730:E0M1X0,00D730,8D1C21,STA,ABS,WRITE,211C,211C,PPU,NO,ROM_SOURCE_STATIC_PROOF_ONLY
81:D733:E0M1X0,00D733,AD3521,LDA,ABS,READ,2135,2135,PPU,NO,ROM_SOURCE_STATIC_PROOF_ONLY
81:D738:E0M1X0,00D738,AD3621,LDA,ABS,READ,2136,2136,PPU,NO,ROM_SOURCE_STATIC_PROOF_ONLY
81:D73F:E0M1X0,00D73F,8D0521,STA,ABS,WRITE,2105,2105,PPU,NO,ROM_SOURCE_STATIC_PROOF_ONLY
81:D745:E0M1X0,00D745,8D0D21,STA,ABS,WRITE,210D,210D,PPU,NO,ROM_SOURCE_STATIC_PROOF_ONLY
81:D74B:E0M1X0,00D74B,8D0D21,STA,ABS,WRITE,210D,210D,PPU,NO,ROM_SOURCE_STATIC_PROOF_ONLY
81:D750:E0M1X0,00D750,8D1B21,STA,ABS,WRITE,211B,211B,PPU,NO,ROM_SOURCE_STATIC_PROOF_ONLY
81:D755:E0M1X0,00D755,8D1B21,STA,ABS,WRITE,211B,211B,PPU,NO,ROM_SOURCE_STATIC_PROOF_ONLY
81:D75A:E0M1X0,00D75A,8D1C21,STA,ABS,WRITE,211C,211C,PPU,NO,ROM_SOURCE_STATIC_PROOF_ONLY
81:D75F:E0M1X0,00D75F,8D1C21,STA,ABS,WRITE,211C,211C,PPU,NO,ROM_SOURCE_STATIC_PROOF_ONLY
81:D764:E0M1X0,00D764,8D1D21,STA,ABS,WRITE,211D,211D,PPU,NO,ROM_SOURCE_STATIC_PROOF_ONLY
81:D769:E0M1X0,00D769,8D1D21,STA,ABS,WRITE,211D,211D,PPU,NO,ROM_SOURCE_STATIC_PROOF_ONLY
81:D76E:E0M1X0,00D76E,8D1E21,STA,ABS,WRITE,211E,211E,PPU,NO,ROM_SOURCE_STATIC_PROOF_ONLY
81:D773:E0M1X0,00D773,8D1E21,STA,ABS,WRITE,211E,211E,PPU,NO,ROM_SOURCE_STATIC_PROOF_ONLY
81:D78E:E0M1X1,00D78E,8D0E21,STA,ABS,WRITE,210E,210E,PPU,NO,ROM_SOURCE_STATIC_PROOF_ONLY
81:D794:E0M1X1,00D794,8D0E21,STA,ABS,WRITE,210E,210E,PPU,NO,ROM_SOURCE_STATIC_PROOF_ONLY
81:D89F:E0M1X1,00D89F,8D0042,STA,ABS,WRITE,4200,4200,CPU_IO,NO,ROM_SOURCE_STATIC_PROOF_ONLY
81:D8B7:E0M1X1,00D8B7,8D0521,STA,ABS,WRITE,2105,2105,PPU,NO,ROM_SOURCE_STATIC_PROOF_ONLY
81:D8BC:E0M1X1,00D8BC,8D2C21,STA,ABS,WRITE,212C,212C,PPU,NO,ROM_SOURCE_STATIC_PROOF_ONLY
81:D8C1:E0M1X1,00D8C1,8D2121,STA,ABS,WRITE,2121,2121,PPU,NO,ROM_SOURCE_STATIC_PROOF_ONLY
81:D8C6:E0M1X1,00D8C6,8D2221,STA,ABS,WRITE,2122,2122,PPU,NO,ROM_SOURCE_STATIC_PROOF_ONLY
81:D8C9:E0M1X1,00D8C9,8D2221,STA,ABS,WRITE,2122,2122,PPU,NO,ROM_SOURCE_STATIC_PROOF_ONLY
81:D8CC:E0M1X1,00D8CC,9C2221,STZ,ABS,WRITE,2122,2122,PPU,NO,ROM_SOURCE_STATIC_PROOF_ONLY
81:D8CF:E0M1X1,00D8CF,9C2221,STZ,ABS,WRITE,2122,2122,PPU,NO,ROM_SOURCE_STATIC_PROOF_ONLY
81:D8D4:E0M1X1,00D8D4,8D1221,STA,ABS,WRITE,2112,2112,PPU,NO,ROM_SOURCE_STATIC_PROOF_ONLY
81:D8D9:E0M1X1,00D8D9,8D1221,STA,ABS,WRITE,2112,2112,PPU,NO,ROM_SOURCE_STATIC_PROOF_ONLY
81:DF0C:E0M0X0,00DF0C,8D1521,STA,ABS,WRITE,2115,2115,PPU,NO,ROM_SOURCE_STATIC_PROOF_ONLY
81:DF23:E0M0X0,00DF23,8D1621,STA,ABS,WRITE,2116,2116,PPU,NO,ROM_SOURCE_STATIC_PROOF_ONLY
81:DF3D:E0M0X0,00DF3D,8D1621,STA,ABS,WRITE,2116,2116,PPU,NO,ROM_SOURCE_STATIC_PROOF_ONLY
81:DF45:E0M0X0,00DF45,8D1821,STA,ABS,WRITE,2118,2118,PPU,NO,ROM_SOURCE_STATIC_PROOF_ONLY
81:DF63:E0M0X0,00DF63,8D1521,STA,ABS,WRITE,2115,2115,PPU,NO,ROM_SOURCE_STATIC_PROOF_ONLY
81:DF69:E0M0X0,00DF69,8D1621,STA,ABS,WRITE,2116,2116,PPU,NO,ROM_SOURCE_STATIC_PROOF_ONLY
81:DF74:E0M0X0,00DF74,8D1821,STA,ABS,WRITE,2118,2118,PPU,NO,ROM_SOURCE_STATIC_PROOF_ONLY
81:F46C:E0M1X1,00F46C,8D0521,STA,ABS,WRITE,2105,2105,PPU,NO,ROM_SOURCE_STATIC_PROOF_ONLY
81:F471:E0M1X1,00F471,8D0721,STA,ABS,WRITE,2107,2107,PPU,NO,ROM_SOURCE_STATIC_PROOF_ONLY
81:F476:E0M1X1,00F476,8D0B21,STA,ABS,WRITE,210B,210B,PPU,NO,ROM_SOURCE_STATIC_PROOF_ONLY
81:F47B:E0M1X1,00F47B,8D2C21,STA,ABS,WRITE,212C,212C,PPU,NO,ROM_SOURCE_STATIC_PROOF_ONLY
81:F4B0:E0M1X1,00F4B0,8D0042,STA,ABS,WRITE,4200,4200,CPU_IO,NO,ROM_SOURCE_STATIC_PROOF_ONLY
81:F4DE:E0M1X1,00F4DE,8D2C21,STA,ABS,WRITE,212C,212C,PPU,NO,ROM_SOURCE_STATIC_PROOF_ONLY
81:F51D:E0M1X1,00F51D,8D0721,STA,ABS,WRITE,2107,2107,PPU,NO,ROM_SOURCE_STATIC_PROOF_ONLY
81:F522:E0M1X1,00F522,8D0821,STA,ABS,WRITE,2108,2108,PPU,NO,ROM_SOURCE_STATIC_PROOF_ONLY
81:F527:E0M1X1,00F527,8D0B21,STA,ABS,WRITE,210B,210B,PPU,NO,ROM_SOURCE_STATIC_PROOF_ONLY
81:F52C:E0M1X1,00F52C,8D0521,STA,ABS,WRITE,2105,2105,PPU,NO,ROM_SOURCE_STATIC_PROOF_ONLY
81:F531:E0M1X1,00F531,8D2C21,STA,ABS,WRITE,212C,212C,PPU,NO,ROM_SOURCE_STATIC_PROOF_ONLY
81:F534:E0M1X1,00F534,9C3121,STZ,ABS,WRITE,2131,2131,PPU,NO,ROM_SOURCE_STATIC_PROOF_ONLY
81:F650:E0M1X1,00F650,9C3021,STZ,ABS,WRITE,2130,2130,PPU,NO,ROM_SOURCE_STATIC_PROOF_ONLY
81:F658:E0M1X1,00F658,8D3221,STA,ABS,WRITE,2132,2132,PPU,NO,ROM_SOURCE_STATIC_PROOF_ONLY
81:F65D:E0M1X1,00F65D,8D3121,STA,ABS,WRITE,2131,2131,PPU,NO,ROM_SOURCE_STATIC_PROOF_ONLY
81:F66E:E0M1X1,00F66E,8D3221,STA,ABS,WRITE,2132,2132,PPU,NO,ROM_SOURCE_STATIC_PROOF_ONLY
81:F67B:E0M0X1,00F67B,8D1621,STA,ABS,WRITE,2116,2116,PPU,NO,ROM_SOURCE_STATIC_PROOF_ONLY
81:F681:E0M0X1,00F681,8D0243,STA,ABS,WRITE,4302,4302,DMA_HDMA,NO,ROM_SOURCE_STATIC_PROOF_ONLY
81:F687:E0M0X1,00F687,8D0543,STA,ABS,WRITE,4305,4305,DMA_HDMA,NO,ROM_SOURCE_STATIC_PROOF_ONLY
81:F68E:E0M1X1,00F68E,8D0043,STA,ABS,WRITE,4300,4300,DMA_HDMA,NO,ROM_SOURCE_STATIC_PROOF_ONLY
81:F693:E0M1X1,00F693,8D0143,STA,ABS,WRITE,4301,4301,DMA_HDMA,NO,ROM_SOURCE_STATIC_PROOF_ONLY
81:F698:E0M1X1,00F698,8D0443,STA,ABS,WRITE,4304,4304,DMA_HDMA,NO,ROM_SOURCE_STATIC_PROOF_ONLY
81:F86D:E0M1X1,00F86D,8D0B42,STA,ABS,WRITE,420B,420B,CPU_IO,NO,ROM_SOURCE_STATIC_PROOF_ONLY
81:F8BF:E0M1X1,00F8BF,8D0721,STA,ABS,WRITE,2107,2107,PPU,NO,ROM_SOURCE_STATIC_PROOF_ONLY
81:F8C4:E0M1X1,00F8C4,8D0921,STA,ABS,WRITE,2109,2109,PPU,NO,ROM_SOURCE_STATIC_PROOF_ONLY
81:F8C9:E0M1X1,00F8C9,8D2C21,STA,ABS,WRITE,212C,212C,PPU,NO,ROM_SOURCE_STATIC_PROOF_ONLY
81:F93C:E0M1X1,00F93C,8D0942,STA,ABS,WRITE,4209,4209,CPU_IO,NO,ROM_SOURCE_STATIC_PROOF_ONLY
81:F93F:E0M1X1,00F93F,9C0A42,STZ,ABS,WRITE,420A,420A,CPU_IO,NO,ROM_SOURCE_STATIC_PROOF_ONLY
81:F944:E0M1X1,00F944,8D0042,STA,ABS,WRITE,4200,4200,CPU_IO,NO,ROM_SOURCE_STATIC_PROOF_ONLY
81:F98F:E0M1X1,00F98F,8D0921,STA,ABS,WRITE,2109,2109,PPU,NO,ROM_SOURCE_STATIC_PROOF_ONLY
81:FE85:E0M1X1,00FE85,8D0942,STA,ABS,WRITE,4209,4209,CPU_IO,NO,ROM_SOURCE_STATIC_PROOF_ONLY
81:FE88:E0M1X1,00FE88,9C0A42,STZ,ABS,WRITE,420A,420A,CPU_IO,NO,ROM_SOURCE_STATIC_PROOF_ONLY
81:FE8E:E0M1X1,00FE8E,8D0D21,STA,ABS,WRITE,210D,210D,PPU,NO,ROM_SOURCE_STATIC_PROOF_ONLY
81:FE94:E0M1X1,00FE94,8D0D21,STA,ABS,WRITE,210D,210D,PPU,NO,ROM_SOURCE_STATIC_PROOF_ONLY
81:FE9A:E0M1X1,00FE9A,8D1121,STA,ABS,WRITE,2111,2111,PPU,NO,ROM_SOURCE_STATIC_PROOF_ONLY
81:FEA0:E0M1X1,00FEA0,8D1121,STA,ABS,WRITE,2111,2111,PPU,NO,ROM_SOURCE_STATIC_PROOF_ONLY
92:A6E1:E0M1X1,0926E1,8D1B21,STA,ABS,WRITE,211B,211B,PPU,NO,ROM_SOURCE_STATIC_PROOF_ONLY
92:A6E5:E0M1X1,0926E5,8D1B21,STA,ABS,WRITE,211B,211B,PPU,NO,ROM_SOURCE_STATIC_PROOF_ONLY
92:A6E8:E0M1X1,0926E8,8E1C21,STX,ABS,WRITE,211C,211C,PPU,NO,ROM_SOURCE_STATIC_PROOF_ONLY
92:A6ED:E0M0X0,0926ED,AD3421,LDA,ABS,READ,2134,2134,PPU,NO,ROM_SOURCE_STATIC_PROOF_ONLY
92:ED71:E0M1X1,096D71,8D0021,STA,ABS,WRITE,2100,2100,PPU,NO,ROM_SOURCE_STATIC_PROOF_ONLY
92:EDB8:E0M1X1,096DB8,8D2321,STA,ABS,WRITE,2123,2123,PPU,NO,ROM_SOURCE_STATIC_PROOF_ONLY
92:EDBB:E0M1X1,096DBB,8D2421,STA,ABS,WRITE,2124,2124,PPU,NO,ROM_SOURCE_STATIC_PROOF_ONLY
92:EDBE:E0M1X1,096DBE,8D2521,STA,ABS,WRITE,2125,2125,PPU,NO,ROM_SOURCE_STATIC_PROOF_ONLY
92:EDC3:E0M1X1,096DC3,8D2E21,STA,ABS,WRITE,212E,212E,PPU,NO,ROM_SOURCE_STATIC_PROOF_ONLY
92:EDC8:E0M1X1,096DC8,8D2F21,STA,ABS,WRITE,212F,212F,PPU,NO,ROM_SOURCE_STATIC_PROOF_ONLY
92:EDCB:E0M1X1,096DCB,9C0C42,STZ,ABS,WRITE,420C,420C,CPU_IO,NO,ROM_SOURCE_STATIC_PROOF_ONLY
92:EDD0:E0M1X1,096DD0,8D7043,STA,ABS,WRITE,4370,4370,DMA_HDMA,NO,ROM_SOURCE_STATIC_PROOF_ONLY
92:EDD5:E0M1X1,096DD5,8D7143,STA,ABS,WRITE,4371,4371,DMA_HDMA,NO,ROM_SOURCE_STATIC_PROOF_ONLY
92:EDDA:E0M1X1,096DDA,8D7243,STA,ABS,WRITE,4372,4372,DMA_HDMA,NO,ROM_SOURCE_STATIC_PROOF_ONLY
92:EDDF:E0M1X1,096DDF,8D7343,STA,ABS,WRITE,4373,4373,DMA_HDMA,NO,ROM_SOURCE_STATIC_PROOF_ONLY
92:EDE4:E0M1X1,096DE4,8D7443,STA,ABS,WRITE,4374,4374,DMA_HDMA,NO,ROM_SOURCE_STATIC_PROOF_ONLY
92:EDE9:E0M1X1,096DE9,8D0C42,STA,ABS,WRITE,420C,420C,CPU_IO,NO,ROM_SOURCE_STATIC_PROOF_ONLY
92:EDEE:E0M1X1,096DEE,8D0021,STA,ABS,WRITE,2100,2100,PPU,NO,ROM_SOURCE_STATIC_PROOF_ONLY
92:EE9A:E0M0X0,096E9A,8D7243,STA,ABS,WRITE,4372,4372,DMA_HDMA,NO,ROM_SOURCE_STATIC_PROOF_ONLY
92:EEB0:E0M1X1,096EB0,9C0C42,STZ,ABS,WRITE,420C,420C,CPU_IO,NO,ROM_SOURCE_STATIC_PROOF_ONLY
92:EEB3:E0M1X1,096EB3,9C2E21,STZ,ABS,WRITE,212E,212E,PPU,NO,ROM_SOURCE_STATIC_PROOF_ONLY
92:EEB6:E0M1X1,096EB6,9C2F21,STZ,ABS,WRITE,212F,212F,PPU,NO,ROM_SOURCE_STATIC_PROOF_ONLY
92:EEF1:E0M1X0,096EF1,AD1242,LDA,ABS,READ,4212,4212,CPU_IO,NO,ROM_SOURCE_STATIC_PROOF_ONLY
92:EEF1:E0M1X1,096EF1,AD1242,LDA,ABS,READ,4212,4212,CPU_IO,NO,ROM_SOURCE_STATIC_PROOF_ONLY
92:EF77:E0M1X1,096F77,8D0D42,STA,ABS,WRITE,420D,420D,CPU_IO,NO,ROM_SOURCE_STATIC_PROOF_ONLY
92:EF7C:E0M1X1,096F7C,8D0021,STA,ABS,WRITE,2100,2100,PPU,NO,ROM_SOURCE_STATIC_PROOF_ONLY
92:EF81:E0M1X1,096F81,9E0121,STZ,ABS_X,WRITE,2101,2101,PPU,YES,ROM_SOURCE_STATIC_PROOF_ONLY
92:EF89:E0M1X1,096F89,9E0D21,STZ,ABS_X,WRITE,210D,210D,PPU,YES,ROM_SOURCE_STATIC_PROOF_ONLY
92:EF8C:E0M1X1,096F8C,9E0D21,STZ,ABS_X,WRITE,210D,210D,PPU,YES,ROM_SOURCE_STATIC_PROOF_ONLY
92:EF94:E0M1X1,096F94,8D1521,STA,ABS,WRITE,2115,2115,PPU,NO,ROM_SOURCE_STATIC_PROOF_ONLY
92:EF99:E0M1X1,096F99,9E1621,STZ,ABS_X,WRITE,2116,2116,PPU,YES,ROM_SOURCE_STATIC_PROOF_ONLY
92:EF9F:E0M1X1,096F9F,9C1B21,STZ,ABS,WRITE,211B,211B,PPU,NO,ROM_SOURCE_STATIC_PROOF_ONLY
92:EFA4:E0M1X1,096FA4,8D1B21,STA,ABS,WRITE,211B,211B,PPU,NO,ROM_SOURCE_STATIC_PROOF_ONLY
92:EFA7:E0M1X1,096FA7,9C1C21,STZ,ABS,WRITE,211C,211C,PPU,NO,ROM_SOURCE_STATIC_PROOF_ONLY
92:EFAA:E0M1X1,096FAA,9C1C21,STZ,ABS,WRITE,211C,211C,PPU,NO,ROM_SOURCE_STATIC_PROOF_ONLY
92:EFAD:E0M1X1,096FAD,9C1D21,STZ,ABS,WRITE,211D,211D,PPU,NO,ROM_SOURCE_STATIC_PROOF_ONLY
92:EFB0:E0M1X1,096FB0,9C1D21,STZ,ABS,WRITE,211D,211D,PPU,NO,ROM_SOURCE_STATIC_PROOF_ONLY
92:EFB3:E0M1X1,096FB3,9C1E21,STZ,ABS,WRITE,211E,211E,PPU,NO,ROM_SOURCE_STATIC_PROOF_ONLY
92:EFB8:E0M1X1,096FB8,8D1E21,STA,ABS,WRITE,211E,211E,PPU,NO,ROM_SOURCE_STATIC_PROOF_ONLY
92:EFBB:E0M1X1,096FBB,9C1F21,STZ,ABS,WRITE,211F,211F,PPU,NO,ROM_SOURCE_STATIC_PROOF_ONLY
92:EFBE:E0M1X1,096FBE,9C1F21,STZ,ABS,WRITE,211F,211F,PPU,NO,ROM_SOURCE_STATIC_PROOF_ONLY
92:EFC1:E0M1X1,096FC1,9C2021,STZ,ABS,WRITE,2120,2120,PPU,NO,ROM_SOURCE_STATIC_PROOF_ONLY
92:EFC4:E0M1X1,096FC4,9C2021,STZ,ABS,WRITE,2120,2120,PPU,NO,ROM_SOURCE_STATIC_PROOF_ONLY
92:EFC9:E0M1X1,096FC9,9E2121,STZ,ABS_X,WRITE,2121,2121,PPU,YES,ROM_SOURCE_STATIC_PROOF_ONLY
92:EFD1:E0M1X1,096FD1,8D3021,STA,ABS,WRITE,2130,2130,PPU,NO,ROM_SOURCE_STATIC_PROOF_ONLY
92:EFD4:E0M1X1,096FD4,9C3121,STZ,ABS,WRITE,2131,2131,PPU,NO,ROM_SOURCE_STATIC_PROOF_ONLY
92:EFD9:E0M1X1,096FD9,8D3221,STA,ABS,WRITE,2132,2132,PPU,NO,ROM_SOURCE_STATIC_PROOF_ONLY
92:EFDC:E0M1X1,096FDC,9C3321,STZ,ABS,WRITE,2133,2133,PPU,NO,ROM_SOURCE_STATIC_PROOF_ONLY
92:EFDF:E0M1X1,096FDF,9C0042,STZ,ABS,WRITE,4200,4200,CPU_IO,NO,ROM_SOURCE_STATIC_PROOF_ONLY
92:EFE4:E0M1X1,096FE4,8D0142,STA,ABS,WRITE,4201,4201,CPU_IO,NO,ROM_SOURCE_STATIC_PROOF_ONLY
92:EFE9:E0M1X1,096FE9,9E0242,STZ,ABS_X,WRITE,4202,4202,CPU_IO,YES,ROM_SOURCE_STATIC_PROOF_ONLY
92:F079:E0M1X1,097079,AD3F21,LDA,ABS,READ,213F,213F,PPU,NO,ROM_SOURCE_STATIC_PROOF_ONLY
92:F10E:E0M1X1,09710E,9C0C42,STZ,ABS,WRITE,420C,420C,CPU_IO,NO,ROM_SOURCE_STATIC_PROOF_ONLY
92:F12D:E0M1X1,09712D,9C0042,STZ,ABS,WRITE,4200,4200,CPU_IO,NO,ROM_SOURCE_STATIC_PROOF_ONLY
92:F271:E0M1X1,097271,8D2321,STA,ABS,WRITE,2123,2123,PPU,NO,ROM_SOURCE_STATIC_PROOF_ONLY
92:F274:E0M1X1,097274,8D2421,STA,ABS,WRITE,2124,2124,PPU,NO,ROM_SOURCE_STATIC_PROOF_ONLY
92:F277:E0M1X1,097277,8D2521,STA,ABS,WRITE,2125,2125,PPU,NO,ROM_SOURCE_STATIC_PROOF_ONLY
92:F27C:E0M1X1,09727C,8D2E21,STA,ABS,WRITE,212E,212E,PPU,NO,ROM_SOURCE_STATIC_PROOF_ONLY
92:F281:E0M1X1,097281,8D2F21,STA,ABS,WRITE,212F,212F,PPU,NO,ROM_SOURCE_STATIC_PROOF_ONLY
92:F284:E0M1X1,097284,9C0C42,STZ,ABS,WRITE,420C,420C,CPU_IO,NO,ROM_SOURCE_STATIC_PROOF_ONLY
92:F289:E0M1X1,097289,8D6043,STA,ABS,WRITE,4360,4360,DMA_HDMA,NO,ROM_SOURCE_STATIC_PROOF_ONLY
92:F28E:E0M1X1,09728E,8D6143,STA,ABS,WRITE,4361,4361,DMA_HDMA,NO,ROM_SOURCE_STATIC_PROOF_ONLY
92:F296:E0M0X1,097296,8D6243,STA,ABS,WRITE,4362,4362,DMA_HDMA,NO,ROM_SOURCE_STATIC_PROOF_ONLY
92:F29D:E0M1X1,09729D,8D6443,STA,ABS,WRITE,4364,4364,DMA_HDMA,NO,ROM_SOURCE_STATIC_PROOF_ONLY
92:F2A2:E0M1X1,0972A2,8D0C42,STA,ABS,WRITE,420C,420C,CPU_IO,NO,ROM_SOURCE_STATIC_PROOF_ONLY
92:F4F8:E0M0X0,0974F8,8D1521,STA,ABS,WRITE,2115,2115,PPU,NO,ROM_SOURCE_STATIC_PROOF_ONLY
92:F50A:E0M0X0,09750A,8D1621,STA,ABS,WRITE,2116,2116,PPU,NO,ROM_SOURCE_STATIC_PROOF_ONLY
92:F50D:E0M0X0,09750D,AC3921,LDY,ABS,READ,2139,2139,PPU,NO,ROM_SOURCE_STATIC_PROOF_ONLY
92:F51A:E0M0X0,09751A,8D1621,STA,ABS,WRITE,2116,2116,PPU,NO,ROM_SOURCE_STATIC_PROOF_ONLY
92:F520:E0M0X0,097520,8D1821,STA,ABS,WRITE,2118,2118,PPU,NO,ROM_SOURCE_STATIC_PROOF_ONLY
92:F540:E0M0X0,097540,8D1621,STA,ABS,WRITE,2116,2116,PPU,NO,ROM_SOURCE_STATIC_PROOF_ONLY
92:F543:E0M0X0,097543,AC3921,LDY,ABS,READ,2139,2139,PPU,NO,ROM_SOURCE_STATIC_PROOF_ONLY
92:F54B:E0M0X0,09754B,8D1621,STA,ABS,WRITE,2116,2116,PPU,NO,ROM_SOURCE_STATIC_PROOF_ONLY
92:F551:E0M0X0,097551,8D1821,STA,ABS,WRITE,2118,2118,PPU,NO,ROM_SOURCE_STATIC_PROOF_ONLY
9F:F66E:E0M1X1,0FF66E,9C0042,STZ,ABS,WRITE,4200,4200,CPU_IO,NO,ROM_SOURCE_STATIC_PROOF_ONLY
9F:F71D:E0M1X1,0FF71D,8D2C21,STA,ABS,WRITE,212C,212C,PPU,NO,ROM_SOURCE_STATIC_PROOF_ONLY
9F:F722:E0M1X1,0FF722,8D0721,STA,ABS,WRITE,2107,2107,PPU,NO,ROM_SOURCE_STATIC_PROOF_ONLY
9F:F727:E0M1X1,0FF727,8D0C21,STA,ABS,WRITE,210C,210C,PPU,NO,ROM_SOURCE_STATIC_PROOF_ONLY
9F:F7F0:E0M1X1,0FF7F0,8D0721,STA,ABS,WRITE,2107,2107,PPU,NO,ROM_SOURCE_STATIC_PROOF_ONLY
9F:F880:E0M1X0,0FF880,8D0721,STA,ABS,WRITE,2107,2107,PPU,NO,ROM_SOURCE_STATIC_PROOF_ONLY
9F:FA2E:E0M1X0,0FFA2E,8D0721,STA,ABS,WRITE,2107,2107,PPU,NO,ROM_SOURCE_STATIC_PROOF_ONLY
9F:FAA4:E0M1X1,0FFAA4,8D0521,STA,ABS,WRITE,2105,2105,PPU,NO,ROM_SOURCE_STATIC_PROOF_ONLY
9F:FAA9:E0M1X1,0FFAA9,8D2C21,STA,ABS,WRITE,212C,212C,PPU,NO,ROM_SOURCE_STATIC_PROOF_ONLY
9F:FAAE:E0M1X1,0FFAAE,8D0721,STA,ABS,WRITE,2107,2107,PPU,NO,ROM_SOURCE_STATIC_PROOF_ONLY
9F:FAB3:E0M1X1,0FFAB3,8D0821,STA,ABS,WRITE,2108,2108,PPU,NO,ROM_SOURCE_STATIC_PROOF_ONLY
9F:FAB8:E0M1X1,0FFAB8,8D0921,STA,ABS,WRITE,2109,2109,PPU,NO,ROM_SOURCE_STATIC_PROOF_ONLY
9F:FABD:E0M1X1,0FFABD,8D0B21,STA,ABS,WRITE,210B,210B,PPU,NO,ROM_SOURCE_STATIC_PROOF_ONLY
9F:FC43:E0M1X1,0FFC43,8D0D21,STA,ABS,WRITE,210D,210D,PPU,NO,ROM_SOURCE_STATIC_PROOF_ONLY
9F:FC48:E0M1X1,0FFC48,8D0D21,STA,ABS,WRITE,210D,210D,PPU,NO,ROM_SOURCE_STATIC_PROOF_ONLY
9F:FC4D:E0M1X1,0FFC4D,8D0E21,STA,ABS,WRITE,210E,210E,PPU,NO,ROM_SOURCE_STATIC_PROOF_ONLY
9F:FC52:E0M1X1,0FFC52,8D0E21,STA,ABS,WRITE,210E,210E,PPU,NO,ROM_SOURCE_STATIC_PROOF_ONLY
9F:FC57:E0M1X1,0FFC57,8D0F21,STA,ABS,WRITE,210F,210F,PPU,NO,ROM_SOURCE_STATIC_PROOF_ONLY
9F:FC5C:E0M1X1,0FFC5C,8D0F21,STA,ABS,WRITE,210F,210F,PPU,NO,ROM_SOURCE_STATIC_PROOF_ONLY
9F:FC61:E0M1X1,0FFC61,8D1021,STA,ABS,WRITE,2110,2110,PPU,NO,ROM_SOURCE_STATIC_PROOF_ONLY
9F:FC66:E0M1X1,0FFC66,8D1021,STA,ABS,WRITE,2110,2110,PPU,NO,ROM_SOURCE_STATIC_PROOF_ONLY
9F:FC76:E0M1X1,0FFC76,8D2321,STA,ABS,WRITE,2123,2123,PPU,NO,ROM_SOURCE_STATIC_PROOF_ONLY
9F:FC79:E0M1X1,0FFC79,8D2421,STA,ABS,WRITE,2124,2124,PPU,NO,ROM_SOURCE_STATIC_PROOF_ONLY
9F:FC7C:E0M1X1,0FFC7C,8D2521,STA,ABS,WRITE,2125,2125,PPU,NO,ROM_SOURCE_STATIC_PROOF_ONLY
9F:FC86:E0M1X1,0FFC86,8D0942,STA,ABS,WRITE,4209,4209,CPU_IO,NO,ROM_SOURCE_STATIC_PROOF_ONLY
9F:FC89:E0M1X1,0FFC89,9C0A42,STZ,ABS,WRITE,420A,420A,CPU_IO,NO,ROM_SOURCE_STATIC_PROOF_ONLY
9F:FCB5:E0M1X1,0FFCB5,8D2321,STA,ABS,WRITE,2123,2123,PPU,NO,ROM_SOURCE_STATIC_PROOF_ONLY
9F:FCB8:E0M1X1,0FFCB8,8D2421,STA,ABS,WRITE,2124,2124,PPU,NO,ROM_SOURCE_STATIC_PROOF_ONLY
9F:FCBB:E0M1X1,0FFCBB,8D2521,STA,ABS,WRITE,2125,2125,PPU,NO,ROM_SOURCE_STATIC_PROOF_ONLY
9F:FCC0:E0M1X1,0FFCC0,8D2E21,STA,ABS,WRITE,212E,212E,PPU,NO,ROM_SOURCE_STATIC_PROOF_ONLY
9F:FCC5:E0M1X1,0FFCC5,8D2F21,STA,ABS,WRITE,212F,212F,PPU,NO,ROM_SOURCE_STATIC_PROOF_ONLY
9F:FCCA:E0M1X1,0FFCCA,8D2621,STA,ABS,WRITE,2126,2126,PPU,NO,ROM_SOURCE_STATIC_PROOF_ONLY
9F:FCCF:E0M1X1,0FFCCF,8D2721,STA,ABS,WRITE,2127,2127,PPU,NO,ROM_SOURCE_STATIC_PROOF_ONLY
9F:FCD9:E0M1X1,0FFCD9,8D0942,STA,ABS,WRITE,4209,4209,CPU_IO,NO,ROM_SOURCE_STATIC_PROOF_ONLY
9F:FCDC:E0M1X1,0FFCDC,9C0A42,STZ,ABS,WRITE,420A,420A,CPU_IO,NO,ROM_SOURCE_STATIC_PROOF_ONLY
9F:FCE7:E0M1X1,0FFCE7,8D0042,STA,ABS,WRITE,4200,4200,CPU_IO,NO,ROM_SOURCE_STATIC_PROOF_ONLY
9F:FCEC:E0M1X1,0FFCEC,9C0042,STZ,ABS,WRITE,4200,4200,CPU_IO,NO,ROM_SOURCE_STATIC_PROOF_ONLY
9F:FCF1:E0M1X1,0FFCF1,AD1242,LDA,ABS,READ,4212,4212,CPU_IO,NO,ROM_SOURCE_STATIC_PROOF_ONLY
9F:FCF8:E0M1X1,0FFCF8,AD1242,LDA,ABS,READ,4212,4212,CPU_IO,NO,ROM_SOURCE_STATIC_PROOF_ONLY
9F:FD03:E0M1X1,0FFD03,9C2121,STZ,ABS,WRITE,2121,2121,PPU,NO,ROM_SOURCE_STATIC_PROOF_ONLY
9F:FD08:E0M1X1,0FFD08,8D2221,STA,ABS,WRITE,2122,2122,PPU,NO,ROM_SOURCE_STATIC_PROOF_ONLY
9F:FD0D:E0M1X1,0FFD0D,8D2221,STA,ABS,WRITE,2122,2122,PPU,NO,ROM_SOURCE_STATIC_PROOF_ONLY
9F:FD13:E0M1X1,0FFD13,9C2121,STZ,ABS,WRITE,2121,2121,PPU,NO,ROM_SOURCE_STATIC_PROOF_ONLY
9F:FD16:E0M1X1,0FFD16,9C2221,STZ,ABS,WRITE,2122,2122,PPU,NO,ROM_SOURCE_STATIC_PROOF_ONLY
9F:FD19:E0M1X1,0FFD19,9C2221,STZ,ABS,WRITE,2122,2122,PPU,NO,ROM_SOURCE_STATIC_PROOF_ONLY
