Opcode,WDC_Mnemonic,Canonical_Mnemonic,WDC_Mode,Project_Mode,Base_Cycles,Base_Bytes,Source,Source_PDF_SHA256
00,BRK,BRK,s,SIG8,7,2,"W65C816S datasheet Table 5-4, document dated 2024-03-13, PDF page 31",b9177e1b045d2c8a801d1b23619abb4e5b29b88868fa491df7296dbc0b13447e
01,ORA,ORA,"(d,x)",DP_X_IND,6,2,"W65C816S datasheet Table 5-4, document dated 2024-03-13, PDF page 31",b9177e1b045d2c8a801d1b23619abb4e5b29b88868fa491df7296dbc0b13447e
02,COP,COP,s,SIG8,7,2,"W65C816S datasheet Table 5-4, document dated 2024-03-13, PDF page 31",b9177e1b045d2c8a801d1b23619abb4e5b29b88868fa491df7296dbc0b13447e
03,ORA,ORA,"d,s",STACK_REL,4,2,"W65C816S datasheet Table 5-4, document dated 2024-03-13, PDF page 31",b9177e1b045d2c8a801d1b23619abb4e5b29b88868fa491df7296dbc0b13447e
04,TSB,TSB,d,DP,5,2,"W65C816S datasheet Table 5-4, document dated 2024-03-13, PDF page 31",b9177e1b045d2c8a801d1b23619abb4e5b29b88868fa491df7296dbc0b13447e
05,ORA,ORA,d,DP,3,2,"W65C816S datasheet Table 5-4, document dated 2024-03-13, PDF page 31",b9177e1b045d2c8a801d1b23619abb4e5b29b88868fa491df7296dbc0b13447e
06,ASL,ASL,d,DP,5,2,"W65C816S datasheet Table 5-4, document dated 2024-03-13, PDF page 31",b9177e1b045d2c8a801d1b23619abb4e5b29b88868fa491df7296dbc0b13447e
07,ORA,ORA,[d],DP_IND_LONG,6,2,"W65C816S datasheet Table 5-4, document dated 2024-03-13, PDF page 31",b9177e1b045d2c8a801d1b23619abb4e5b29b88868fa491df7296dbc0b13447e
08,PHP,PHP,s,IMP,3,1,"W65C816S datasheet Table 5-4, document dated 2024-03-13, PDF page 31",b9177e1b045d2c8a801d1b23619abb4e5b29b88868fa491df7296dbc0b13447e
09,ORA,ORA,#,IMM_M,2,2,"W65C816S datasheet Table 5-4, document dated 2024-03-13, PDF page 31",b9177e1b045d2c8a801d1b23619abb4e5b29b88868fa491df7296dbc0b13447e
0A,ASL,ASL,A,ACC,2,1,"W65C816S datasheet Table 5-4, document dated 2024-03-13, PDF page 31",b9177e1b045d2c8a801d1b23619abb4e5b29b88868fa491df7296dbc0b13447e
0B,PHD,PHD,s,IMP,4,1,"W65C816S datasheet Table 5-4, document dated 2024-03-13, PDF page 31",b9177e1b045d2c8a801d1b23619abb4e5b29b88868fa491df7296dbc0b13447e
0C,TSB,TSB,a,ABS,6,3,"W65C816S datasheet Table 5-4, document dated 2024-03-13, PDF page 31",b9177e1b045d2c8a801d1b23619abb4e5b29b88868fa491df7296dbc0b13447e
0D,ORA,ORA,a,ABS,4,3,"W65C816S datasheet Table 5-4, document dated 2024-03-13, PDF page 31",b9177e1b045d2c8a801d1b23619abb4e5b29b88868fa491df7296dbc0b13447e
0E,ASL,ASL,a,ABS,6,3,"W65C816S datasheet Table 5-4, document dated 2024-03-13, PDF page 31",b9177e1b045d2c8a801d1b23619abb4e5b29b88868fa491df7296dbc0b13447e
0F,ORA,ORA,al,ABS_LONG,5,4,"W65C816S datasheet Table 5-4, document dated 2024-03-13, PDF page 31",b9177e1b045d2c8a801d1b23619abb4e5b29b88868fa491df7296dbc0b13447e
10,BPL,BPL,r,REL8,2,2,"W65C816S datasheet Table 5-4, document dated 2024-03-13, PDF page 31",b9177e1b045d2c8a801d1b23619abb4e5b29b88868fa491df7296dbc0b13447e
11,ORA,ORA,"(d),y",DP_IND_Y,5,2,"W65C816S datasheet Table 5-4, document dated 2024-03-13, PDF page 31",b9177e1b045d2c8a801d1b23619abb4e5b29b88868fa491df7296dbc0b13447e
12,ORA,ORA,(d),DP_IND,5,2,"W65C816S datasheet Table 5-4, document dated 2024-03-13, PDF page 31",b9177e1b045d2c8a801d1b23619abb4e5b29b88868fa491df7296dbc0b13447e
13,ORA,ORA,"(d,s),y",STACK_REL_IND_Y,7,2,"W65C816S datasheet Table 5-4, document dated 2024-03-13, PDF page 31",b9177e1b045d2c8a801d1b23619abb4e5b29b88868fa491df7296dbc0b13447e
14,TRB,TRB,d,DP,5,2,"W65C816S datasheet Table 5-4, document dated 2024-03-13, PDF page 31",b9177e1b045d2c8a801d1b23619abb4e5b29b88868fa491df7296dbc0b13447e
15,ORA,ORA,"d,x",DP_X,4,2,"W65C816S datasheet Table 5-4, document dated 2024-03-13, PDF page 31",b9177e1b045d2c8a801d1b23619abb4e5b29b88868fa491df7296dbc0b13447e
16,ASL,ASL,"d,x",DP_X,6,2,"W65C816S datasheet Table 5-4, document dated 2024-03-13, PDF page 31",b9177e1b045d2c8a801d1b23619abb4e5b29b88868fa491df7296dbc0b13447e
17,ORA,ORA,"[d],y",DP_IND_LONG_Y,6,2,"W65C816S datasheet Table 5-4, document dated 2024-03-13, PDF page 31",b9177e1b045d2c8a801d1b23619abb4e5b29b88868fa491df7296dbc0b13447e
18,CLC,CLC,i,IMP,2,1,"W65C816S datasheet Table 5-4, document dated 2024-03-13, PDF page 31",b9177e1b045d2c8a801d1b23619abb4e5b29b88868fa491df7296dbc0b13447e
19,ORA,ORA,"a,y",ABS_Y,4,3,"W65C816S datasheet Table 5-4, document dated 2024-03-13, PDF page 31",b9177e1b045d2c8a801d1b23619abb4e5b29b88868fa491df7296dbc0b13447e
1A,INC,INC,A,ACC,2,1,"W65C816S datasheet Table 5-4, document dated 2024-03-13, PDF page 31",b9177e1b045d2c8a801d1b23619abb4e5b29b88868fa491df7296dbc0b13447e
1B,TCS,TCS,i,IMP,2,1,"W65C816S datasheet Table 5-4, document dated 2024-03-13, PDF page 31",b9177e1b045d2c8a801d1b23619abb4e5b29b88868fa491df7296dbc0b13447e
1C,TRB,TRB,a,ABS,6,3,"W65C816S datasheet Table 5-4, document dated 2024-03-13, PDF page 31",b9177e1b045d2c8a801d1b23619abb4e5b29b88868fa491df7296dbc0b13447e
1D,ORA,ORA,"a,x",ABS_X,4,3,"W65C816S datasheet Table 5-4, document dated 2024-03-13, PDF page 31",b9177e1b045d2c8a801d1b23619abb4e5b29b88868fa491df7296dbc0b13447e
1E,ASL,ASL,"a,x",ABS_X,7,3,"W65C816S datasheet Table 5-4, document dated 2024-03-13, PDF page 31",b9177e1b045d2c8a801d1b23619abb4e5b29b88868fa491df7296dbc0b13447e
1F,ORA,ORA,"al,x",ABS_LONG_X,5,4,"W65C816S datasheet Table 5-4, document dated 2024-03-13, PDF page 31",b9177e1b045d2c8a801d1b23619abb4e5b29b88868fa491df7296dbc0b13447e
20,JSR,JSR,a,ABS_JUMP,6,3,"W65C816S datasheet Table 5-4, document dated 2024-03-13, PDF page 31",b9177e1b045d2c8a801d1b23619abb4e5b29b88868fa491df7296dbc0b13447e
21,AND,AND,"(d,x)",DP_X_IND,6,2,"W65C816S datasheet Table 5-4, document dated 2024-03-13, PDF page 31",b9177e1b045d2c8a801d1b23619abb4e5b29b88868fa491df7296dbc0b13447e
22,JSL,JSL,al,ABSL_JUMP,8,4,"W65C816S datasheet Table 5-4, document dated 2024-03-13, PDF page 31",b9177e1b045d2c8a801d1b23619abb4e5b29b88868fa491df7296dbc0b13447e
23,AND,AND,"d,s",STACK_REL,4,2,"W65C816S datasheet Table 5-4, document dated 2024-03-13, PDF page 31",b9177e1b045d2c8a801d1b23619abb4e5b29b88868fa491df7296dbc0b13447e
24,BIT,BIT,d,DP,3,2,"W65C816S datasheet Table 5-4, document dated 2024-03-13, PDF page 31",b9177e1b045d2c8a801d1b23619abb4e5b29b88868fa491df7296dbc0b13447e
25,AND,AND,d,DP,3,2,"W65C816S datasheet Table 5-4, document dated 2024-03-13, PDF page 31",b9177e1b045d2c8a801d1b23619abb4e5b29b88868fa491df7296dbc0b13447e
26,ROL,ROL,d,DP,5,2,"W65C816S datasheet Table 5-4, document dated 2024-03-13, PDF page 31",b9177e1b045d2c8a801d1b23619abb4e5b29b88868fa491df7296dbc0b13447e
27,AND,AND,[d],DP_IND_LONG,6,2,"W65C816S datasheet Table 5-4, document dated 2024-03-13, PDF page 31",b9177e1b045d2c8a801d1b23619abb4e5b29b88868fa491df7296dbc0b13447e
28,PLP,PLP,s,IMP,4,1,"W65C816S datasheet Table 5-4, document dated 2024-03-13, PDF page 31",b9177e1b045d2c8a801d1b23619abb4e5b29b88868fa491df7296dbc0b13447e
29,AND,AND,#,IMM_M,2,2,"W65C816S datasheet Table 5-4, document dated 2024-03-13, PDF page 31",b9177e1b045d2c8a801d1b23619abb4e5b29b88868fa491df7296dbc0b13447e
2A,ROL,ROL,A,ACC,2,1,"W65C816S datasheet Table 5-4, document dated 2024-03-13, PDF page 31",b9177e1b045d2c8a801d1b23619abb4e5b29b88868fa491df7296dbc0b13447e
2B,PLD,PLD,s,IMP,5,1,"W65C816S datasheet Table 5-4, document dated 2024-03-13, PDF page 31",b9177e1b045d2c8a801d1b23619abb4e5b29b88868fa491df7296dbc0b13447e
2C,BIT,BIT,a,ABS,4,3,"W65C816S datasheet Table 5-4, document dated 2024-03-13, PDF page 31",b9177e1b045d2c8a801d1b23619abb4e5b29b88868fa491df7296dbc0b13447e
2D,AND,AND,a,ABS,4,3,"W65C816S datasheet Table 5-4, document dated 2024-03-13, PDF page 31",b9177e1b045d2c8a801d1b23619abb4e5b29b88868fa491df7296dbc0b13447e
2E,ROL,ROL,a,ABS,6,3,"W65C816S datasheet Table 5-4, document dated 2024-03-13, PDF page 31",b9177e1b045d2c8a801d1b23619abb4e5b29b88868fa491df7296dbc0b13447e
2F,AND,AND,al,ABS_LONG,5,4,"W65C816S datasheet Table 5-4, document dated 2024-03-13, PDF page 31",b9177e1b045d2c8a801d1b23619abb4e5b29b88868fa491df7296dbc0b13447e
30,BMI,BMI,r,REL8,2,2,"W65C816S datasheet Table 5-4, document dated 2024-03-13, PDF page 31",b9177e1b045d2c8a801d1b23619abb4e5b29b88868fa491df7296dbc0b13447e
31,AND,AND,"(d),y",DP_IND_Y,5,2,"W65C816S datasheet Table 5-4, document dated 2024-03-13, PDF page 31",b9177e1b045d2c8a801d1b23619abb4e5b29b88868fa491df7296dbc0b13447e
32,AND,AND,(d),DP_IND,5,2,"W65C816S datasheet Table 5-4, document dated 2024-03-13, PDF page 31",b9177e1b045d2c8a801d1b23619abb4e5b29b88868fa491df7296dbc0b13447e
33,AND,AND,"(d,s),y",STACK_REL_IND_Y,7,2,"W65C816S datasheet Table 5-4, document dated 2024-03-13, PDF page 31",b9177e1b045d2c8a801d1b23619abb4e5b29b88868fa491df7296dbc0b13447e
34,BIT,BIT,"d,x",DP_X,4,2,"W65C816S datasheet Table 5-4, document dated 2024-03-13, PDF page 31",b9177e1b045d2c8a801d1b23619abb4e5b29b88868fa491df7296dbc0b13447e
35,AND,AND,"d,x",DP_X,4,2,"W65C816S datasheet Table 5-4, document dated 2024-03-13, PDF page 31",b9177e1b045d2c8a801d1b23619abb4e5b29b88868fa491df7296dbc0b13447e
36,ROL,ROL,"d,x",DP_X,6,2,"W65C816S datasheet Table 5-4, document dated 2024-03-13, PDF page 31",b9177e1b045d2c8a801d1b23619abb4e5b29b88868fa491df7296dbc0b13447e
37,AND,AND,"[d],y",DP_IND_LONG_Y,6,2,"W65C816S datasheet Table 5-4, document dated 2024-03-13, PDF page 31",b9177e1b045d2c8a801d1b23619abb4e5b29b88868fa491df7296dbc0b13447e
38,SEC,SEC,i,IMP,2,1,"W65C816S datasheet Table 5-4, document dated 2024-03-13, PDF page 31",b9177e1b045d2c8a801d1b23619abb4e5b29b88868fa491df7296dbc0b13447e
39,AND,AND,"a,y",ABS_Y,4,3,"W65C816S datasheet Table 5-4, document dated 2024-03-13, PDF page 31",b9177e1b045d2c8a801d1b23619abb4e5b29b88868fa491df7296dbc0b13447e
3A,DEC,DEC,A,ACC,2,1,"W65C816S datasheet Table 5-4, document dated 2024-03-13, PDF page 31",b9177e1b045d2c8a801d1b23619abb4e5b29b88868fa491df7296dbc0b13447e
3B,TSC,TSC,i,IMP,2,1,"W65C816S datasheet Table 5-4, document dated 2024-03-13, PDF page 31",b9177e1b045d2c8a801d1b23619abb4e5b29b88868fa491df7296dbc0b13447e
3C,BIT,BIT,"a,x",ABS_X,4,3,"W65C816S datasheet Table 5-4, document dated 2024-03-13, PDF page 31",b9177e1b045d2c8a801d1b23619abb4e5b29b88868fa491df7296dbc0b13447e
3D,AND,AND,"a,x",ABS_X,4,3,"W65C816S datasheet Table 5-4, document dated 2024-03-13, PDF page 31",b9177e1b045d2c8a801d1b23619abb4e5b29b88868fa491df7296dbc0b13447e
3E,ROL,ROL,"a,x",ABS_X,7,3,"W65C816S datasheet Table 5-4, document dated 2024-03-13, PDF page 31",b9177e1b045d2c8a801d1b23619abb4e5b29b88868fa491df7296dbc0b13447e
3F,AND,AND,"al,x",ABS_LONG_X,5,4,"W65C816S datasheet Table 5-4, document dated 2024-03-13, PDF page 31",b9177e1b045d2c8a801d1b23619abb4e5b29b88868fa491df7296dbc0b13447e
40,RTI,RTI,s,IMP,7,1,"W65C816S datasheet Table 5-4, document dated 2024-03-13, PDF page 31",b9177e1b045d2c8a801d1b23619abb4e5b29b88868fa491df7296dbc0b13447e
41,EOR,EOR,"(d,x)",DP_X_IND,6,2,"W65C816S datasheet Table 5-4, document dated 2024-03-13, PDF page 31",b9177e1b045d2c8a801d1b23619abb4e5b29b88868fa491df7296dbc0b13447e
42,WDM,WDM,i,SIG8,2,2,"W65C816S datasheet Table 5-4, document dated 2024-03-13, PDF page 31",b9177e1b045d2c8a801d1b23619abb4e5b29b88868fa491df7296dbc0b13447e
43,EOR,EOR,"d,s",STACK_REL,4,2,"W65C816S datasheet Table 5-4, document dated 2024-03-13, PDF page 31",b9177e1b045d2c8a801d1b23619abb4e5b29b88868fa491df7296dbc0b13447e
44,MVP,MVP,xyc,BLOCK,7,3,"W65C816S datasheet Table 5-4, document dated 2024-03-13, PDF page 31",b9177e1b045d2c8a801d1b23619abb4e5b29b88868fa491df7296dbc0b13447e
45,EOR,EOR,d,DP,3,2,"W65C816S datasheet Table 5-4, document dated 2024-03-13, PDF page 31",b9177e1b045d2c8a801d1b23619abb4e5b29b88868fa491df7296dbc0b13447e
46,LSR,LSR,d,DP,5,2,"W65C816S datasheet Table 5-4, document dated 2024-03-13, PDF page 31",b9177e1b045d2c8a801d1b23619abb4e5b29b88868fa491df7296dbc0b13447e
47,EOR,EOR,[d],DP_IND_LONG,6,2,"W65C816S datasheet Table 5-4, document dated 2024-03-13, PDF page 31",b9177e1b045d2c8a801d1b23619abb4e5b29b88868fa491df7296dbc0b13447e
48,PHA,PHA,s,IMP,3,1,"W65C816S datasheet Table 5-4, document dated 2024-03-13, PDF page 31",b9177e1b045d2c8a801d1b23619abb4e5b29b88868fa491df7296dbc0b13447e
49,EOR,EOR,#,IMM_M,2,2,"W65C816S datasheet Table 5-4, document dated 2024-03-13, PDF page 31",b9177e1b045d2c8a801d1b23619abb4e5b29b88868fa491df7296dbc0b13447e
4A,LSR,LSR,A,ACC,2,1,"W65C816S datasheet Table 5-4, document dated 2024-03-13, PDF page 31",b9177e1b045d2c8a801d1b23619abb4e5b29b88868fa491df7296dbc0b13447e
4B,PHK,PHK,s,IMP,3,1,"W65C816S datasheet Table 5-4, document dated 2024-03-13, PDF page 31",b9177e1b045d2c8a801d1b23619abb4e5b29b88868fa491df7296dbc0b13447e
4C,JMP,JMP,a,ABS_JUMP,3,3,"W65C816S datasheet Table 5-4, document dated 2024-03-13, PDF page 31",b9177e1b045d2c8a801d1b23619abb4e5b29b88868fa491df7296dbc0b13447e
4D,EOR,EOR,a,ABS,4,3,"W65C816S datasheet Table 5-4, document dated 2024-03-13, PDF page 31",b9177e1b045d2c8a801d1b23619abb4e5b29b88868fa491df7296dbc0b13447e
4E,LSR,LSR,a,ABS,6,3,"W65C816S datasheet Table 5-4, document dated 2024-03-13, PDF page 31",b9177e1b045d2c8a801d1b23619abb4e5b29b88868fa491df7296dbc0b13447e
4F,EOR,EOR,al,ABS_LONG,5,4,"W65C816S datasheet Table 5-4, document dated 2024-03-13, PDF page 31",b9177e1b045d2c8a801d1b23619abb4e5b29b88868fa491df7296dbc0b13447e
50,BVC,BVC,r,REL8,2,2,"W65C816S datasheet Table 5-4, document dated 2024-03-13, PDF page 31",b9177e1b045d2c8a801d1b23619abb4e5b29b88868fa491df7296dbc0b13447e
51,EOR,EOR,"(d),y",DP_IND_Y,5,2,"W65C816S datasheet Table 5-4, document dated 2024-03-13, PDF page 31",b9177e1b045d2c8a801d1b23619abb4e5b29b88868fa491df7296dbc0b13447e
52,EOR,EOR,(d),DP_IND,5,2,"W65C816S datasheet Table 5-4, document dated 2024-03-13, PDF page 31",b9177e1b045d2c8a801d1b23619abb4e5b29b88868fa491df7296dbc0b13447e
53,EOR,EOR,"(d,s),y",STACK_REL_IND_Y,7,2,"W65C816S datasheet Table 5-4, document dated 2024-03-13, PDF page 31",b9177e1b045d2c8a801d1b23619abb4e5b29b88868fa491df7296dbc0b13447e
54,MVN,MVN,xyc,BLOCK,7,3,"W65C816S datasheet Table 5-4, document dated 2024-03-13, PDF page 31",b9177e1b045d2c8a801d1b23619abb4e5b29b88868fa491df7296dbc0b13447e
55,EOR,EOR,"d,x",DP_X,4,2,"W65C816S datasheet Table 5-4, document dated 2024-03-13, PDF page 31",b9177e1b045d2c8a801d1b23619abb4e5b29b88868fa491df7296dbc0b13447e
56,LSR,LSR,"d,x",DP_X,6,2,"W65C816S datasheet Table 5-4, document dated 2024-03-13, PDF page 31",b9177e1b045d2c8a801d1b23619abb4e5b29b88868fa491df7296dbc0b13447e
57,EOR,EOR,"[d],y",DP_IND_LONG_Y,6,2,"W65C816S datasheet Table 5-4, document dated 2024-03-13, PDF page 31",b9177e1b045d2c8a801d1b23619abb4e5b29b88868fa491df7296dbc0b13447e
58,CLI,CLI,i,IMP,2,1,"W65C816S datasheet Table 5-4, document dated 2024-03-13, PDF page 31",b9177e1b045d2c8a801d1b23619abb4e5b29b88868fa491df7296dbc0b13447e
59,EOR,EOR,"a,y",ABS_Y,4,3,"W65C816S datasheet Table 5-4, document dated 2024-03-13, PDF page 31",b9177e1b045d2c8a801d1b23619abb4e5b29b88868fa491df7296dbc0b13447e
5A,PHY,PHY,s,IMP,3,1,"W65C816S datasheet Table 5-4, document dated 2024-03-13, PDF page 31",b9177e1b045d2c8a801d1b23619abb4e5b29b88868fa491df7296dbc0b13447e
5B,TCD,TCD,i,IMP,2,1,"W65C816S datasheet Table 5-4, document dated 2024-03-13, PDF page 31",b9177e1b045d2c8a801d1b23619abb4e5b29b88868fa491df7296dbc0b13447e
5C,JMP,JML,al,ABSL_JUMP,4,4,"W65C816S datasheet Table 5-4, document dated 2024-03-13, PDF page 31",b9177e1b045d2c8a801d1b23619abb4e5b29b88868fa491df7296dbc0b13447e
5D,EOR,EOR,"a,x",ABS_X,4,3,"W65C816S datasheet Table 5-4, document dated 2024-03-13, PDF page 31",b9177e1b045d2c8a801d1b23619abb4e5b29b88868fa491df7296dbc0b13447e
5E,LSR,LSR,"a,x",ABS_X,7,3,"W65C816S datasheet Table 5-4, document dated 2024-03-13, PDF page 31",b9177e1b045d2c8a801d1b23619abb4e5b29b88868fa491df7296dbc0b13447e
5F,EOR,EOR,"al,x",ABS_LONG_X,5,4,"W65C816S datasheet Table 5-4, document dated 2024-03-13, PDF page 31",b9177e1b045d2c8a801d1b23619abb4e5b29b88868fa491df7296dbc0b13447e
60,RTS,RTS,s,IMP,6,1,"W65C816S datasheet Table 5-4, document dated 2024-03-13, PDF page 31",b9177e1b045d2c8a801d1b23619abb4e5b29b88868fa491df7296dbc0b13447e
61,ADC,ADC,"(d,x)",DP_X_IND,6,2,"W65C816S datasheet Table 5-4, document dated 2024-03-13, PDF page 31",b9177e1b045d2c8a801d1b23619abb4e5b29b88868fa491df7296dbc0b13447e
62,PER,PER,s,REL16,6,3,"W65C816S datasheet Table 5-4, document dated 2024-03-13, PDF page 31",b9177e1b045d2c8a801d1b23619abb4e5b29b88868fa491df7296dbc0b13447e
63,ADC,ADC,"d,s",STACK_REL,4,2,"W65C816S datasheet Table 5-4, document dated 2024-03-13, PDF page 31",b9177e1b045d2c8a801d1b23619abb4e5b29b88868fa491df7296dbc0b13447e
64,STZ,STZ,d,DP,3,2,"W65C816S datasheet Table 5-4, document dated 2024-03-13, PDF page 31",b9177e1b045d2c8a801d1b23619abb4e5b29b88868fa491df7296dbc0b13447e
65,ADC,ADC,d,DP,3,2,"W65C816S datasheet Table 5-4, document dated 2024-03-13, PDF page 31",b9177e1b045d2c8a801d1b23619abb4e5b29b88868fa491df7296dbc0b13447e
66,ROR,ROR,d,DP,5,2,"W65C816S datasheet Table 5-4, document dated 2024-03-13, PDF page 31",b9177e1b045d2c8a801d1b23619abb4e5b29b88868fa491df7296dbc0b13447e
67,ADC,ADC,[d],DP_IND_LONG,6,2,"W65C816S datasheet Table 5-4, document dated 2024-03-13, PDF page 31",b9177e1b045d2c8a801d1b23619abb4e5b29b88868fa491df7296dbc0b13447e
68,PLA,PLA,s,IMP,4,1,"W65C816S datasheet Table 5-4, document dated 2024-03-13, PDF page 31",b9177e1b045d2c8a801d1b23619abb4e5b29b88868fa491df7296dbc0b13447e
69,ADC,ADC,#,IMM_M,2,2,"W65C816S datasheet Table 5-4, document dated 2024-03-13, PDF page 31",b9177e1b045d2c8a801d1b23619abb4e5b29b88868fa491df7296dbc0b13447e
6A,ROR,ROR,A,ACC,2,1,"W65C816S datasheet Table 5-4, document dated 2024-03-13, PDF page 31",b9177e1b045d2c8a801d1b23619abb4e5b29b88868fa491df7296dbc0b13447e
6B,RTL,RTL,s,IMP,6,1,"W65C816S datasheet Table 5-4, document dated 2024-03-13, PDF page 31",b9177e1b045d2c8a801d1b23619abb4e5b29b88868fa491df7296dbc0b13447e
6C,JMP,JMP,(a),ABS_IND,5,3,"W65C816S datasheet Table 5-4, document dated 2024-03-13, PDF page 31",b9177e1b045d2c8a801d1b23619abb4e5b29b88868fa491df7296dbc0b13447e
6D,ADC,ADC,a,ABS,4,3,"W65C816S datasheet Table 5-4, document dated 2024-03-13, PDF page 31",b9177e1b045d2c8a801d1b23619abb4e5b29b88868fa491df7296dbc0b13447e
6E,ROR,ROR,a,ABS,6,3,"W65C816S datasheet Table 5-4, document dated 2024-03-13, PDF page 31",b9177e1b045d2c8a801d1b23619abb4e5b29b88868fa491df7296dbc0b13447e
6F,ADC,ADC,al,ABS_LONG,5,4,"W65C816S datasheet Table 5-4, document dated 2024-03-13, PDF page 31",b9177e1b045d2c8a801d1b23619abb4e5b29b88868fa491df7296dbc0b13447e
70,BVS,BVS,r,REL8,2,2,"W65C816S datasheet Table 5-4, document dated 2024-03-13, PDF page 31",b9177e1b045d2c8a801d1b23619abb4e5b29b88868fa491df7296dbc0b13447e
71,ADC,ADC,"(d),y",DP_IND_Y,5,2,"W65C816S datasheet Table 5-4, document dated 2024-03-13, PDF page 31",b9177e1b045d2c8a801d1b23619abb4e5b29b88868fa491df7296dbc0b13447e
72,ADC,ADC,(d),DP_IND,5,2,"W65C816S datasheet Table 5-4, document dated 2024-03-13, PDF page 31",b9177e1b045d2c8a801d1b23619abb4e5b29b88868fa491df7296dbc0b13447e
73,ADC,ADC,"(d,s),y",STACK_REL_IND_Y,7,2,"W65C816S datasheet Table 5-4, document dated 2024-03-13, PDF page 31",b9177e1b045d2c8a801d1b23619abb4e5b29b88868fa491df7296dbc0b13447e
74,STZ,STZ,"d,x",DP_X,4,2,"W65C816S datasheet Table 5-4, document dated 2024-03-13, PDF page 31",b9177e1b045d2c8a801d1b23619abb4e5b29b88868fa491df7296dbc0b13447e
75,ADC,ADC,"d,x",DP_X,4,2,"W65C816S datasheet Table 5-4, document dated 2024-03-13, PDF page 31",b9177e1b045d2c8a801d1b23619abb4e5b29b88868fa491df7296dbc0b13447e
76,ROR,ROR,"d,x",DP_X,6,2,"W65C816S datasheet Table 5-4, document dated 2024-03-13, PDF page 31",b9177e1b045d2c8a801d1b23619abb4e5b29b88868fa491df7296dbc0b13447e
77,ADC,ADC,"[d],y",DP_IND_LONG_Y,6,2,"W65C816S datasheet Table 5-4, document dated 2024-03-13, PDF page 31",b9177e1b045d2c8a801d1b23619abb4e5b29b88868fa491df7296dbc0b13447e
78,SEI,SEI,i,IMP,2,1,"W65C816S datasheet Table 5-4, document dated 2024-03-13, PDF page 31",b9177e1b045d2c8a801d1b23619abb4e5b29b88868fa491df7296dbc0b13447e
79,ADC,ADC,"a,y",ABS_Y,4,3,"W65C816S datasheet Table 5-4, document dated 2024-03-13, PDF page 31",b9177e1b045d2c8a801d1b23619abb4e5b29b88868fa491df7296dbc0b13447e
7A,PLY,PLY,s,IMP,4,1,"W65C816S datasheet Table 5-4, document dated 2024-03-13, PDF page 31",b9177e1b045d2c8a801d1b23619abb4e5b29b88868fa491df7296dbc0b13447e
7B,TDC,TDC,i,IMP,2,1,"W65C816S datasheet Table 5-4, document dated 2024-03-13, PDF page 31",b9177e1b045d2c8a801d1b23619abb4e5b29b88868fa491df7296dbc0b13447e
7C,JMP,JMP,"(a,x)",ABS_X_IND,6,3,"W65C816S datasheet Table 5-4, document dated 2024-03-13, PDF page 31",b9177e1b045d2c8a801d1b23619abb4e5b29b88868fa491df7296dbc0b13447e
7D,ADC,ADC,"a,x",ABS_X,4,3,"W65C816S datasheet Table 5-4, document dated 2024-03-13, PDF page 31",b9177e1b045d2c8a801d1b23619abb4e5b29b88868fa491df7296dbc0b13447e
7E,ROR,ROR,"a,x",ABS_X,7,3,"W65C816S datasheet Table 5-4, document dated 2024-03-13, PDF page 31",b9177e1b045d2c8a801d1b23619abb4e5b29b88868fa491df7296dbc0b13447e
7F,ADC,ADC,"al,x",ABS_LONG_X,5,4,"W65C816S datasheet Table 5-4, document dated 2024-03-13, PDF page 31",b9177e1b045d2c8a801d1b23619abb4e5b29b88868fa491df7296dbc0b13447e
80,BRA,BRA,r,REL8,2,2,"W65C816S datasheet Table 5-4, document dated 2024-03-13, PDF page 31",b9177e1b045d2c8a801d1b23619abb4e5b29b88868fa491df7296dbc0b13447e
81,STA,STA,"(d,x)",DP_X_IND,6,2,"W65C816S datasheet Table 5-4, document dated 2024-03-13, PDF page 31",b9177e1b045d2c8a801d1b23619abb4e5b29b88868fa491df7296dbc0b13447e
82,BRL,BRL,rl,REL16,4,3,"W65C816S datasheet Table 5-4, document dated 2024-03-13, PDF page 31",b9177e1b045d2c8a801d1b23619abb4e5b29b88868fa491df7296dbc0b13447e
83,STA,STA,"d,s",STACK_REL,4,2,"W65C816S datasheet Table 5-4, document dated 2024-03-13, PDF page 31",b9177e1b045d2c8a801d1b23619abb4e5b29b88868fa491df7296dbc0b13447e
84,STY,STY,d,DP,3,2,"W65C816S datasheet Table 5-4, document dated 2024-03-13, PDF page 31",b9177e1b045d2c8a801d1b23619abb4e5b29b88868fa491df7296dbc0b13447e
85,STA,STA,d,DP,3,2,"W65C816S datasheet Table 5-4, document dated 2024-03-13, PDF page 31",b9177e1b045d2c8a801d1b23619abb4e5b29b88868fa491df7296dbc0b13447e
86,STX,STX,d,DP,3,2,"W65C816S datasheet Table 5-4, document dated 2024-03-13, PDF page 31",b9177e1b045d2c8a801d1b23619abb4e5b29b88868fa491df7296dbc0b13447e
87,STA,STA,[d],DP_IND_LONG,6,2,"W65C816S datasheet Table 5-4, document dated 2024-03-13, PDF page 31",b9177e1b045d2c8a801d1b23619abb4e5b29b88868fa491df7296dbc0b13447e
88,DEY,DEY,i,IMP,2,1,"W65C816S datasheet Table 5-4, document dated 2024-03-13, PDF page 31",b9177e1b045d2c8a801d1b23619abb4e5b29b88868fa491df7296dbc0b13447e
89,BIT,BIT,#,IMM_M,2,2,"W65C816S datasheet Table 5-4, document dated 2024-03-13, PDF page 31",b9177e1b045d2c8a801d1b23619abb4e5b29b88868fa491df7296dbc0b13447e
8A,TXA,TXA,i,IMP,2,1,"W65C816S datasheet Table 5-4, document dated 2024-03-13, PDF page 31",b9177e1b045d2c8a801d1b23619abb4e5b29b88868fa491df7296dbc0b13447e
8B,PHB,PHB,s,IMP,3,1,"W65C816S datasheet Table 5-4, document dated 2024-03-13, PDF page 31",b9177e1b045d2c8a801d1b23619abb4e5b29b88868fa491df7296dbc0b13447e
8C,STY,STY,a,ABS,4,3,"W65C816S datasheet Table 5-4, document dated 2024-03-13, PDF page 31",b9177e1b045d2c8a801d1b23619abb4e5b29b88868fa491df7296dbc0b13447e
8D,STA,STA,a,ABS,4,3,"W65C816S datasheet Table 5-4, document dated 2024-03-13, PDF page 31",b9177e1b045d2c8a801d1b23619abb4e5b29b88868fa491df7296dbc0b13447e
8E,STX,STX,a,ABS,4,3,"W65C816S datasheet Table 5-4, document dated 2024-03-13, PDF page 31",b9177e1b045d2c8a801d1b23619abb4e5b29b88868fa491df7296dbc0b13447e
8F,STA,STA,al,ABS_LONG,5,4,"W65C816S datasheet Table 5-4, document dated 2024-03-13, PDF page 31",b9177e1b045d2c8a801d1b23619abb4e5b29b88868fa491df7296dbc0b13447e
90,BCC,BCC,r,REL8,2,2,"W65C816S datasheet Table 5-4, document dated 2024-03-13, PDF page 31",b9177e1b045d2c8a801d1b23619abb4e5b29b88868fa491df7296dbc0b13447e
91,STA,STA,"(d),y",DP_IND_Y,6,2,"W65C816S datasheet Table 5-4, document dated 2024-03-13, PDF page 31",b9177e1b045d2c8a801d1b23619abb4e5b29b88868fa491df7296dbc0b13447e
92,STA,STA,(d),DP_IND,5,2,"W65C816S datasheet Table 5-4, document dated 2024-03-13, PDF page 31",b9177e1b045d2c8a801d1b23619abb4e5b29b88868fa491df7296dbc0b13447e
93,STA,STA,"(d,s),y",STACK_REL_IND_Y,7,2,"W65C816S datasheet Table 5-4, document dated 2024-03-13, PDF page 31",b9177e1b045d2c8a801d1b23619abb4e5b29b88868fa491df7296dbc0b13447e
94,STY,STY,"d,x",DP_X,4,2,"W65C816S datasheet Table 5-4, document dated 2024-03-13, PDF page 31",b9177e1b045d2c8a801d1b23619abb4e5b29b88868fa491df7296dbc0b13447e
95,STA,STA,"d,x",DP_X,4,2,"W65C816S datasheet Table 5-4, document dated 2024-03-13, PDF page 31",b9177e1b045d2c8a801d1b23619abb4e5b29b88868fa491df7296dbc0b13447e
96,STX,STX,"d,y",DP_Y,4,2,"W65C816S datasheet Table 5-4, document dated 2024-03-13, PDF page 31",b9177e1b045d2c8a801d1b23619abb4e5b29b88868fa491df7296dbc0b13447e
97,STA,STA,"[d],y",DP_IND_LONG_Y,6,2,"W65C816S datasheet Table 5-4, document dated 2024-03-13, PDF page 31",b9177e1b045d2c8a801d1b23619abb4e5b29b88868fa491df7296dbc0b13447e
98,TYA,TYA,i,IMP,2,1,"W65C816S datasheet Table 5-4, document dated 2024-03-13, PDF page 31",b9177e1b045d2c8a801d1b23619abb4e5b29b88868fa491df7296dbc0b13447e
99,STA,STA,"a,y",ABS_Y,5,3,"W65C816S datasheet Table 5-4, document dated 2024-03-13, PDF page 31",b9177e1b045d2c8a801d1b23619abb4e5b29b88868fa491df7296dbc0b13447e
9A,TXS,TXS,i,IMP,2,1,"W65C816S datasheet Table 5-4, document dated 2024-03-13, PDF page 31",b9177e1b045d2c8a801d1b23619abb4e5b29b88868fa491df7296dbc0b13447e
9B,TXY,TXY,i,IMP,2,1,"W65C816S datasheet Table 5-4, document dated 2024-03-13, PDF page 31",b9177e1b045d2c8a801d1b23619abb4e5b29b88868fa491df7296dbc0b13447e
9C,STZ,STZ,a,ABS,4,3,"W65C816S datasheet Table 5-4, document dated 2024-03-13, PDF page 31",b9177e1b045d2c8a801d1b23619abb4e5b29b88868fa491df7296dbc0b13447e
9D,STA,STA,"a,x",ABS_X,5,3,"W65C816S datasheet Table 5-4, document dated 2024-03-13, PDF page 31",b9177e1b045d2c8a801d1b23619abb4e5b29b88868fa491df7296dbc0b13447e
9E,STZ,STZ,"a,x",ABS_X,5,3,"W65C816S datasheet Table 5-4, document dated 2024-03-13, PDF page 31",b9177e1b045d2c8a801d1b23619abb4e5b29b88868fa491df7296dbc0b13447e
9F,STA,STA,"al,x",ABS_LONG_X,5,4,"W65C816S datasheet Table 5-4, document dated 2024-03-13, PDF page 31",b9177e1b045d2c8a801d1b23619abb4e5b29b88868fa491df7296dbc0b13447e
A0,LDY,LDY,#,IMM_X,2,2,"W65C816S datasheet Table 5-4, document dated 2024-03-13, PDF page 31",b9177e1b045d2c8a801d1b23619abb4e5b29b88868fa491df7296dbc0b13447e
A1,LDA,LDA,"(d,x)",DP_X_IND,6,2,"W65C816S datasheet Table 5-4, document dated 2024-03-13, PDF page 31",b9177e1b045d2c8a801d1b23619abb4e5b29b88868fa491df7296dbc0b13447e
A2,LDX,LDX,#,IMM_X,2,2,"W65C816S datasheet Table 5-4, document dated 2024-03-13, PDF page 31",b9177e1b045d2c8a801d1b23619abb4e5b29b88868fa491df7296dbc0b13447e
A3,LDA,LDA,"d,s",STACK_REL,4,2,"W65C816S datasheet Table 5-4, document dated 2024-03-13, PDF page 31",b9177e1b045d2c8a801d1b23619abb4e5b29b88868fa491df7296dbc0b13447e
A4,LDY,LDY,d,DP,3,2,"W65C816S datasheet Table 5-4, document dated 2024-03-13, PDF page 31",b9177e1b045d2c8a801d1b23619abb4e5b29b88868fa491df7296dbc0b13447e
A5,LDA,LDA,d,DP,3,2,"W65C816S datasheet Table 5-4, document dated 2024-03-13, PDF page 31",b9177e1b045d2c8a801d1b23619abb4e5b29b88868fa491df7296dbc0b13447e
A6,LDX,LDX,d,DP,3,2,"W65C816S datasheet Table 5-4, document dated 2024-03-13, PDF page 31",b9177e1b045d2c8a801d1b23619abb4e5b29b88868fa491df7296dbc0b13447e
A7,LDA,LDA,[d],DP_IND_LONG,6,2,"W65C816S datasheet Table 5-4, document dated 2024-03-13, PDF page 31",b9177e1b045d2c8a801d1b23619abb4e5b29b88868fa491df7296dbc0b13447e
A8,TAY,TAY,i,IMP,2,1,"W65C816S datasheet Table 5-4, document dated 2024-03-13, PDF page 31",b9177e1b045d2c8a801d1b23619abb4e5b29b88868fa491df7296dbc0b13447e
A9,LDA,LDA,#,IMM_M,2,2,"W65C816S datasheet Table 5-4, document dated 2024-03-13, PDF page 31",b9177e1b045d2c8a801d1b23619abb4e5b29b88868fa491df7296dbc0b13447e
AA,TAX,TAX,i,IMP,2,1,"W65C816S datasheet Table 5-4, document dated 2024-03-13, PDF page 31",b9177e1b045d2c8a801d1b23619abb4e5b29b88868fa491df7296dbc0b13447e
AB,PLB,PLB,s,IMP,4,1,"W65C816S datasheet Table 5-4, document dated 2024-03-13, PDF page 31",b9177e1b045d2c8a801d1b23619abb4e5b29b88868fa491df7296dbc0b13447e
AC,LDY,LDY,a,ABS,4,3,"W65C816S datasheet Table 5-4, document dated 2024-03-13, PDF page 31",b9177e1b045d2c8a801d1b23619abb4e5b29b88868fa491df7296dbc0b13447e
AD,LDA,LDA,a,ABS,4,3,"W65C816S datasheet Table 5-4, document dated 2024-03-13, PDF page 31",b9177e1b045d2c8a801d1b23619abb4e5b29b88868fa491df7296dbc0b13447e
AE,LDX,LDX,a,ABS,4,3,"W65C816S datasheet Table 5-4, document dated 2024-03-13, PDF page 31",b9177e1b045d2c8a801d1b23619abb4e5b29b88868fa491df7296dbc0b13447e
AF,LDA,LDA,al,ABS_LONG,5,4,"W65C816S datasheet Table 5-4, document dated 2024-03-13, PDF page 31",b9177e1b045d2c8a801d1b23619abb4e5b29b88868fa491df7296dbc0b13447e
B0,BCS,BCS,r,REL8,2,2,"W65C816S datasheet Table 5-4, document dated 2024-03-13, PDF page 31",b9177e1b045d2c8a801d1b23619abb4e5b29b88868fa491df7296dbc0b13447e
B1,LDA,LDA,"(d),y",DP_IND_Y,5,2,"W65C816S datasheet Table 5-4, document dated 2024-03-13, PDF page 31",b9177e1b045d2c8a801d1b23619abb4e5b29b88868fa491df7296dbc0b13447e
B2,LDA,LDA,(d),DP_IND,5,2,"W65C816S datasheet Table 5-4, document dated 2024-03-13, PDF page 31",b9177e1b045d2c8a801d1b23619abb4e5b29b88868fa491df7296dbc0b13447e
B3,LDA,LDA,"(d,s),y",STACK_REL_IND_Y,7,2,"W65C816S datasheet Table 5-4, document dated 2024-03-13, PDF page 31",b9177e1b045d2c8a801d1b23619abb4e5b29b88868fa491df7296dbc0b13447e
B4,LDY,LDY,"d,x",DP_X,4,2,"W65C816S datasheet Table 5-4, document dated 2024-03-13, PDF page 31",b9177e1b045d2c8a801d1b23619abb4e5b29b88868fa491df7296dbc0b13447e
B5,LDA,LDA,"d,x",DP_X,4,2,"W65C816S datasheet Table 5-4, document dated 2024-03-13, PDF page 31",b9177e1b045d2c8a801d1b23619abb4e5b29b88868fa491df7296dbc0b13447e
B6,LDX,LDX,"d,y",DP_Y,4,2,"W65C816S datasheet Table 5-4, document dated 2024-03-13, PDF page 31",b9177e1b045d2c8a801d1b23619abb4e5b29b88868fa491df7296dbc0b13447e
B7,LDA,LDA,"[d],y",DP_IND_LONG_Y,6,2,"W65C816S datasheet Table 5-4, document dated 2024-03-13, PDF page 31",b9177e1b045d2c8a801d1b23619abb4e5b29b88868fa491df7296dbc0b13447e
B8,CLV,CLV,i,IMP,2,1,"W65C816S datasheet Table 5-4, document dated 2024-03-13, PDF page 31",b9177e1b045d2c8a801d1b23619abb4e5b29b88868fa491df7296dbc0b13447e
B9,LDA,LDA,"a,y",ABS_Y,4,3,"W65C816S datasheet Table 5-4, document dated 2024-03-13, PDF page 31",b9177e1b045d2c8a801d1b23619abb4e5b29b88868fa491df7296dbc0b13447e
BA,TSX,TSX,i,IMP,2,1,"W65C816S datasheet Table 5-4, document dated 2024-03-13, PDF page 31",b9177e1b045d2c8a801d1b23619abb4e5b29b88868fa491df7296dbc0b13447e
BB,TYX,TYX,i,IMP,2,1,"W65C816S datasheet Table 5-4, document dated 2024-03-13, PDF page 31",b9177e1b045d2c8a801d1b23619abb4e5b29b88868fa491df7296dbc0b13447e
BC,LDY,LDY,"a,x",ABS_X,4,3,"W65C816S datasheet Table 5-4, document dated 2024-03-13, PDF page 31",b9177e1b045d2c8a801d1b23619abb4e5b29b88868fa491df7296dbc0b13447e
BD,LDA,LDA,"a,x",ABS_X,4,3,"W65C816S datasheet Table 5-4, document dated 2024-03-13, PDF page 31",b9177e1b045d2c8a801d1b23619abb4e5b29b88868fa491df7296dbc0b13447e
BE,LDX,LDX,"a,y",ABS_Y,4,3,"W65C816S datasheet Table 5-4, document dated 2024-03-13, PDF page 31",b9177e1b045d2c8a801d1b23619abb4e5b29b88868fa491df7296dbc0b13447e
BF,LDA,LDA,"al,x",ABS_LONG_X,5,4,"W65C816S datasheet Table 5-4, document dated 2024-03-13, PDF page 31",b9177e1b045d2c8a801d1b23619abb4e5b29b88868fa491df7296dbc0b13447e
C0,CPY,CPY,#,IMM_X,2,2,"W65C816S datasheet Table 5-4, document dated 2024-03-13, PDF page 31",b9177e1b045d2c8a801d1b23619abb4e5b29b88868fa491df7296dbc0b13447e
C1,CMP,CMP,"(d,x)",DP_X_IND,6,2,"W65C816S datasheet Table 5-4, document dated 2024-03-13, PDF page 31",b9177e1b045d2c8a801d1b23619abb4e5b29b88868fa491df7296dbc0b13447e
C2,REP,REP,#,IMM8,3,2,"W65C816S datasheet Table 5-4, document dated 2024-03-13, PDF page 31",b9177e1b045d2c8a801d1b23619abb4e5b29b88868fa491df7296dbc0b13447e
C3,CMP,CMP,"d,s",STACK_REL,4,2,"W65C816S datasheet Table 5-4, document dated 2024-03-13, PDF page 31",b9177e1b045d2c8a801d1b23619abb4e5b29b88868fa491df7296dbc0b13447e
C4,CPY,CPY,d,DP,3,2,"W65C816S datasheet Table 5-4, document dated 2024-03-13, PDF page 31",b9177e1b045d2c8a801d1b23619abb4e5b29b88868fa491df7296dbc0b13447e
C5,CMP,CMP,d,DP,3,2,"W65C816S datasheet Table 5-4, document dated 2024-03-13, PDF page 31",b9177e1b045d2c8a801d1b23619abb4e5b29b88868fa491df7296dbc0b13447e
C6,DEC,DEC,d,DP,5,2,"W65C816S datasheet Table 5-4, document dated 2024-03-13, PDF page 31",b9177e1b045d2c8a801d1b23619abb4e5b29b88868fa491df7296dbc0b13447e
C7,CMP,CMP,[d],DP_IND_LONG,6,2,"W65C816S datasheet Table 5-4, document dated 2024-03-13, PDF page 31",b9177e1b045d2c8a801d1b23619abb4e5b29b88868fa491df7296dbc0b13447e
C8,INY,INY,i,IMP,2,1,"W65C816S datasheet Table 5-4, document dated 2024-03-13, PDF page 31",b9177e1b045d2c8a801d1b23619abb4e5b29b88868fa491df7296dbc0b13447e
C9,CMP,CMP,#,IMM_M,2,2,"W65C816S datasheet Table 5-4, document dated 2024-03-13, PDF page 31",b9177e1b045d2c8a801d1b23619abb4e5b29b88868fa491df7296dbc0b13447e
CA,DEX,DEX,i,IMP,2,1,"W65C816S datasheet Table 5-4, document dated 2024-03-13, PDF page 31",b9177e1b045d2c8a801d1b23619abb4e5b29b88868fa491df7296dbc0b13447e
CB,WAI,WAI,i,IMP,3,1,"W65C816S datasheet Table 5-4, document dated 2024-03-13, PDF page 31",b9177e1b045d2c8a801d1b23619abb4e5b29b88868fa491df7296dbc0b13447e
CC,CPY,CPY,a,ABS,4,3,"W65C816S datasheet Table 5-4, document dated 2024-03-13, PDF page 31",b9177e1b045d2c8a801d1b23619abb4e5b29b88868fa491df7296dbc0b13447e
CD,CMP,CMP,a,ABS,4,3,"W65C816S datasheet Table 5-4, document dated 2024-03-13, PDF page 31",b9177e1b045d2c8a801d1b23619abb4e5b29b88868fa491df7296dbc0b13447e
CE,DEC,DEC,a,ABS,6,3,"W65C816S datasheet Table 5-4, document dated 2024-03-13, PDF page 31",b9177e1b045d2c8a801d1b23619abb4e5b29b88868fa491df7296dbc0b13447e
CF,CMP,CMP,al,ABS_LONG,5,4,"W65C816S datasheet Table 5-4, document dated 2024-03-13, PDF page 31",b9177e1b045d2c8a801d1b23619abb4e5b29b88868fa491df7296dbc0b13447e
D0,BNE,BNE,r,REL8,2,2,"W65C816S datasheet Table 5-4, document dated 2024-03-13, PDF page 31",b9177e1b045d2c8a801d1b23619abb4e5b29b88868fa491df7296dbc0b13447e
D1,CMP,CMP,"(d),y",DP_IND_Y,5,2,"W65C816S datasheet Table 5-4, document dated 2024-03-13, PDF page 31",b9177e1b045d2c8a801d1b23619abb4e5b29b88868fa491df7296dbc0b13447e
D2,CMP,CMP,(d),DP_IND,5,2,"W65C816S datasheet Table 5-4, document dated 2024-03-13, PDF page 31",b9177e1b045d2c8a801d1b23619abb4e5b29b88868fa491df7296dbc0b13447e
D3,CMP,CMP,"(d,s),y",STACK_REL_IND_Y,7,2,"W65C816S datasheet Table 5-4, document dated 2024-03-13, PDF page 31",b9177e1b045d2c8a801d1b23619abb4e5b29b88868fa491df7296dbc0b13447e
D4,PEI,PEI,s,DP,6,2,"W65C816S datasheet Table 5-4, document dated 2024-03-13, PDF page 31",b9177e1b045d2c8a801d1b23619abb4e5b29b88868fa491df7296dbc0b13447e
D5,CMP,CMP,"d,x",DP_X,4,2,"W65C816S datasheet Table 5-4, document dated 2024-03-13, PDF page 31",b9177e1b045d2c8a801d1b23619abb4e5b29b88868fa491df7296dbc0b13447e
D6,DEC,DEC,"d,x",DP_X,6,2,"W65C816S datasheet Table 5-4, document dated 2024-03-13, PDF page 31",b9177e1b045d2c8a801d1b23619abb4e5b29b88868fa491df7296dbc0b13447e
D7,CMP,CMP,"[d],y",DP_IND_LONG_Y,6,2,"W65C816S datasheet Table 5-4, document dated 2024-03-13, PDF page 31",b9177e1b045d2c8a801d1b23619abb4e5b29b88868fa491df7296dbc0b13447e
D8,CLD,CLD,i,IMP,2,1,"W65C816S datasheet Table 5-4, document dated 2024-03-13, PDF page 31",b9177e1b045d2c8a801d1b23619abb4e5b29b88868fa491df7296dbc0b13447e
D9,CMP,CMP,"a,y",ABS_Y,4,3,"W65C816S datasheet Table 5-4, document dated 2024-03-13, PDF page 31",b9177e1b045d2c8a801d1b23619abb4e5b29b88868fa491df7296dbc0b13447e
DA,PHX,PHX,s,IMP,3,1,"W65C816S datasheet Table 5-4, document dated 2024-03-13, PDF page 31",b9177e1b045d2c8a801d1b23619abb4e5b29b88868fa491df7296dbc0b13447e
DB,STP,STP,i,IMP,3,1,"W65C816S datasheet Table 5-4, document dated 2024-03-13, PDF page 31",b9177e1b045d2c8a801d1b23619abb4e5b29b88868fa491df7296dbc0b13447e
DC,JML,JML,(a),ABS_IND_LONG,6,3,"W65C816S datasheet Table 5-4, document dated 2024-03-13, PDF page 31",b9177e1b045d2c8a801d1b23619abb4e5b29b88868fa491df7296dbc0b13447e
DD,CMP,CMP,"a,x",ABS_X,4,3,"W65C816S datasheet Table 5-4, document dated 2024-03-13, PDF page 31",b9177e1b045d2c8a801d1b23619abb4e5b29b88868fa491df7296dbc0b13447e
DE,DEC,DEC,"a,x",ABS_X,7,3,"W65C816S datasheet Table 5-4, document dated 2024-03-13, PDF page 31",b9177e1b045d2c8a801d1b23619abb4e5b29b88868fa491df7296dbc0b13447e
DF,CMP,CMP,"al,x",ABS_LONG_X,5,4,"W65C816S datasheet Table 5-4, document dated 2024-03-13, PDF page 31",b9177e1b045d2c8a801d1b23619abb4e5b29b88868fa491df7296dbc0b13447e
E0,CPX,CPX,#,IMM_X,2,2,"W65C816S datasheet Table 5-4, document dated 2024-03-13, PDF page 31",b9177e1b045d2c8a801d1b23619abb4e5b29b88868fa491df7296dbc0b13447e
E1,SBC,SBC,"(d,x)",DP_X_IND,6,2,"W65C816S datasheet Table 5-4, document dated 2024-03-13, PDF page 31",b9177e1b045d2c8a801d1b23619abb4e5b29b88868fa491df7296dbc0b13447e
E2,SEP,SEP,#,IMM8,3,2,"W65C816S datasheet Table 5-4, document dated 2024-03-13, PDF page 31",b9177e1b045d2c8a801d1b23619abb4e5b29b88868fa491df7296dbc0b13447e
E3,SBC,SBC,"d,s",STACK_REL,4,2,"W65C816S datasheet Table 5-4, document dated 2024-03-13, PDF page 31",b9177e1b045d2c8a801d1b23619abb4e5b29b88868fa491df7296dbc0b13447e
E4,CPX,CPX,d,DP,3,2,"W65C816S datasheet Table 5-4, document dated 2024-03-13, PDF page 31",b9177e1b045d2c8a801d1b23619abb4e5b29b88868fa491df7296dbc0b13447e
E5,SBC,SBC,d,DP,3,2,"W65C816S datasheet Table 5-4, document dated 2024-03-13, PDF page 31",b9177e1b045d2c8a801d1b23619abb4e5b29b88868fa491df7296dbc0b13447e
E6,INC,INC,d,DP,5,2,"W65C816S datasheet Table 5-4, document dated 2024-03-13, PDF page 31",b9177e1b045d2c8a801d1b23619abb4e5b29b88868fa491df7296dbc0b13447e
E7,SBC,SBC,[d],DP_IND_LONG,6,2,"W65C816S datasheet Table 5-4, document dated 2024-03-13, PDF page 31",b9177e1b045d2c8a801d1b23619abb4e5b29b88868fa491df7296dbc0b13447e
E8,INX,INX,i,IMP,2,1,"W65C816S datasheet Table 5-4, document dated 2024-03-13, PDF page 31",b9177e1b045d2c8a801d1b23619abb4e5b29b88868fa491df7296dbc0b13447e
E9,SBC,SBC,#,IMM_M,2,2,"W65C816S datasheet Table 5-4, document dated 2024-03-13, PDF page 31",b9177e1b045d2c8a801d1b23619abb4e5b29b88868fa491df7296dbc0b13447e
EA,NOP,NOP,i,IMP,2,1,"W65C816S datasheet Table 5-4, document dated 2024-03-13, PDF page 31",b9177e1b045d2c8a801d1b23619abb4e5b29b88868fa491df7296dbc0b13447e
EB,XBA,XBA,i,IMP,3,1,"W65C816S datasheet Table 5-4, document dated 2024-03-13, PDF page 31",b9177e1b045d2c8a801d1b23619abb4e5b29b88868fa491df7296dbc0b13447e
EC,CPX,CPX,a,ABS,4,3,"W65C816S datasheet Table 5-4, document dated 2024-03-13, PDF page 31",b9177e1b045d2c8a801d1b23619abb4e5b29b88868fa491df7296dbc0b13447e
ED,SBC,SBC,a,ABS,4,3,"W65C816S datasheet Table 5-4, document dated 2024-03-13, PDF page 31",b9177e1b045d2c8a801d1b23619abb4e5b29b88868fa491df7296dbc0b13447e
EE,INC,INC,a,ABS,6,3,"W65C816S datasheet Table 5-4, document dated 2024-03-13, PDF page 31",b9177e1b045d2c8a801d1b23619abb4e5b29b88868fa491df7296dbc0b13447e
EF,SBC,SBC,al,ABS_LONG,5,4,"W65C816S datasheet Table 5-4, document dated 2024-03-13, PDF page 31",b9177e1b045d2c8a801d1b23619abb4e5b29b88868fa491df7296dbc0b13447e
F0,BEQ,BEQ,r,REL8,2,2,"W65C816S datasheet Table 5-4, document dated 2024-03-13, PDF page 31",b9177e1b045d2c8a801d1b23619abb4e5b29b88868fa491df7296dbc0b13447e
F1,SBC,SBC,"(d),y",DP_IND_Y,5,2,"W65C816S datasheet Table 5-4, document dated 2024-03-13, PDF page 31",b9177e1b045d2c8a801d1b23619abb4e5b29b88868fa491df7296dbc0b13447e
F2,SBC,SBC,(d),DP_IND,5,2,"W65C816S datasheet Table 5-4, document dated 2024-03-13, PDF page 31",b9177e1b045d2c8a801d1b23619abb4e5b29b88868fa491df7296dbc0b13447e
F3,SBC,SBC,"(d,s),y",STACK_REL_IND_Y,7,2,"W65C816S datasheet Table 5-4, document dated 2024-03-13, PDF page 31",b9177e1b045d2c8a801d1b23619abb4e5b29b88868fa491df7296dbc0b13447e
F4,PEA,PEA,s,IMM16,5,3,"W65C816S datasheet Table 5-4, document dated 2024-03-13, PDF page 31",b9177e1b045d2c8a801d1b23619abb4e5b29b88868fa491df7296dbc0b13447e
F5,SBC,SBC,"d,x",DP_X,4,2,"W65C816S datasheet Table 5-4, document dated 2024-03-13, PDF page 31",b9177e1b045d2c8a801d1b23619abb4e5b29b88868fa491df7296dbc0b13447e
F6,INC,INC,"d,x",DP_X,6,2,"W65C816S datasheet Table 5-4, document dated 2024-03-13, PDF page 31",b9177e1b045d2c8a801d1b23619abb4e5b29b88868fa491df7296dbc0b13447e
F7,SBC,SBC,"[d],y",DP_IND_LONG_Y,6,2,"W65C816S datasheet Table 5-4, document dated 2024-03-13, PDF page 31",b9177e1b045d2c8a801d1b23619abb4e5b29b88868fa491df7296dbc0b13447e
F8,SED,SED,i,IMP,2,1,"W65C816S datasheet Table 5-4, document dated 2024-03-13, PDF page 31",b9177e1b045d2c8a801d1b23619abb4e5b29b88868fa491df7296dbc0b13447e
F9,SBC,SBC,"a,y",ABS_Y,4,3,"W65C816S datasheet Table 5-4, document dated 2024-03-13, PDF page 31",b9177e1b045d2c8a801d1b23619abb4e5b29b88868fa491df7296dbc0b13447e
FA,PLX,PLX,s,IMP,4,1,"W65C816S datasheet Table 5-4, document dated 2024-03-13, PDF page 31",b9177e1b045d2c8a801d1b23619abb4e5b29b88868fa491df7296dbc0b13447e
FB,XCE,XCE,i,IMP,2,1,"W65C816S datasheet Table 5-4, document dated 2024-03-13, PDF page 31",b9177e1b045d2c8a801d1b23619abb4e5b29b88868fa491df7296dbc0b13447e
FC,JSR,JSR,"(a,x)",ABS_X_IND,8,3,"W65C816S datasheet Table 5-4, document dated 2024-03-13, PDF page 31",b9177e1b045d2c8a801d1b23619abb4e5b29b88868fa491df7296dbc0b13447e
FD,SBC,SBC,"a,x",ABS_X,4,3,"W65C816S datasheet Table 5-4, document dated 2024-03-13, PDF page 31",b9177e1b045d2c8a801d1b23619abb4e5b29b88868fa491df7296dbc0b13447e
FE,INC,INC,"a,x",ABS_X,7,3,"W65C816S datasheet Table 5-4, document dated 2024-03-13, PDF page 31",b9177e1b045d2c8a801d1b23619abb4e5b29b88868fa491df7296dbc0b13447e
FF,SBC,SBC,"al,x",ABS_LONG_X,5,4,"W65C816S datasheet Table 5-4, document dated 2024-03-13, PDF page 31",b9177e1b045d2c8a801d1b23619abb4e5b29b88868fa491df7296dbc0b13447e
